{
  "DocumentMetadata": {
    "Pages": 1
  },
  "JobStatus": "SUCCEEDED",
  "Blocks": [
    {
      "BlockType": "PAGE",
      "Geometry": {
        "BoundingBox": {
          "Width": 1,
          "Height": 1,
          "Left": 0,
          "Top": 0
        },
        "Polygon": [
          {
            "X": 0,
            "Y": 5.29444037056237e-7
          },
          {
            "X": 1,
            "Y": 0
          },
          {
            "X": 1,
            "Y": 1
          },
          {
            "X": 0.000002851233602996217,
            "Y": 1
          }
        ]
      },
      "Id": "ba5d8e46-04a3-4eea-8cd2-846df9679f57",
      "Relationships": [
        {
          "Type": "CHILD",
          "Ids": [
            "7f9d14bf-ed65-4947-915c-8a6886a555e2",
            "49cefa14-9cfc-49ea-aa5f-3c40e85781a6",
            "4e944293-6642-426f-9e49-90d2c3c4a5d5",
            "fb2341e3-6435-46f5-a9a5-7df5dfafdec1",
            "c14d673e-e9c0-430e-b50b-ebdf9ad99b7e",
            "b0fb59e9-a37e-4d03-a85d-7e93d2fd3385",
            "a38633db-c706-4dce-92ba-4a7ce094fb0f",
            "e0f4257f-80e7-4f24-9b46-11c0df23197f",
            "a05ce69f-6044-4e06-a11a-0cfb6edbf04a",
            "9ffef233-734b-44ff-bb72-6ed3639fff0c",
            "08257736-2c5b-4f89-aabc-3e5167c320c1",
            "4f92b3c9-1132-4a7c-a70b-dfdaca53e27c",
            "82de2033-d5d5-4c40-b18b-b0436eb6bacc",
            "9fd16644-5a2a-4825-9b47-89165ea84ac9",
            "2227024c-d498-4365-a2ee-e64b124aa444",
            "b40bbfa8-b293-4568-bd6c-86bfea6f4949",
            "5fefd098-9303-4faf-b3c1-59a1e6cf774a",
            "85799373-0263-46b0-add0-06c572b4a888",
            "f2d27b85-8019-45b0-95e9-8fa905a50d39",
            "491d46ef-2a97-4505-afbe-378a49be7105",
            "2f61ab60-b675-4010-98bb-9645c0de50c2",
            "74087ac9-8144-4cc8-92a5-bba866761daa",
            "e257c3bf-9f9e-4669-87ba-c5631a328748",
            "ca8d6813-4caf-4efe-aebc-5244094ffe8a"
          ]
        }
      ],
      "Page": 1
    },
    {
      "BlockType": "LINE",
      "Confidence": 99.66808319091797,
      "Text": "TABLE 3.10.",
      "Geometry": {
        "BoundingBox": {
          "Width": 0.14165917038917542,
          "Height": 0.08444863557815552,
          "Left": 0.4315844476222992,
          "Top": 0.04050416871905327
        },
        "Polygon": [
          {
            "X": 0.4315844476222992,
            "Y": 0.04060574993491173
          },
          {
            "X": 0.573163628578186,
            "Y": 0.04050416871905327
          },
          {
            "X": 0.5732436180114746,
            "Y": 0.12485219538211823
          },
          {
            "X": 0.4316600263118744,
            "Y": 0.12495280057191849
          }
        ]
      },
      "Id": "7f9d14bf-ed65-4947-915c-8a6886a555e2",
      "Relationships": [
        {
          "Type": "CHILD",
          "Ids": [
            "c9d35c9e-06d4-4af9-9d47-d5dc75dcd9d7",
            "a16afc1c-b1af-42e5-a419-03e7033ea40a"
          ]
        }
      ],
      "Page": 1
    },
    {
      "BlockType": "LINE",
      "Confidence": 99.94807434082031,
      "Text": "Predicted Weight and Volume of Rock Used in the Construction of",
      "Geometry": {
        "BoundingBox": {
          "Width": 0.8464309573173523,
          "Height": 0.09766898304224014,
          "Left": 0.08135098963975906,
          "Top": 0.15732349455356598
        },
        "Polygon": [
          {
            "X": 0.08135098963975906,
            "Y": 0.157922625541687
          },
          {
            "X": 0.9276770353317261,
            "Y": 0.15732349455356598
          },
          {
            "X": 0.9277819395065308,
            "Y": 0.2544000446796417
          },
          {
            "X": 0.0814252570271492,
            "Y": 0.2549924850463867
          }
        ]
      },
      "Id": "49cefa14-9cfc-49ea-aa5f-3c40e85781a6",
      "Relationships": [
        {
          "Type": "CHILD",
          "Ids": [
            "f43c84b7-6334-4fa4-abc4-03f5fd5d05d3",
            "d877ab02-63f4-4550-b1f6-79f0354bd9d4",
            "9432798a-0733-4c78-955a-6984248e7932",
            "0f2c402d-62fe-4f0c-a0ae-61cb8d60e8c0",
            "2ae919ef-7ce4-47a8-9e15-65835aa479b3",
            "bbf5d4e3-5ff4-4f4b-9921-c31d35ca7230",
            "80270995-5bf9-4db2-add6-92211c3f7223",
            "df9bab8f-847d-4f74-bf88-b471cac76e12",
            "cd6a9308-cf61-49af-bde1-d7b0192da058",
            "a13540ae-0979-4596-a0e1-a326e89b5561",
            "276d0ffc-3a8f-4440-ad22-781723bffb0b"
          ]
        }
      ],
      "Page": 1
    },
    {
      "BlockType": "LINE",
      "Confidence": 99.79502868652344,
      "Text": "Grasshopper Pueblo",
      "Geometry": {
        "BoundingBox": {
          "Width": 0.25683966279029846,
          "Height": 0.09615646302700043,
          "Left": 0.3742956817150116,
          "Top": 0.2819294333457947
        },
        "Polygon": [
          {
            "X": 0.3742956817150116,
            "Y": 0.2821085751056671
          },
          {
            "X": 0.6310421824455261,
            "Y": 0.2819294333457947
          },
          {
            "X": 0.6311353445053101,
            "Y": 0.37790876626968384
          },
          {
            "X": 0.37437957525253296,
            "Y": 0.3780859112739563
          }
        ]
      },
      "Id": "4e944293-6642-426f-9e49-90d2c3c4a5d5",
      "Relationships": [
        {
          "Type": "CHILD",
          "Ids": [
            "d03c49b9-3daf-4189-b36b-09ca7b4a3aa8",
            "867a6153-d77f-41fa-9b44-410315fd0d7b"
          ]
        }
      ],
      "Page": 1
    },
    {
      "BlockType": "LINE",
      "Confidence": 99.92506408691406,
      "Text": "Site Area",
      "Geometry": {
        "BoundingBox": {
          "Width": 0.10142596065998077,
          "Height": 0.0661977231502533,
          "Left": 0.01894998550415039,
          "Top": 0.41243985295295715
        },
        "Polygon": [
          {
            "X": 0.01894998550415039,
            "Y": 0.4125095307826996
          },
          {
            "X": 0.12032439559698105,
            "Y": 0.41243985295295715
          },
          {
            "X": 0.12037594616413116,
            "Y": 0.47856849431991577
          },
          {
            "X": 0.01899903267621994,
            "Y": 0.47863760590553284
          }
        ]
      },
      "Id": "fb2341e3-6435-46f5-a9a5-7df5dfafdec1",
      "Relationships": [
        {
          "Type": "CHILD",
          "Ids": [
            "4214ebea-288e-4677-a242-44a5bbdf180d",
            "3516b32c-b824-47f9-b0da-fdeb2e50c891"
          ]
        }
      ],
      "Page": 1
    },
    {
      "BlockType": "LINE",
      "Confidence": 99.9272232055664,
      "Text": "Rooms",
      "Geometry": {
        "BoundingBox": {
          "Width": 0.07984299957752228,
          "Height": 0.06487483531236649,
          "Left": 0.41070327162742615,
          "Top": 0.4146531820297241
        },
        "Polygon": [
          {
            "X": 0.41070327162742615,
            "Y": 0.4147079885005951
          },
          {
            "X": 0.4904868006706238,
            "Y": 0.4146531820297241
          },
          {
            "X": 0.4905462861061096,
            "Y": 0.47947362065315247
          },
          {
            "X": 0.4107608199119568,
            "Y": 0.47952800989151
          }
        ]
      },
      "Id": "c14d673e-e9c0-430e-b50b-ebdf9ad99b7e",
      "Relationships": [
        {
          "Type": "CHILD",
          "Ids": [
            "4af1273a-be62-412a-8c44-8e298c5b477e"
          ]
        }
      ],
      "Page": 1
    },
    {
      "BlockType": "LINE",
      "Confidence": 99.74813842773438,
      "Text": "Total kg",
      "Geometry": {
        "BoundingBox": {
          "Width": 0.09230972826480865,
          "Height": 0.08530426025390625,
          "Left": 0.6361374258995056,
          "Top": 0.4139581322669983
        },
        "Polygon": [
          {
            "X": 0.6361374258995056,
            "Y": 0.41402149200439453
          },
          {
            "X": 0.7283613085746765,
            "Y": 0.4139581322669983
          },
          {
            "X": 0.7284471392631531,
            "Y": 0.49919968843460083
          },
          {
            "X": 0.6362202763557434,
            "Y": 0.49926239252090454
          }
        ]
      },
      "Id": "b0fb59e9-a37e-4d03-a85d-7e93d2fd3385",
      "Relationships": [
        {
          "Type": "CHILD",
          "Ids": [
            "a7a5b2af-be3d-4a23-9c4d-ac671deac986",
            "435eb744-02ac-4526-be75-aff32f558bee"
          ]
        }
      ],
      "Page": 1
    },
    {
      "BlockType": "LINE",
      "Confidence": 77.21588134765625,
      "Text": "Total m³",
      "Geometry": {
        "BoundingBox": {
          "Width": 0.09676594287157059,
          "Height": 0.06546851247549057,
          "Left": 0.8861938118934631,
          "Top": 0.41518422961235046
        },
        "Polygon": [
          {
            "X": 0.8861938118934631,
            "Y": 0.41525065898895264
          },
          {
            "X": 0.9828877449035645,
            "Y": 0.41518422961235046
          },
          {
            "X": 0.9829597473144531,
            "Y": 0.48058685660362244
          },
          {
            "X": 0.8862634897232056,
            "Y": 0.48065274953842163
          }
        ]
      },
      "Id": "a38633db-c706-4dce-92ba-4a7ce094fb0f",
      "Relationships": [
        {
          "Type": "CHILD",
          "Ids": [
            "1d5483ac-92f1-48bc-aed6-c5833f26b5c5",
            "45d4550e-d7ec-4dd5-a85e-a3fd75f236b6"
          ]
        }
      ],
      "Page": 1
    },
    {
      "BlockType": "LINE",
      "Confidence": 99.81851959228516,
      "Text": "Core (ground floor)",
      "Geometry": {
        "BoundingBox": {
          "Width": 0.23043854534626007,
          "Height": 0.08961132913827896,
          "Left": 0.018623629584908485,
          "Top": 0.527525007724762
        },
        "Polygon": [
          {
            "X": 0.018623629584908485,
            "Y": 0.5276811122894287
          },
          {
            "X": 0.24898815155029297,
            "Y": 0.527525007724762
          },
          {
            "X": 0.249062180519104,
            "Y": 0.6169819235801697
          },
          {
            "X": 0.018689965829253197,
            "Y": 0.6171363592147827
          }
        ]
      },
      "Id": "e0f4257f-80e7-4f24-9b46-11c0df23197f",
      "Relationships": [
        {
          "Type": "CHILD",
          "Ids": [
            "7e1fce2c-fbc8-433c-a05d-fab2ab1747ec",
            "63b710ae-c8af-4c5a-92b2-547468c2fd7e",
            "5cdeb00c-5615-42e5-b019-dce30750e6ea"
          ]
        }
      ],
      "Page": 1
    },
    {
      "BlockType": "LINE",
      "Confidence": 99.96907043457031,
      "Text": "314",
      "Geometry": {
        "BoundingBox": {
          "Width": 0.04102985933423042,
          "Height": 0.06326594203710556,
          "Left": 0.4297955632209778,
          "Top": 0.5338741540908813
        },
        "Polygon": [
          {
            "X": 0.4297955632209778,
            "Y": 0.5339018702507019
          },
          {
            "X": 0.4707678556442261,
            "Y": 0.5338741540908813
          },
          {
            "X": 0.4708254337310791,
            "Y": 0.5971125364303589
          },
          {
            "X": 0.429852157831192,
            "Y": 0.5971400737762451
          }
        ]
      },
      "Id": "a05ce69f-6044-4e06-a11a-0cfb6edbf04a",
      "Relationships": [
        {
          "Type": "CHILD",
          "Ids": [
            "b72ad155-e33d-41f0-8381-95b2ebc3b361"
          ]
        }
      ],
      "Page": 1
    },
    {
      "BlockType": "LINE",
      "Confidence": 99.76366424560547,
      "Text": "5,506,321",
      "Geometry": {
        "BoundingBox": {
          "Width": 0.10642266273498535,
          "Height": 0.07258065044879913,
          "Left": 0.6274563074111938,
          "Top": 0.5346155762672424
        },
        "Polygon": [
          {
            "X": 0.6274563074111938,
            "Y": 0.5346875786781311
          },
          {
            "X": 0.7338058352470398,
            "Y": 0.5346155762672424
          },
          {
            "X": 0.7338789701461792,
            "Y": 0.6071248650550842
          },
          {
            "X": 0.627526581287384,
            "Y": 0.6071962118148804
          }
        ]
      },
      "Id": "9ffef233-734b-44ff-bb72-6ed3639fff0c",
      "Relationships": [
        {
          "Type": "CHILD",
          "Ids": [
            "a4ca689a-4e8f-41f5-a697-c9bdce378937"
          ]
        }
      ],
      "Page": 1
    },
    {
      "BlockType": "LINE",
      "Confidence": 99.96021270751953,
      "Text": "3208.12",
      "Geometry": {
        "BoundingBox": {
          "Width": 0.08842837065458298,
          "Height": 0.062221068888902664,
          "Left": 0.8900562524795532,
          "Top": 0.5360787510871887
        },
        "Polygon": [
          {
            "X": 0.8900562524795532,
            "Y": 0.5361385345458984
          },
          {
            "X": 0.9784162640571594,
            "Y": 0.5360787510871887
          },
          {
            "X": 0.9784846305847168,
            "Y": 0.5982404351234436
          },
          {
            "X": 0.8901225924491882,
            "Y": 0.5982998013496399
          }
        ]
      },
      "Id": "08257736-2c5b-4f89-aabc-3e5167c320c1",
      "Relationships": [
        {
          "Type": "CHILD",
          "Ids": [
            "ddb006f2-4ae2-4d5a-b0a7-f689f0c8eae1"
          ]
        }
      ],
      "Page": 1
    },
    {
      "BlockType": "LINE",
      "Confidence": 99.8807601928711,
      "Text": "Outliers",
      "Geometry": {
        "BoundingBox": {
          "Width": 0.09334728866815567,
          "Height": 0.06991307437419891,
          "Left": 0.018415963277220726,
          "Top": 0.6271691918373108
        },
        "Polygon": [
          {
            "X": 0.018415963277220726,
            "Y": 0.6272316575050354
          },
          {
            "X": 0.11170902848243713,
            "Y": 0.6271691918373108
          },
          {
            "X": 0.11176325380802155,
            "Y": 0.6970203518867493
          },
          {
            "X": 0.018467754125595093,
            "Y": 0.6970822811126709
          }
        ]
      },
      "Id": "4f92b3c9-1132-4a7c-a70b-dfdaca53e27c",
      "Relationships": [
        {
          "Type": "CHILD",
          "Ids": [
            "a1f801cb-18ab-4a38-9473-e76921f922ec"
          ]
        }
      ],
      "Page": 1
    },
    {
      "BlockType": "LINE",
      "Confidence": 99.91096496582031,
      "Text": "133",
      "Geometry": {
        "BoundingBox": {
          "Width": 0.03777508810162544,
          "Height": 0.061707768589258194,
          "Left": 0.43133655190467834,
          "Top": 0.6345703601837158
        },
        "Polygon": [
          {
            "X": 0.43133655190467834,
            "Y": 0.6345955729484558
          },
          {
            "X": 0.46905553340911865,
            "Y": 0.6345703601837158
          },
          {
            "X": 0.4691116511821747,
            "Y": 0.6962530612945557
          },
          {
            "X": 0.43139180541038513,
            "Y": 0.6962780952453613
          }
        ]
      },
      "Id": "82de2033-d5d5-4c40-b18b-b0436eb6bacc",
      "Relationships": [
        {
          "Type": "CHILD",
          "Ids": [
            "a53f4f7d-0aec-449d-beef-2f26a660928d"
          ]
        }
      ],
      "Page": 1
    },
    {
      "BlockType": "LINE",
      "Confidence": 99.79511260986328,
      "Text": "1,729,500",
      "Geometry": {
        "BoundingBox": {
          "Width": 0.10785001516342163,
          "Height": 0.07160869985818863,
          "Left": 0.6286230087280273,
          "Top": 0.6352708339691162
        },
        "Polygon": [
          {
            "X": 0.6286230087280273,
            "Y": 0.6353428959846497
          },
          {
            "X": 0.736400842666626,
            "Y": 0.6352708339691162
          },
          {
            "X": 0.736473023891449,
            "Y": 0.7068080902099609
          },
          {
            "X": 0.6286923885345459,
            "Y": 0.7068795561790466
          }
        ]
      },
      "Id": "9fd16644-5a2a-4825-9b47-89165ea84ac9",
      "Relationships": [
        {
          "Type": "CHILD",
          "Ids": [
            "6425718a-98e0-4b1e-95be-37ea984551fb"
          ]
        }
      ],
      "Page": 1
    },
    {
      "BlockType": "LINE",
      "Confidence": 99.94821166992188,
      "Text": "1007.65",
      "Geometry": {
        "BoundingBox": {
          "Width": 0.08769366890192032,
          "Height": 0.06110209971666336,
          "Left": 0.8894396424293518,
          "Top": 0.63711017370224
        },
        "Polygon": [
          {
            "X": 0.8894396424293518,
            "Y": 0.637168824672699
          },
          {
            "X": 0.9770662188529968,
            "Y": 0.63711017370224
          },
          {
            "X": 0.9771333336830139,
            "Y": 0.6981541514396667
          },
          {
            "X": 0.8895047307014465,
            "Y": 0.6982123255729675
          }
        ]
      },
      "Id": "2227024c-d498-4365-a2ee-e64b124aa444",
      "Relationships": [
        {
          "Type": "CHILD",
          "Ids": [
            "1653b377-058e-4eaa-b345-cdb3ac2c6836"
          ]
        }
      ],
      "Page": 1
    },
    {
      "BlockType": "LINE",
      "Confidence": 99.96585083007812,
      "Text": "2d story",
      "Geometry": {
        "BoundingBox": {
          "Width": 0.09385130554437637,
          "Height": 0.08606178313493729,
          "Left": 0.018227048218250275,
          "Top": 0.7271641492843628
        },
        "Polygon": [
          {
            "X": 0.018227048218250275,
            "Y": 0.727226197719574
          },
          {
            "X": 0.11201158910989761,
            "Y": 0.7271641492843628
          },
          {
            "X": 0.11207835376262665,
            "Y": 0.8131645917892456
          },
          {
            "X": 0.018290802836418152,
            "Y": 0.8132259845733643
          }
        ]
      },
      "Id": "b40bbfa8-b293-4568-bd6c-86bfea6f4949",
      "Relationships": [
        {
          "Type": "CHILD",
          "Ids": [
            "58f941f2-b82b-440e-8fb5-54a3aa34bf8a",
            "49fc16c0-1ac7-446c-9bb0-4b77fb318a1a"
          ]
        }
      ],
      "Page": 1
    },
    {
      "BlockType": "LINE",
      "Confidence": 99.96356964111328,
      "Text": "68",
      "Geometry": {
        "BoundingBox": {
          "Width": 0.027449781075119972,
          "Height": 0.06396320462226868,
          "Left": 0.4420946538448334,
          "Top": 0.7329787015914917
        },
        "Polygon": [
          {
            "X": 0.4420946538448334,
            "Y": 0.7329968214035034
          },
          {
            "X": 0.469486266374588,
            "Y": 0.7329787015914917
          },
          {
            "X": 0.4695444405078888,
            "Y": 0.7969239354133606
          },
          {
            "X": 0.4421521723270416,
            "Y": 0.796941876411438
          }
        ]
      },
      "Id": "5fefd098-9303-4faf-b3c1-59a1e6cf774a",
      "Relationships": [
        {
          "Type": "CHILD",
          "Ids": [
            "1de3a6fe-24d3-4004-b050-4a3a6250e84b"
          ]
        }
      ],
      "Page": 1
    },
    {
      "BlockType": "LINE",
      "Confidence": 99.95089721679688,
      "Text": "1,192,448",
      "Geometry": {
        "BoundingBox": {
          "Width": 0.10743189603090286,
          "Height": 0.07280319929122925,
          "Left": 0.6283062100410461,
          "Top": 0.7339951395988464
        },
        "Polygon": [
          {
            "X": 0.6283062100410461,
            "Y": 0.7340661287307739
          },
          {
            "X": 0.7356647253036499,
            "Y": 0.7339951395988464
          },
          {
            "X": 0.7357380986213684,
            "Y": 0.8067280650138855
          },
          {
            "X": 0.6283766627311707,
            "Y": 0.8067983388900757
          }
        ]
      },
      "Id": "85799373-0263-46b0-add0-06c572b4a888",
      "Relationships": [
        {
          "Type": "CHILD",
          "Ids": [
            "fc791bef-475e-488c-b8da-ba5a7d2475de"
          ]
        }
      ],
      "Page": 1
    },
    {
      "BlockType": "LINE",
      "Confidence": 99.77848815917969,
      "Text": "694.75",
      "Geometry": {
        "BoundingBox": {
          "Width": 0.0760214701294899,
          "Height": 0.06402725726366043,
          "Left": 0.8942704796791077,
          "Top": 0.7340841293334961
        },
        "Polygon": [
          {
            "X": 0.8942704796791077,
            "Y": 0.734134316444397
          },
          {
            "X": 0.970221757888794,
            "Y": 0.7340841293334961
          },
          {
            "X": 0.9702919125556946,
            "Y": 0.7980616092681885
          },
          {
            "X": 0.8943387866020203,
            "Y": 0.7981113791465759
          }
        ]
      },
      "Id": "f2d27b85-8019-45b0-95e9-8fa905a50d39",
      "Relationships": [
        {
          "Type": "CHILD",
          "Ids": [
            "3a4bae94-385d-4e41-9513-fbc2e507b4e2"
          ]
        }
      ],
      "Page": 1
    },
    {
      "BlockType": "LINE",
      "Confidence": 99.92941284179688,
      "Text": "All rooms",
      "Geometry": {
        "BoundingBox": {
          "Width": 0.11459003388881683,
          "Height": 0.06944773346185684,
          "Left": 0.04547904431819916,
          "Top": 0.8274999260902405
        },
        "Polygon": [
          {
            "X": 0.04547904431819916,
            "Y": 0.8275747299194336
          },
          {
            "X": 0.16001397371292114,
            "Y": 0.8274999260902405
          },
          {
            "X": 0.160069078207016,
            "Y": 0.8968735337257385
          },
          {
            "X": 0.045531176030635834,
            "Y": 0.8969476819038391
          }
        ]
      },
      "Id": "491d46ef-2a97-4505-afbe-378a49be7105",
      "Relationships": [
        {
          "Type": "CHILD",
          "Ids": [
            "7120b23a-d90a-49f0-bb48-8645abc6f057",
            "c2a4a6ea-a346-4f54-b19d-24c4c714ee21"
          ]
        }
      ],
      "Page": 1
    },
    {
      "BlockType": "LINE",
      "Confidence": 99.90312194824219,
      "Text": "515",
      "Geometry": {
        "BoundingBox": {
          "Width": 0.04149514436721802,
          "Height": 0.06355338543653488,
          "Left": 0.4284800887107849,
          "Top": 0.8331233263015747
        },
        "Polygon": [
          {
            "X": 0.4284800887107849,
            "Y": 0.8331503868103027
          },
          {
            "X": 0.4699174463748932,
            "Y": 0.8331233263015747
          },
          {
            "X": 0.46997523307800293,
            "Y": 0.8966498970985413
          },
          {
            "X": 0.42853692173957825,
            "Y": 0.8966767191886902
          }
        ]
      },
      "Id": "2f61ab60-b675-4010-98bb-9645c0de50c2",
      "Relationships": [
        {
          "Type": "CHILD",
          "Ids": [
            "e4aeb61a-61ce-402a-bf5c-6bc88e743b36"
          ]
        }
      ],
      "Page": 1
    },
    {
      "BlockType": "LINE",
      "Confidence": 99.92356872558594,
      "Text": "8,428,269",
      "Geometry": {
        "BoundingBox": {
          "Width": 0.10968785732984543,
          "Height": 0.07262449711561203,
          "Left": 0.627080500125885,
          "Top": 0.8332481980323792
        },
        "Polygon": [
          {
            "X": 0.627080500125885,
            "Y": 0.8333197236061096
          },
          {
            "X": 0.7366951107978821,
            "Y": 0.8332481980323792
          },
          {
            "X": 0.736768364906311,
            "Y": 0.9058017730712891
          },
          {
            "X": 0.6271507740020752,
            "Y": 0.9058727025985718
          }
        ]
      },
      "Id": "74087ac9-8144-4cc8-92a5-bba866761daa",
      "Relationships": [
        {
          "Type": "CHILD",
          "Ids": [
            "6eabd4db-4e98-4002-90b7-bf13500b5962"
          ]
        }
      ],
      "Page": 1
    },
    {
      "BlockType": "LINE",
      "Confidence": 99.93862915039062,
      "Text": "4910.52",
      "Geometry": {
        "BoundingBox": {
          "Width": 0.08995361626148224,
          "Height": 0.06528646498918533,
          "Left": 0.8880054950714111,
          "Top": 0.8329192996025085
        },
        "Polygon": [
          {
            "X": 0.8880054950714111,
            "Y": 0.8329780101776123
          },
          {
            "X": 0.9778873920440674,
            "Y": 0.8329192996025085
          },
          {
            "X": 0.9779590964317322,
            "Y": 0.8981475830078125
          },
          {
            "X": 0.888075053691864,
            "Y": 0.8982057571411133
          }
        ]
      },
      "Id": "e257c3bf-9f9e-4669-87ba-c5631a328748",
      "Relationships": [
        {
          "Type": "CHILD",
          "Ids": [
            "be4dc7af-5b21-4df1-b434-4f8154692b29"
          ]
        }
      ],
      "Page": 1
    },
    {
      "BlockType": "WORD",
      "Confidence": 99.80987548828125,
      "Text": "TABLE",
      "TextType": "PRINTED",
      "Geometry": {
        "BoundingBox": {
          "Width": 0.0817146897315979,
          "Height": 0.07223085314035416,
          "Left": 0.4315844476222992,
          "Top": 0.040547169744968414
        },
        "Polygon": [
          {
            "X": 0.4315844476222992,
            "Y": 0.04060574993491173
          },
          {
            "X": 0.5132322907447815,
            "Y": 0.040547169744968414
          },
          {
            "X": 0.5132991671562195,
            "Y": 0.11271992325782776
          },
          {
            "X": 0.4316491186618805,
            "Y": 0.11277802288532257
          }
        ]
      },
      "Id": "c9d35c9e-06d4-4af9-9d47-d5dc75dcd9d7",
      "Page": 1
    },
    {
      "BlockType": "WORD",
      "Confidence": 99.52628326416016,
      "Text": "3.10.",
      "TextType": "PRINTED",
      "Geometry": {
        "BoundingBox": {
          "Width": 0.053838569670915604,
          "Height": 0.06737373769283295,
          "Left": 0.5194050669670105,
          "Top": 0.0575166679918766
        },
        "Polygon": [
          {
            "X": 0.5194050669670105,
            "Y": 0.0575551763176918
          },
          {
            "X": 0.5731797218322754,
            "Y": 0.0575166679918766
          },
          {
            "X": 0.5732436180114746,
            "Y": 0.12485219538211823
          },
          {
            "X": 0.5194675922393799,
            "Y": 0.12489040940999985
          }
        ]
      },
      "Id": "a16afc1c-b1af-42e5-a419-03e7033ea40a",
      "Page": 1
    },
    {
      "BlockType": "WORD",
      "Confidence": 99.96501922607422,
      "Text": "Predicted",
      "TextType": "PRINTED",
      "Geometry": {
        "BoundingBox": {
          "Width": 0.11853048950433731,
          "Height": 0.07615678012371063,
          "Left": 0.08135149627923965,
          "Top": 0.1585017740726471
        },
        "Polygon": [
          {
            "X": 0.08135149627923965,
            "Y": 0.15858563780784607
          },
          {
            "X": 0.19982042908668518,
            "Y": 0.1585017740726471
          },
          {
            "X": 0.19988198578357697,
            "Y": 0.23457543551921844
          },
          {
            "X": 0.08140970021486282,
            "Y": 0.23465855419635773
          }
        ]
      },
      "Id": "f43c84b7-6334-4fa4-abc4-03f5fd5d05d3",
      "Page": 1
    },
    {
      "BlockType": "WORD",
      "Confidence": 99.92639923095703,
      "Text": "Weight",
      "TextType": "PRINTED",
      "Geometry": {
        "BoundingBox": {
          "Width": 0.09037439525127411,
          "Height": 0.09638555347919464,
          "Left": 0.2072388380765915,
          "Top": 0.15851880609989166
        },
        "Polygon": [
          {
            "X": 0.2072388380765915,
            "Y": 0.15858271718025208
          },
          {
            "X": 0.29753178358078003,
            "Y": 0.15851880609989166
          },
          {
            "X": 0.2976132333278656,
            "Y": 0.254841148853302
          },
          {
            "X": 0.2073170691728592,
            "Y": 0.2549043595790863
          }
        ]
      },
      "Id": "d877ab02-63f4-4550-b1f6-79f0354bd9d4",
      "Page": 1
    },
    {
      "BlockType": "WORD",
      "Confidence": 99.99531555175781,
      "Text": "and",
      "TextType": "PRINTED",
      "Geometry": {
        "BoundingBox": {
          "Width": 0.047690894454717636,
          "Height": 0.07450415939092636,
          "Left": 0.3050084114074707,
          "Top": 0.15905100107192993
        },
        "Polygon": [
          {
            "X": 0.3050084114074707,
            "Y": 0.15908470749855042
          },
          {
            "X": 0.3526347875595093,
            "Y": 0.15905100107192993
          },
          {
            "X": 0.35269930958747864,
            "Y": 0.2335217446088791
          },
          {
            "X": 0.3050715923309326,
            "Y": 0.2335551679134369
          }
        ]
      },
      "Id": "9432798a-0733-4c78-955a-6984248e7932",
      "Page": 1
    },
    {
      "BlockType": "WORD",
      "Confidence": 99.88761138916016,
      "Text": "Volume",
      "TextType": "PRINTED",
      "Geometry": {
        "BoundingBox": {
          "Width": 0.09896568208932877,
          "Height": 0.07377644628286362,
          "Left": 0.35934773087501526,
          "Top": 0.15996748208999634
        },
        "Polygon": [
          {
            "X": 0.35934773087501526,
            "Y": 0.16003747284412384
          },
          {
            "X": 0.458246648311615,
            "Y": 0.15996748208999634
          },
          {
            "X": 0.4583134055137634,
            "Y": 0.2336745262145996
          },
          {
            "X": 0.35941174626350403,
            "Y": 0.23374392092227936
          }
        ]
      },
      "Id": "0f2c402d-62fe-4f0c-a0ae-61cb8d60e8c0",
      "Page": 1
    },
    {
      "BlockType": "WORD",
      "Confidence": 99.98857116699219,
      "Text": "of",
      "TextType": "PRINTED",
      "Geometry": {
        "BoundingBox": {
          "Width": 0.029074031859636307,
          "Height": 0.075495645403862,
          "Left": 0.465673565864563,
          "Top": 0.15763002634048462
        },
        "Polygon": [
          {
            "X": 0.465673565864563,
            "Y": 0.15765056014060974
          },
          {
            "X": 0.49467822909355164,
            "Y": 0.15763002634048462
          },
          {
            "X": 0.4947476089000702,
            "Y": 0.23310531675815582
          },
          {
            "X": 0.4657421410083771,
            "Y": 0.23312567174434662
          }
        ]
      },
      "Id": "2ae919ef-7ce4-47a8-9e15-65835aa479b3",
      "Page": 1
    },
    {
      "BlockType": "WORD",
      "Confidence": 99.85530090332031,
      "Text": "Rock",
      "TextType": "PRINTED",
      "Geometry": {
        "BoundingBox": {
          "Width": 0.0640825629234314,
          "Height": 0.07466556131839752,
          "Left": 0.5004437565803528,
          "Top": 0.15896661579608917
        },
        "Polygon": [
          {
            "X": 0.5004437565803528,
            "Y": 0.15901191532611847
          },
          {
            "X": 0.5644557476043701,
            "Y": 0.15896661579608917
          },
          {
            "X": 0.5645263195037842,
            "Y": 0.23358725011348724
          },
          {
            "X": 0.5005124807357788,
            "Y": 0.2336321622133255
          }
        ]
      },
      "Id": "bbf5d4e3-5ff4-4f4b-9921-c31d35ca7230",
      "Page": 1
    },
    {
      "BlockType": "WORD",
      "Confidence": 99.96349334716797,
      "Text": "Used",
      "TextType": "PRINTED",
      "Geometry": {
        "BoundingBox": {
          "Width": 0.06244277209043503,
          "Height": 0.07584021985530853,
          "Left": 0.5717160105705261,
          "Top": 0.15873055160045624
        },
        "Polygon": [
          {
            "X": 0.5717160105705261,
            "Y": 0.15877468883991241
          },
          {
            "X": 0.6340851783752441,
            "Y": 0.15873055160045624
          },
          {
            "X": 0.6341587901115417,
            "Y": 0.23452700674533844
          },
          {
            "X": 0.5717878937721252,
            "Y": 0.23457077145576477
          }
        ]
      },
      "Id": "80270995-5bf9-4db2-add6-92211c3f7223",
      "Page": 1
    },
    {
      "BlockType": "WORD",
      "Confidence": 99.98456573486328,
      "Text": "in",
      "TextType": "PRINTED",
      "Geometry": {
        "BoundingBox": {
          "Width": 0.023870471864938736,
          "Height": 0.07171805948019028,
          "Left": 0.6422982215881348,
          "Top": 0.16130661964416504
        },
        "Polygon": [
          {
            "X": 0.6422982215881348,
            "Y": 0.1613234579563141
          },
          {
            "X": 0.6660981774330139,
            "Y": 0.16130661964416504
          },
          {
            "X": 0.6661686897277832,
            "Y": 0.23300796747207642
          },
          {
            "X": 0.6423680782318115,
            "Y": 0.23302467167377472
          }
        ]
      },
      "Id": "df9bab8f-847d-4f74-bf88-b471cac76e12",
      "Page": 1
    },
    {
      "BlockType": "WORD",
      "Confidence": 99.99584197998047,
      "Text": "the",
      "TextType": "PRINTED",
      "Geometry": {
        "BoundingBox": {
          "Width": 0.040282852947711945,
          "Height": 0.0728963166475296,
          "Left": 0.6746022701263428,
          "Top": 0.16067259013652802
        },
        "Polygon": [
          {
            "X": 0.6746022701263428,
            "Y": 0.16070103645324707
          },
          {
            "X": 0.714812159538269,
            "Y": 0.16067259013652802
          },
          {
            "X": 0.7148851156234741,
            "Y": 0.23354068398475647
          },
          {
            "X": 0.6746741533279419,
            "Y": 0.23356890678405762
          }
        ]
      },
      "Id": "cd6a9308-cf61-49af-bde1-d7b0192da058",
      "Page": 1
    },
    {
      "BlockType": "WORD",
      "Confidence": 99.87210083007812,
      "Text": "Construction",
      "TextType": "PRINTED",
      "Geometry": {
        "BoundingBox": {
          "Width": 0.16908235847949982,
          "Height": 0.072953961789608,
          "Left": 0.7217230796813965,
          "Top": 0.1620355248451233
        },
        "Polygon": [
          {
            "X": 0.7217230796813965,
            "Y": 0.16215510666370392
          },
          {
            "X": 0.890727698802948,
            "Y": 0.1620355248451233
          },
          {
            "X": 0.8908054232597351,
            "Y": 0.23487091064453125
          },
          {
            "X": 0.7217962145805359,
            "Y": 0.2349894940853119
          }
        ]
      },
      "Id": "a13540ae-0979-4596-a0e1-a326e89b5561",
      "Page": 1
    },
    {
      "BlockType": "WORD",
      "Confidence": 99.99456787109375,
      "Text": "of",
      "TextType": "PRINTED",
      "Geometry": {
        "BoundingBox": {
          "Width": 0.02941523678600788,
          "Height": 0.07432176172733307,
          "Left": 0.8983454704284668,
          "Top": 0.1604270339012146
        },
        "Polygon": [
          {
            "X": 0.8983454704284668,
            "Y": 0.16044779121875763
          },
          {
            "X": 0.9276803731918335,
            "Y": 0.1604270339012146
          },
          {
            "X": 0.927760660648346,
            "Y": 0.23472821712493896
          },
          {
            "X": 0.8984249234199524,
            "Y": 0.23474879562854767
          }
        ]
      },
      "Id": "276d0ffc-3a8f-4440-ad22-781723bffb0b",
      "Page": 1
    },
    {
      "BlockType": "WORD",
      "Confidence": 99.78250885009766,
      "Text": "Grasshopper",
      "TextType": "PRINTED",
      "Geometry": {
        "BoundingBox": {
          "Width": 0.1621614396572113,
          "Height": 0.0960904061794281,
          "Left": 0.3742956817150116,
          "Top": 0.2819955050945282
        },
        "Polygon": [
          {
            "X": 0.3742956817150116,
            "Y": 0.2821085751056671
          },
          {
            "X": 0.5363673567771912,
            "Y": 0.2819955050945282
          },
          {
            "X": 0.5364571213722229,
            "Y": 0.37797409296035767
          },
          {
            "X": 0.37437957525253296,
            "Y": 0.3780859112739563
          }
        ]
      },
      "Id": "d03c49b9-3daf-4189-b36b-09ca7b4a3aa8",
      "Page": 1
    },
    {
      "BlockType": "WORD",
      "Confidence": 99.80755615234375,
      "Text": "Pueblo",
      "TextType": "PRINTED",
      "Geometry": {
        "BoundingBox": {
          "Width": 0.08719401061534882,
          "Height": 0.07355795055627823,
          "Left": 0.5439209938049316,
          "Top": 0.2834424674510956
        },
        "Polygon": [
          {
            "X": 0.5439209938049316,
            "Y": 0.2835032641887665
          },
          {
            "X": 0.6310436725616455,
            "Y": 0.2834424674510956
          },
          {
            "X": 0.6311149597167969,
            "Y": 0.3569401800632477
          },
          {
            "X": 0.543989896774292,
            "Y": 0.3570004403591156
          }
        ]
      },
      "Id": "867a6153-d77f-41fa-9b44-410315fd0d7b",
      "Page": 1
    },
    {
      "BlockType": "WORD",
      "Confidence": 99.88834381103516,
      "Text": "Site",
      "TextType": "PRINTED",
      "Geometry": {
        "BoundingBox": {
          "Width": 0.041961390525102615,
          "Height": 0.06517939269542694,
          "Left": 0.01894998550415039,
          "Top": 0.4124807119369507
        },
        "Polygon": [
          {
            "X": 0.01894998550415039,
            "Y": 0.4125095307826996
          },
          {
            "X": 0.06086203455924988,
            "Y": 0.4124807119369507
          },
          {
            "X": 0.060911376029253006,
            "Y": 0.477631539106369
          },
          {
            "X": 0.01899830624461174,
            "Y": 0.4776601195335388
          }
        ]
      },
      "Id": "4214ebea-288e-4677-a242-44a5bbdf180d",
      "Page": 1
    },
    {
      "BlockType": "WORD",
      "Confidence": 99.9617919921875,
      "Text": "Area",
      "TextType": "PRINTED",
      "Geometry": {
        "BoundingBox": {
          "Width": 0.05321669578552246,
          "Height": 0.0626610741019249,
          "Left": 0.0671592503786087,
          "Top": 0.4159436523914337
        },
        "Polygon": [
          {
            "X": 0.0671592503786087,
            "Y": 0.41598016023635864
          },
          {
            "X": 0.12032712996006012,
            "Y": 0.4159436523914337
          },
          {
            "X": 0.12037594616413116,
            "Y": 0.47856849431991577
          },
          {
            "X": 0.06720682233572006,
            "Y": 0.4786047339439392
          }
        ]
      },
      "Id": "3516b32c-b824-47f9-b0da-fdeb2e50c891",
      "Page": 1
    },
    {
      "BlockType": "WORD",
      "Confidence": 99.9272232055664,
      "Text": "Rooms",
      "TextType": "PRINTED",
      "Geometry": {
        "BoundingBox": {
          "Width": 0.07984299957752228,
          "Height": 0.06487483531236649,
          "Left": 0.41070327162742615,
          "Top": 0.4146531820297241
        },
        "Polygon": [
          {
            "X": 0.41070327162742615,
            "Y": 0.4147079885005951
          },
          {
            "X": 0.4904868006706238,
            "Y": 0.4146531820297241
          },
          {
            "X": 0.4905462861061096,
            "Y": 0.47947362065315247
          },
          {
            "X": 0.4107608199119568,
            "Y": 0.47952800989151
          }
        ]
      },
      "Id": "4af1273a-be62-412a-8c44-8e298c5b477e",
      "Page": 1
    },
    {
      "BlockType": "WORD",
      "Confidence": 99.9563217163086,
      "Text": "Total",
      "TextType": "PRINTED",
      "Geometry": {
        "BoundingBox": {
          "Width": 0.05694001913070679,
          "Height": 0.06540249288082123,
          "Left": 0.6361380815505981,
          "Top": 0.41466838121414185
        },
        "Polygon": [
          {
            "X": 0.6361380815505981,
            "Y": 0.4147074520587921
          },
          {
            "X": 0.6930131912231445,
            "Y": 0.41466838121414185
          },
          {
            "X": 0.6930781006813049,
            "Y": 0.4800321161746979
          },
          {
            "X": 0.6362016201019287,
            "Y": 0.48007088899612427
          }
        ]
      },
      "Id": "a7a5b2af-be3d-4a23-9c4d-ac671deac986",
      "Page": 1
    },
    {
      "BlockType": "WORD",
      "Confidence": 99.53995513916016,
      "Text": "kg",
      "TextType": "PRINTED",
      "Geometry": {
        "BoundingBox": {
          "Width": 0.02790806069970131,
          "Height": 0.08526046574115753,
          "Left": 0.7005390524864197,
          "Top": 0.4139581322669983
        },
        "Polygon": [
          {
            "X": 0.7005390524864197,
            "Y": 0.4139772355556488
          },
          {
            "X": 0.7283613085746765,
            "Y": 0.4139581322669983
          },
          {
            "X": 0.7284471392631531,
            "Y": 0.49919968843460083
          },
          {
            "X": 0.7006239891052246,
            "Y": 0.49921858310699463
          }
        ]
      },
      "Id": "435eb744-02ac-4526-be75-aff32f558bee",
      "Page": 1
    },
    {
      "BlockType": "WORD",
      "Confidence": 99.94723510742188,
      "Text": "Total",
      "TextType": "PRINTED",
      "Geometry": {
        "BoundingBox": {
          "Width": 0.057484161108732224,
          "Height": 0.06544152647256851,
          "Left": 0.8861938118934631,
          "Top": 0.4152112305164337
        },
        "Polygon": [
          {
            "X": 0.8861938118934631,
            "Y": 0.41525065898895264
          },
          {
            "X": 0.9436069130897522,
            "Y": 0.4152112305164337
          },
          {
            "X": 0.9436779618263245,
            "Y": 0.4806136190891266
          },
          {
            "X": 0.8862634897232056,
            "Y": 0.48065274953842163
          }
        ]
      },
      "Id": "1d5483ac-92f1-48bc-aed6-c5833f26b5c5",
      "Page": 1
    },
    {
      "BlockType": "WORD",
      "Confidence": 54.484527587890625,
      "Text": "m³",
      "TextType": "PRINTED",
      "Geometry": {
        "BoundingBox": {
          "Width": 0.031539689749479294,
          "Height": 0.06449829787015915,
          "Left": 0.9514193534851074,
          "Top": 0.41544508934020996
        },
        "Polygon": [
          {
            "X": 0.9514193534851074,
            "Y": 0.41546669602394104
          },
          {
            "X": 0.9828879833221436,
            "Y": 0.41544508934020996
          },
          {
            "X": 0.9829590320587158,
            "Y": 0.47992193698883057
          },
          {
            "X": 0.9514895677566528,
            "Y": 0.4799433648586273
          }
        ]
      },
      "Id": "45d4550e-d7ec-4dd5-a85e-a3fd75f236b6",
      "Page": 1
    },
    {
      "BlockType": "WORD",
      "Confidence": 99.834228515625,
      "Text": "Core",
      "TextType": "PRINTED",
      "Geometry": {
        "BoundingBox": {
          "Width": 0.05511957406997681,
          "Height": 0.06913692504167557,
          "Left": 0.018623629584908485,
          "Top": 0.5276437997817993
        },
        "Polygon": [
          {
            "X": 0.018623629584908485,
            "Y": 0.5276811122894287
          },
          {
            "X": 0.07369054108858109,
            "Y": 0.5276437997817993
          },
          {
            "X": 0.07374320179224014,
            "Y": 0.5967437028884888
          },
          {
            "X": 0.01867487095296383,
            "Y": 0.5967807173728943
          }
        ]
      },
      "Id": "7e1fce2c-fbc8-433c-a05d-fab2ab1747ec",
      "Page": 1
    },
    {
      "BlockType": "WORD",
      "Confidence": 99.84396362304688,
      "Text": "(ground",
      "TextType": "PRINTED",
      "Geometry": {
        "BoundingBox": {
          "Width": 0.09442385286092758,
          "Height": 0.08948064595460892,
          "Left": 0.08203032612800598,
          "Top": 0.5276131629943848
        },
        "Polygon": [
          {
            "X": 0.08203032612800598,
            "Y": 0.5276771187782288
          },
          {
            "X": 0.17638260126113892,
            "Y": 0.5276131629943848
          },
          {
            "X": 0.17645418643951416,
            "Y": 0.6170305609703064
          },
          {
            "X": 0.08209875226020813,
            "Y": 0.6170938611030579
          }
        ]
      },
      "Id": "63b710ae-c8af-4c5a-92b2-547468c2fd7e",
      "Page": 1
    },
    {
      "BlockType": "WORD",
      "Confidence": 99.77737426757812,
      "Text": "floor)",
      "TextType": "PRINTED",
      "Geometry": {
        "BoundingBox": {
          "Width": 0.06490681320428848,
          "Height": 0.08026952296495438,
          "Left": 0.18414859473705292,
          "Top": 0.5285778641700745
        },
        "Polygon": [
          {
            "X": 0.18414859473705292,
            "Y": 0.5286218523979187
          },
          {
            "X": 0.2489890158176422,
            "Y": 0.5285778641700745
          },
          {
            "X": 0.2490554004907608,
            "Y": 0.608803927898407
          },
          {
            "X": 0.1842130422592163,
            "Y": 0.608847439289093
          }
        ]
      },
      "Id": "5cdeb00c-5615-42e5-b019-dce30750e6ea",
      "Page": 1
    },
    {
      "BlockType": "WORD",
      "Confidence": 99.96907043457031,
      "Text": "314",
      "TextType": "PRINTED",
      "Geometry": {
        "BoundingBox": {
          "Width": 0.04102985933423042,
          "Height": 0.06326594203710556,
          "Left": 0.4297955632209778,
          "Top": 0.5338741540908813
        },
        "Polygon": [
          {
            "X": 0.4297955632209778,
            "Y": 0.5339018702507019
          },
          {
            "X": 0.4707678556442261,
            "Y": 0.5338741540908813
          },
          {
            "X": 0.4708254337310791,
            "Y": 0.5971125364303589
          },
          {
            "X": 0.429852157831192,
            "Y": 0.5971400737762451
          }
        ]
      },
      "Id": "b72ad155-e33d-41f0-8381-95b2ebc3b361",
      "Page": 1
    },
    {
      "BlockType": "WORD",
      "Confidence": 99.76366424560547,
      "Text": "5,506,321",
      "TextType": "PRINTED",
      "Geometry": {
        "BoundingBox": {
          "Width": 0.10642266273498535,
          "Height": 0.07258065044879913,
          "Left": 0.6274563074111938,
          "Top": 0.5346155762672424
        },
        "Polygon": [
          {
            "X": 0.6274563074111938,
            "Y": 0.5346875786781311
          },
          {
            "X": 0.7338058352470398,
            "Y": 0.5346155762672424
          },
          {
            "X": 0.7338789701461792,
            "Y": 0.6071248650550842
          },
          {
            "X": 0.627526581287384,
            "Y": 0.6071962118148804
          }
        ]
      },
      "Id": "a4ca689a-4e8f-41f5-a697-c9bdce378937",
      "Page": 1
    },
    {
      "BlockType": "WORD",
      "Confidence": 99.96021270751953,
      "Text": "3208.12",
      "TextType": "PRINTED",
      "Geometry": {
        "BoundingBox": {
          "Width": 0.08842837065458298,
          "Height": 0.062221068888902664,
          "Left": 0.8900562524795532,
          "Top": 0.5360787510871887
        },
        "Polygon": [
          {
            "X": 0.8900562524795532,
            "Y": 0.5361385345458984
          },
          {
            "X": 0.9784162640571594,
            "Y": 0.5360787510871887
          },
          {
            "X": 0.9784846305847168,
            "Y": 0.5982404351234436
          },
          {
            "X": 0.8901225924491882,
            "Y": 0.5982998013496399
          }
        ]
      },
      "Id": "ddb006f2-4ae2-4d5a-b0a7-f689f0c8eae1",
      "Page": 1
    },
    {
      "BlockType": "WORD",
      "Confidence": 99.8807601928711,
      "Text": "Outliers",
      "TextType": "PRINTED",
      "Geometry": {
        "BoundingBox": {
          "Width": 0.09334728866815567,
          "Height": 0.06991307437419891,
          "Left": 0.018415963277220726,
          "Top": 0.6271691918373108
        },
        "Polygon": [
          {
            "X": 0.018415963277220726,
            "Y": 0.6272316575050354
          },
          {
            "X": 0.11170902848243713,
            "Y": 0.6271691918373108
          },
          {
            "X": 0.11176325380802155,
            "Y": 0.6970203518867493
          },
          {
            "X": 0.018467754125595093,
            "Y": 0.6970822811126709
          }
        ]
      },
      "Id": "a1f801cb-18ab-4a38-9473-e76921f922ec",
      "Page": 1
    },
    {
      "BlockType": "WORD",
      "Confidence": 99.91096496582031,
      "Text": "133",
      "TextType": "PRINTED",
      "Geometry": {
        "BoundingBox": {
          "Width": 0.03777508810162544,
          "Height": 0.061707768589258194,
          "Left": 0.43133655190467834,
          "Top": 0.6345703601837158
        },
        "Polygon": [
          {
            "X": 0.43133655190467834,
            "Y": 0.6345955729484558
          },
          {
            "X": 0.46905553340911865,
            "Y": 0.6345703601837158
          },
          {
            "X": 0.4691116511821747,
            "Y": 0.6962530612945557
          },
          {
            "X": 0.43139180541038513,
            "Y": 0.6962780952453613
          }
        ]
      },
      "Id": "a53f4f7d-0aec-449d-beef-2f26a660928d",
      "Page": 1
    },
    {
      "BlockType": "WORD",
      "Confidence": 99.79511260986328,
      "Text": "1,729,500",
      "TextType": "PRINTED",
      "Geometry": {
        "BoundingBox": {
          "Width": 0.10785001516342163,
          "Height": 0.07160869985818863,
          "Left": 0.6286230087280273,
          "Top": 0.6352708339691162
        },
        "Polygon": [
          {
            "X": 0.6286230087280273,
            "Y": 0.6353428959846497
          },
          {
            "X": 0.736400842666626,
            "Y": 0.6352708339691162
          },
          {
            "X": 0.736473023891449,
            "Y": 0.7068080902099609
          },
          {
            "X": 0.6286923885345459,
            "Y": 0.7068795561790466
          }
        ]
      },
      "Id": "6425718a-98e0-4b1e-95be-37ea984551fb",
      "Page": 1
    },
    {
      "BlockType": "WORD",
      "Confidence": 99.94821166992188,
      "Text": "1007.65",
      "TextType": "PRINTED",
      "Geometry": {
        "BoundingBox": {
          "Width": 0.08769366890192032,
          "Height": 0.06110209971666336,
          "Left": 0.8894396424293518,
          "Top": 0.63711017370224
        },
        "Polygon": [
          {
            "X": 0.8894396424293518,
            "Y": 0.637168824672699
          },
          {
            "X": 0.9770662188529968,
            "Y": 0.63711017370224
          },
          {
            "X": 0.9771333336830139,
            "Y": 0.6981541514396667
          },
          {
            "X": 0.8895047307014465,
            "Y": 0.6982123255729675
          }
        ]
      },
      "Id": "1653b377-058e-4eaa-b345-cdb3ac2c6836",
      "Page": 1
    },
    {
      "BlockType": "WORD",
      "Confidence": 99.97139739990234,
      "Text": "2d",
      "TextType": "PRINTED",
      "Geometry": {
        "BoundingBox": {
          "Width": 0.028546009212732315,
          "Height": 0.06783581525087357,
          "Left": 0.018227048218250275,
          "Top": 0.727207362651825
        },
        "Polygon": [
          {
            "X": 0.018227048218250275,
            "Y": 0.727226197719574
          },
          {
            "X": 0.046722058206796646,
            "Y": 0.727207362651825
          },
          {
            "X": 0.04677305743098259,
            "Y": 0.7950244545936584
          },
          {
            "X": 0.018277322873473167,
            "Y": 0.7950431704521179
          }
        ]
      },
      "Id": "58f941f2-b82b-440e-8fb5-54a3aa34bf8a",
      "Page": 1
    },
    {
      "BlockType": "WORD",
      "Confidence": 99.96031188964844,
      "Text": "story",
      "TextType": "PRINTED",
      "Geometry": {
        "BoundingBox": {
          "Width": 0.058046791702508926,
          "Height": 0.07208804041147232,
          "Left": 0.05403155833482742,
          "Top": 0.7411144971847534
        },
        "Polygon": [
          {
            "X": 0.05403155833482742,
            "Y": 0.7411527633666992
          },
          {
            "X": 0.11202241480350494,
            "Y": 0.7411144971847534
          },
          {
            "X": 0.11207835376262665,
            "Y": 0.8131645917892456
          },
          {
            "X": 0.05408593639731407,
            "Y": 0.8132025599479675
          }
        ]
      },
      "Id": "49fc16c0-1ac7-446c-9bb0-4b77fb318a1a",
      "Page": 1
    },
    {
      "BlockType": "WORD",
      "Confidence": 99.96356964111328,
      "Text": "68",
      "TextType": "PRINTED",
      "Geometry": {
        "BoundingBox": {
          "Width": 0.027449781075119972,
          "Height": 0.06396320462226868,
          "Left": 0.4420946538448334,
          "Top": 0.7329787015914917
        },
        "Polygon": [
          {
            "X": 0.4420946538448334,
            "Y": 0.7329968214035034
          },
          {
            "X": 0.469486266374588,
            "Y": 0.7329787015914917
          },
          {
            "X": 0.4695444405078888,
            "Y": 0.7969239354133606
          },
          {
            "X": 0.4421521723270416,
            "Y": 0.796941876411438
          }
        ]
      },
      "Id": "1de3a6fe-24d3-4004-b050-4a3a6250e84b",
      "Page": 1
    },
    {
      "BlockType": "WORD",
      "Confidence": 99.95089721679688,
      "Text": "1,192,448",
      "TextType": "PRINTED",
      "Geometry": {
        "BoundingBox": {
          "Width": 0.10743189603090286,
          "Height": 0.07280319929122925,
          "Left": 0.6283062100410461,
          "Top": 0.7339951395988464
        },
        "Polygon": [
          {
            "X": 0.6283062100410461,
            "Y": 0.7340661287307739
          },
          {
            "X": 0.7356647253036499,
            "Y": 0.7339951395988464
          },
          {
            "X": 0.7357380986213684,
            "Y": 0.8067280650138855
          },
          {
            "X": 0.6283766627311707,
            "Y": 0.8067983388900757
          }
        ]
      },
      "Id": "fc791bef-475e-488c-b8da-ba5a7d2475de",
      "Page": 1
    },
    {
      "BlockType": "WORD",
      "Confidence": 99.77848815917969,
      "Text": "694.75",
      "TextType": "PRINTED",
      "Geometry": {
        "BoundingBox": {
          "Width": 0.0760214701294899,
          "Height": 0.06402725726366043,
          "Left": 0.8942704796791077,
          "Top": 0.7340841293334961
        },
        "Polygon": [
          {
            "X": 0.8942704796791077,
            "Y": 0.734134316444397
          },
          {
            "X": 0.970221757888794,
            "Y": 0.7340841293334961
          },
          {
            "X": 0.9702919125556946,
            "Y": 0.7980616092681885
          },
          {
            "X": 0.8943387866020203,
            "Y": 0.7981113791465759
          }
        ]
      },
      "Id": "3a4bae94-385d-4e41-9513-fbc2e507b4e2",
      "Page": 1
    },
    {
      "BlockType": "WORD",
      "Confidence": 99.8827133178711,
      "Text": "All",
      "TextType": "PRINTED",
      "Geometry": {
        "BoundingBox": {
          "Width": 0.035854414105415344,
          "Height": 0.06939630210399628,
          "Left": 0.04547904431819916,
          "Top": 0.8275513648986816
        },
        "Polygon": [
          {
            "X": 0.04547904431819916,
            "Y": 0.8275747299194336
          },
          {
            "X": 0.08128039538860321,
            "Y": 0.8275513648986816
          },
          {
            "X": 0.0813334584236145,
            "Y": 0.8969244956970215
          },
          {
            "X": 0.045531176030635834,
            "Y": 0.8969476819038391
          }
        ]
      },
      "Id": "7120b23a-d90a-49f0-bb48-8645abc6f057",
      "Page": 1
    },
    {
      "BlockType": "WORD",
      "Confidence": 99.9760971069336,
      "Text": "rooms",
      "TextType": "PRINTED",
      "Geometry": {
        "BoundingBox": {
          "Width": 0.0732375979423523,
          "Height": 0.04630603641271591,
          "Left": 0.08682991564273834,
          "Top": 0.8486440181732178
        },
        "Polygon": [
          {
            "X": 0.08682991564273834,
            "Y": 0.8486917018890381
          },
          {
            "X": 0.1600307673215866,
            "Y": 0.8486440181732178
          },
          {
            "X": 0.16006751358509064,
            "Y": 0.8949026465415955
          },
          {
            "X": 0.0868653878569603,
            "Y": 0.8949500918388367
          }
        ]
      },
      "Id": "c2a4a6ea-a346-4f54-b19d-24c4c714ee21",
      "Page": 1
    },
    {
      "BlockType": "WORD",
      "Confidence": 99.90312194824219,
      "Text": "515",
      "TextType": "PRINTED",
      "Geometry": {
        "BoundingBox": {
          "Width": 0.04149514436721802,
          "Height": 0.06355338543653488,
          "Left": 0.4284800887107849,
          "Top": 0.8331233263015747
        },
        "Polygon": [
          {
            "X": 0.4284800887107849,
            "Y": 0.8331503868103027
          },
          {
            "X": 0.4699174463748932,
            "Y": 0.8331233263015747
          },
          {
            "X": 0.46997523307800293,
            "Y": 0.8966498970985413
          },
          {
            "X": 0.42853692173957825,
            "Y": 0.8966767191886902
          }
        ]
      },
      "Id": "e4aeb61a-61ce-402a-bf5c-6bc88e743b36",
      "Page": 1
    },
    {
      "BlockType": "WORD",
      "Confidence": 99.92356872558594,
      "Text": "8,428,269",
      "TextType": "PRINTED",
      "Geometry": {
        "BoundingBox": {
          "Width": 0.10968785732984543,
          "Height": 0.07262449711561203,
          "Left": 0.627080500125885,
          "Top": 0.8332481980323792
        },
        "Polygon": [
          {
            "X": 0.627080500125885,
            "Y": 0.8333197236061096
          },
          {
            "X": 0.7366951107978821,
            "Y": 0.8332481980323792
          },
          {
            "X": 0.736768364906311,
            "Y": 0.9058017730712891
          },
          {
            "X": 0.6271507740020752,
            "Y": 0.9058727025985718
          }
        ]
      },
      "Id": "6eabd4db-4e98-4002-90b7-bf13500b5962",
      "Page": 1
    },
    {
      "BlockType": "WORD",
      "Confidence": 99.93862915039062,
      "Text": "4910.52",
      "TextType": "PRINTED",
      "Geometry": {
        "BoundingBox": {
          "Width": 0.08995361626148224,
          "Height": 0.06528646498918533,
          "Left": 0.8880054950714111,
          "Top": 0.8329192996025085
        },
        "Polygon": [
          {
            "X": 0.8880054950714111,
            "Y": 0.8329780101776123
          },
          {
            "X": 0.9778873920440674,
            "Y": 0.8329192996025085
          },
          {
            "X": 0.9779590964317322,
            "Y": 0.8981475830078125
          },
          {
            "X": 0.888075053691864,
            "Y": 0.8982057571411133
          }
        ]
      },
      "Id": "be4dc7af-5b21-4df1-b434-4f8154692b29",
      "Page": 1
    },
    {
      "BlockType": "TABLE",
      "Confidence": 99.755859375,
      "Geometry": {
        "BoundingBox": {
          "Width": 0.9743612408638,
          "Height": 0.5310795307159424,
          "Left": 0.014962665736675262,
          "Top": 0.39329835772514343
        },
        "Polygon": [
          {
            "X": 0.014962665736675262,
            "Y": 0.39396893978118896
          },
          {
            "X": 0.988738477230072,
            "Y": 0.39329835772514343
          },
          {
            "X": 0.9893239140510559,
            "Y": 0.9237494468688965
          },
          {
            "X": 0.01535528339445591,
            "Y": 0.9243778586387634
          }
        ]
      },
      "Id": "ca8d6813-4caf-4efe-aebc-5244094ffe8a",
      "Relationships": [
        {
          "Type": "CHILD",
          "Ids": [
            "bba96d11-74e2-4fd8-8e10-63df03e634a6",
            "b5d6c18c-a036-4dd1-b5c2-e769aac9f405",
            "3098778b-d9e8-4dbf-a7fa-63b13e59b5b8",
            "22290fba-80b4-4122-936e-5b027e826050",
            "8e8c85e0-509d-4e0c-b6f1-ceb28673d074",
            "9b51b6b2-e361-43e9-9541-7780fdf55abd",
            "3dde6519-1a9a-425d-835e-7186af12c9e2",
            "4c286482-a4d8-4fe6-b537-0c5e240e8d05",
            "96fc065a-b0a6-4e80-b6c9-3fdfffb61551",
            "695daa28-b8e0-4722-9767-6ead15cb218a",
            "4986be37-ecd2-434f-b989-d62145ed3a23",
            "5e26d340-43d1-4d16-98d9-ccd679f0ab62",
            "51ffe44c-3d4a-4763-a2c6-46dd871ef8b5",
            "2bb4e562-33b0-4cc8-a0ed-2f0908c87860",
            "91a2e506-60e2-480a-a603-2aab41577c7d",
            "84384466-c4ed-410d-a8e4-22029f08c971",
            "1595d87a-e625-40f6-a3c4-fe1a974f51c5",
            "4f7d4345-7ca7-4367-b659-e2f8351316cd",
            "91dd02da-c288-44a4-82e0-6f14debb148a",
            "a54e8df7-5ea9-48a4-8dcc-2906d0d19819"
          ]
        },
        {
          "Type": "TABLE_TITLE",
          "Ids": [
            "b05e9a79-00b2-434a-b9bf-56ce1c2f3680"
          ]
        }
      ],
      "EntityTypes": [
        "STRUCTURED_TABLE"
      ],
      "Page": 1
    },
    {
      "BlockType": "CELL",
      "Confidence": 84.66796875,
      "RowIndex": 1,
      "ColumnIndex": 1,
      "RowSpan": 1,
      "ColumnSpan": 1,
      "Geometry": {
        "BoundingBox": {
          "Width": 0.31036555767059326,
          "Height": 0.11627088487148285,
          "Left": 0.014962665736675262,
          "Top": 0.3937552869319916
        },
        "Polygon": [
          {
            "X": 0.014962665736675262,
            "Y": 0.39396893978118896
          },
          {
            "X": 0.32522889971733093,
            "Y": 0.3937552869319916
          },
          {
            "X": 0.3253282308578491,
            "Y": 0.5098154544830322
          },
          {
            "X": 0.015048573724925518,
            "Y": 0.5100261569023132
          }
        ]
      },
      "Id": "bba96d11-74e2-4fd8-8e10-63df03e634a6",
      "Relationships": [
        {
          "Type": "CHILD",
          "Ids": [
            "4214ebea-288e-4677-a242-44a5bbdf180d",
            "3516b32c-b824-47f9-b0da-fdeb2e50c891"
          ]
        }
      ],
      "EntityTypes": [
        "COLUMN_HEADER"
      ],
      "Page": 1
    },
    {
      "BlockType": "CELL",
      "Confidence": 83.544921875,
      "RowIndex": 1,
      "ColumnIndex": 2,
      "RowSpan": 1,
      "ColumnSpan": 1,
      "Geometry": {
        "BoundingBox": {
          "Width": 0.23923689126968384,
          "Height": 0.11622483283281326,
          "Left": 0.32522889971733093,
          "Top": 0.3935905992984772
        },
        "Polygon": [
          {
            "X": 0.32522889971733093,
            "Y": 0.3937552869319916
          },
          {
            "X": 0.5643560886383057,
            "Y": 0.3935905992984772
          },
          {
            "X": 0.5644657611846924,
            "Y": 0.5096530318260193
          },
          {
            "X": 0.3253282308578491,
            "Y": 0.5098154544830322
          }
        ]
      },
      "Id": "b5d6c18c-a036-4dd1-b5c2-e769aac9f405",
      "Relationships": [
        {
          "Type": "CHILD",
          "Ids": [
            "4af1273a-be62-412a-8c44-8e298c5b477e"
          ]
        }
      ],
      "EntityTypes": [
        "COLUMN_HEADER"
      ],
      "Page": 1
    },
    {
      "BlockType": "CELL",
      "Confidence": 83.837890625,
      "RowIndex": 1,
      "ColumnIndex": 3,
      "RowSpan": 1,
      "ColumnSpan": 1,
      "Geometry": {
        "BoundingBox": {
          "Width": 0.2500779330730438,
          "Height": 0.11623455584049225,
          "Left": 0.5643560886383057,
          "Top": 0.39341849088668823
        },
        "Polygon": [
          {
            "X": 0.5643560886383057,
            "Y": 0.3935905992984772
          },
          {
            "X": 0.8143134713172913,
            "Y": 0.39341849088668823
          },
          {
            "X": 0.8144339919090271,
            "Y": 0.509483277797699
          },
          {
            "X": 0.5644657611846924,
            "Y": 0.5096530318260193
          }
        ]
      },
      "Id": "3098778b-d9e8-4dbf-a7fa-63b13e59b5b8",
      "Relationships": [
        {
          "Type": "CHILD",
          "Ids": [
            "a7a5b2af-be3d-4a23-9c4d-ac671deac986",
            "435eb744-02ac-4526-be75-aff32f558bee"
          ]
        }
      ],
      "EntityTypes": [
        "COLUMN_HEADER"
      ],
      "Page": 1
    },
    {
      "BlockType": "CELL",
      "Confidence": 79.833984375,
      "RowIndex": 1,
      "ColumnIndex": 4,
      "RowSpan": 1,
      "ColumnSpan": 1,
      "Geometry": {
        "BoundingBox": {
          "Width": 0.17455308139324188,
          "Height": 0.11618490517139435,
          "Left": 0.8143134713172913,
          "Top": 0.39329835772514343
        },
        "Polygon": [
          {
            "X": 0.8143134713172913,
            "Y": 0.39341849088668823
          },
          {
            "X": 0.988738477230072,
            "Y": 0.39329835772514343
          },
          {
            "X": 0.9888665676116943,
            "Y": 0.5093647837638855
          },
          {
            "X": 0.8144339919090271,
            "Y": 0.509483277797699
          }
        ]
      },
      "Id": "22290fba-80b4-4122-936e-5b027e826050",
      "Relationships": [
        {
          "Type": "CHILD",
          "Ids": [
            "1d5483ac-92f1-48bc-aed6-c5833f26b5c5",
            "45d4550e-d7ec-4dd5-a85e-a3fd75f236b6"
          ]
        }
      ],
      "EntityTypes": [
        "COLUMN_HEADER"
      ],
      "Page": 1
    },
    {
      "BlockType": "CELL",
      "Confidence": 91.162109375,
      "RowIndex": 2,
      "ColumnIndex": 1,
      "RowSpan": 1,
      "ColumnSpan": 1,
      "Geometry": {
        "BoundingBox": {
          "Width": 0.3103748559951782,
          "Height": 0.1113983541727066,
          "Left": 0.015048573724925518,
          "Top": 0.5098154544830322
        },
        "Polygon": [
          {
            "X": 0.015048573724925518,
            "Y": 0.5100261569023132
          },
          {
            "X": 0.3253282308578491,
            "Y": 0.5098154544830322
          },
          {
            "X": 0.3254234194755554,
            "Y": 0.6210058927536011
          },
          {
            "X": 0.015130876563489437,
            "Y": 0.6212137937545776
          }
        ]
      },
      "Id": "8e8c85e0-509d-4e0c-b6f1-ceb28673d074",
      "Relationships": [
        {
          "Type": "CHILD",
          "Ids": [
            "7e1fce2c-fbc8-433c-a05d-fab2ab1747ec",
            "63b710ae-c8af-4c5a-92b2-547468c2fd7e",
            "5cdeb00c-5615-42e5-b019-dce30750e6ea"
          ]
        }
      ],
      "Page": 1
    },
    {
      "BlockType": "CELL",
      "Confidence": 89.892578125,
      "RowIndex": 2,
      "ColumnIndex": 2,
      "RowSpan": 1,
      "ColumnSpan": 1,
      "Geometry": {
        "BoundingBox": {
          "Width": 0.23924264311790466,
          "Height": 0.11135285347700119,
          "Left": 0.3253282308578491,
          "Top": 0.5096530318260193
        },
        "Polygon": [
          {
            "X": 0.3253282308578491,
            "Y": 0.5098154544830322
          },
          {
            "X": 0.5644657611846924,
            "Y": 0.5096530318260193
          },
          {
            "X": 0.5645709037780762,
            "Y": 0.6208456754684448
          },
          {
            "X": 0.3254234194755554,
            "Y": 0.6210058927536011
          }
        ]
      },
      "Id": "9b51b6b2-e361-43e9-9541-7780fdf55abd",
      "Relationships": [
        {
          "Type": "CHILD",
          "Ids": [
            "b72ad155-e33d-41f0-8381-95b2ebc3b361"
          ]
        }
      ],
      "Page": 1
    },
    {
      "BlockType": "CELL",
      "Confidence": 90.234375,
      "RowIndex": 2,
      "ColumnIndex": 3,
      "RowSpan": 1,
      "ColumnSpan": 1,
      "Geometry": {
        "BoundingBox": {
          "Width": 0.25008371472358704,
          "Height": 0.11136237531900406,
          "Left": 0.5644657611846924,
          "Top": 0.509483277797699
        },
        "Polygon": [
          {
            "X": 0.5644657611846924,
            "Y": 0.5096530318260193
          },
          {
            "X": 0.8144339919090271,
            "Y": 0.509483277797699
          },
          {
            "X": 0.8145495057106018,
            "Y": 0.6206781268119812
          },
          {
            "X": 0.5645709037780762,
            "Y": 0.6208456754684448
          }
        ]
      },
      "Id": "3dde6519-1a9a-425d-835e-7186af12c9e2",
      "Relationships": [
        {
          "Type": "CHILD",
          "Ids": [
            "a4ca689a-4e8f-41f5-a697-c9bdce378937"
          ]
        }
      ],
      "Page": 1
    },
    {
      "BlockType": "CELL",
      "Confidence": 85.888671875,
      "RowIndex": 2,
      "ColumnIndex": 4,
      "RowSpan": 1,
      "ColumnSpan": 1,
      "Geometry": {
        "BoundingBox": {
          "Width": 0.17455525696277618,
          "Height": 0.1113133430480957,
          "Left": 0.8144339919090271,
          "Top": 0.5093647837638855
        },
        "Polygon": [
          {
            "X": 0.8144339919090271,
            "Y": 0.509483277797699
          },
          {
            "X": 0.9888665676116943,
            "Y": 0.5093647837638855
          },
          {
            "X": 0.9889892935752869,
            "Y": 0.6205612421035767
          },
          {
            "X": 0.8145495057106018,
            "Y": 0.6206781268119812
          }
        ]
      },
      "Id": "4c286482-a4d8-4fe6-b537-0c5e240e8d05",
      "Relationships": [
        {
          "Type": "CHILD",
          "Ids": [
            "ddb006f2-4ae2-4d5a-b0a7-f689f0c8eae1"
          ]
        }
      ],
      "Page": 1
    },
    {
      "BlockType": "CELL",
      "Confidence": 89.306640625,
      "RowIndex": 3,
      "ColumnIndex": 1,
      "RowSpan": 1,
      "ColumnSpan": 1,
      "Geometry": {
        "BoundingBox": {
          "Width": 0.31037652492523193,
          "Height": 0.0983223095536232,
          "Left": 0.015130876563489437,
          "Top": 0.6210058927536011
        },
        "Polygon": [
          {
            "X": 0.015130876563489437,
            "Y": 0.6212137937545776
          },
          {
            "X": 0.3254234194755554,
            "Y": 0.6210058927536011
          },
          {
            "X": 0.32550740242004395,
            "Y": 0.7191227674484253
          },
          {
            "X": 0.015203502029180527,
            "Y": 0.7193282246589661
          }
        ]
      },
      "Id": "96fc065a-b0a6-4e80-b6c9-3fdfffb61551",
      "Relationships": [
        {
          "Type": "CHILD",
          "Ids": [
            "a1f801cb-18ab-4a38-9473-e76921f922ec"
          ]
        }
      ],
      "Page": 1
    },
    {
      "BlockType": "CELL",
      "Confidence": 88.0859375,
      "RowIndex": 3,
      "ColumnIndex": 2,
      "RowSpan": 1,
      "ColumnSpan": 1,
      "Geometry": {
        "BoundingBox": {
          "Width": 0.23924021422863007,
          "Height": 0.09827712178230286,
          "Left": 0.3254234194755554,
          "Top": 0.6208456754684448
        },
        "Polygon": [
          {
            "X": 0.3254234194755554,
            "Y": 0.6210058927536011
          },
          {
            "X": 0.5645709037780762,
            "Y": 0.6208456754684448
          },
          {
            "X": 0.5646636486053467,
            "Y": 0.7189644575119019
          },
          {
            "X": 0.32550740242004395,
            "Y": 0.7191227674484253
          }
        ]
      },
      "Id": "695daa28-b8e0-4722-9767-6ead15cb218a",
      "Relationships": [
        {
          "Type": "CHILD",
          "Ids": [
            "a53f4f7d-0aec-449d-beef-2f26a660928d"
          ]
        }
      ],
      "Page": 1
    },
    {
      "BlockType": "CELL",
      "Confidence": 88.427734375,
      "RowIndex": 3,
      "ColumnIndex": 3,
      "RowSpan": 1,
      "ColumnSpan": 1,
      "Geometry": {
        "BoundingBox": {
          "Width": 0.25008052587509155,
          "Height": 0.09828628599643707,
          "Left": 0.5645709037780762,
          "Top": 0.6206781268119812
        },
        "Polygon": [
          {
            "X": 0.5645709037780762,
            "Y": 0.6208456754684448
          },
          {
            "X": 0.8145495057106018,
            "Y": 0.6206781268119812
          },
          {
            "X": 0.8146514296531677,
            "Y": 0.7187989354133606
          },
          {
            "X": 0.5646636486053467,
            "Y": 0.7189644575119019
          }
        ]
      },
      "Id": "4986be37-ecd2-434f-b989-d62145ed3a23",
      "Relationships": [
        {
          "Type": "CHILD",
          "Ids": [
            "6425718a-98e0-4b1e-95be-37ea984551fb"
          ]
        }
      ],
      "Page": 1
    },
    {
      "BlockType": "CELL",
      "Confidence": 84.1796875,
      "RowIndex": 3,
      "ColumnIndex": 4,
      "RowSpan": 1,
      "ColumnSpan": 1,
      "Geometry": {
        "BoundingBox": {
          "Width": 0.17454807460308075,
          "Height": 0.09823767095804214,
          "Left": 0.8145495057106018,
          "Top": 0.6205612421035767
        },
        "Polygon": [
          {
            "X": 0.8145495057106018,
            "Y": 0.6206781268119812
          },
          {
            "X": 0.9889892935752869,
            "Y": 0.6205612421035767
          },
          {
            "X": 0.9890975952148438,
            "Y": 0.7186834812164307
          },
          {
            "X": 0.8146514296531677,
            "Y": 0.7187989354133606
          }
        ]
      },
      "Id": "5e26d340-43d1-4d16-98d9-ccd679f0ab62",
      "Relationships": [
        {
          "Type": "CHILD",
          "Ids": [
            "1653b377-058e-4eaa-b345-cdb3ac2c6836"
          ]
        }
      ],
      "Page": 1
    },
    {
      "BlockType": "CELL",
      "Confidence": 86.9140625,
      "RowIndex": 4,
      "ColumnIndex": 1,
      "RowSpan": 1,
      "ColumnSpan": 1,
      "Geometry": {
        "BoundingBox": {
          "Width": 0.3103907108306885,
          "Height": 0.1015978530049324,
          "Left": 0.015203502029180527,
          "Top": 0.7191227674484253
        },
        "Polygon": [
          {
            "X": 0.015203502029180527,
            "Y": 0.7193282246589661
          },
          {
            "X": 0.32550740242004395,
            "Y": 0.7191227674484253
          },
          {
            "X": 0.3255942165851593,
            "Y": 0.8205177783966064
          },
          {
            "X": 0.015278554521501064,
            "Y": 0.8207206130027771
          }
        ]
      },
      "Id": "51ffe44c-3d4a-4763-a2c6-46dd871ef8b5",
      "Relationships": [
        {
          "Type": "CHILD",
          "Ids": [
            "58f941f2-b82b-440e-8fb5-54a3aa34bf8a",
            "49fc16c0-1ac7-446c-9bb0-4b77fb318a1a"
          ]
        }
      ],
      "Page": 1
    },
    {
      "BlockType": "CELL",
      "Confidence": 85.7421875,
      "RowIndex": 4,
      "ColumnIndex": 2,
      "RowSpan": 1,
      "ColumnSpan": 1,
      "Geometry": {
        "BoundingBox": {
          "Width": 0.23925207555294037,
          "Height": 0.10155332088470459,
          "Left": 0.32550740242004395,
          "Top": 0.7189644575119019
        },
        "Polygon": [
          {
            "X": 0.32550740242004395,
            "Y": 0.7191227674484253
          },
          {
            "X": 0.5646636486053467,
            "Y": 0.7189644575119019
          },
          {
            "X": 0.5647594928741455,
            "Y": 0.8203614354133606
          },
          {
            "X": 0.3255942165851593,
            "Y": 0.8205177783966064
          }
        ]
      },
      "Id": "2bb4e562-33b0-4cc8-a0ed-2f0908c87860",
      "Relationships": [
        {
          "Type": "CHILD",
          "Ids": [
            "1de3a6fe-24d3-4004-b050-4a3a6250e84b"
          ]
        }
      ],
      "Page": 1
    },
    {
      "BlockType": "CELL",
      "Confidence": 86.03515625,
      "RowIndex": 4,
      "ColumnIndex": 3,
      "RowSpan": 1,
      "ColumnSpan": 1,
      "Geometry": {
        "BoundingBox": {
          "Width": 0.2500930726528168,
          "Height": 0.10156246274709702,
          "Left": 0.5646636486053467,
          "Top": 0.7187989354133606
        },
        "Polygon": [
          {
            "X": 0.5646636486053467,
            "Y": 0.7189644575119019
          },
          {
            "X": 0.8146514296531677,
            "Y": 0.7187989354133606
          },
          {
            "X": 0.8147566914558411,
            "Y": 0.8201979994773865
          },
          {
            "X": 0.5647594928741455,
            "Y": 0.8203614354133606
          }
        ]
      },
      "Id": "91a2e506-60e2-480a-a603-2aab41577c7d",
      "Relationships": [
        {
          "Type": "CHILD",
          "Ids": [
            "fc791bef-475e-488c-b8da-ba5a7d2475de"
          ]
        }
      ],
      "Page": 1
    },
    {
      "BlockType": "CELL",
      "Confidence": 81.884765625,
      "RowIndex": 4,
      "ColumnIndex": 4,
      "RowSpan": 1,
      "ColumnSpan": 1,
      "Geometry": {
        "BoundingBox": {
          "Width": 0.17455807328224182,
          "Height": 0.10151451826095581,
          "Left": 0.8146514296531677,
          "Top": 0.7186834812164307
        },
        "Polygon": [
          {
            "X": 0.8146514296531677,
            "Y": 0.7187989354133606
          },
          {
            "X": 0.9890975952148438,
            "Y": 0.7186834812164307
          },
          {
            "X": 0.9892094731330872,
            "Y": 0.8200839161872864
          },
          {
            "X": 0.8147566914558411,
            "Y": 0.8201979994773865
          }
        ]
      },
      "Id": "84384466-c4ed-410d-a8e4-22029f08c971",
      "Relationships": [
        {
          "Type": "CHILD",
          "Ids": [
            "3a4bae94-385d-4e41-9513-fbc2e507b4e2"
          ]
        }
      ],
      "Page": 1
    },
    {
      "BlockType": "CELL",
      "Confidence": 93.1640625,
      "RowIndex": 5,
      "ColumnIndex": 1,
      "RowSpan": 1,
      "ColumnSpan": 1,
      "Geometry": {
        "BoundingBox": {
          "Width": 0.31040439009666443,
          "Height": 0.10386012494564056,
          "Left": 0.015278554521501064,
          "Top": 0.8205177783966064
        },
        "Polygon": [
          {
            "X": 0.015278554521501064,
            "Y": 0.8207206130027771
          },
          {
            "X": 0.3255942165851593,
            "Y": 0.8205177783966064
          },
          {
            "X": 0.32568293809890747,
            "Y": 0.9241776466369629
          },
          {
            "X": 0.01535528339445591,
            "Y": 0.9243778586387634
          }
        ]
      },
      "Id": "1595d87a-e625-40f6-a3c4-fe1a974f51c5",
      "Relationships": [
        {
          "Type": "CHILD",
          "Ids": [
            "7120b23a-d90a-49f0-bb48-8645abc6f057",
            "c2a4a6ea-a346-4f54-b19d-24c4c714ee21"
          ]
        }
      ],
      "EntityTypes": [
        "TABLE_SUMMARY"
      ],
      "Page": 1
    },
    {
      "BlockType": "CELL",
      "Confidence": 91.89453125,
      "RowIndex": 5,
      "ColumnIndex": 2,
      "RowSpan": 1,
      "ColumnSpan": 1,
      "Geometry": {
        "BoundingBox": {
          "Width": 0.23926326632499695,
          "Height": 0.10381623357534409,
          "Left": 0.3255942165851593,
          "Top": 0.8203614354133606
        },
        "Polygon": [
          {
            "X": 0.3255942165851593,
            "Y": 0.8205177783966064
          },
          {
            "X": 0.5647594928741455,
            "Y": 0.8203614354133606
          },
          {
            "X": 0.5648574829101562,
            "Y": 0.9240233302116394
          },
          {
            "X": 0.32568293809890747,
            "Y": 0.9241776466369629
          }
        ]
      },
      "Id": "4f7d4345-7ca7-4367-b659-e2f8351316cd",
      "Relationships": [
        {
          "Type": "CHILD",
          "Ids": [
            "e4aeb61a-61ce-402a-bf5c-6bc88e743b36"
          ]
        }
      ],
      "EntityTypes": [
        "TABLE_SUMMARY"
      ],
      "Page": 1
    },
    {
      "BlockType": "CELL",
      "Confidence": 92.236328125,
      "RowIndex": 5,
      "ColumnIndex": 3,
      "RowSpan": 1,
      "ColumnSpan": 1,
      "Geometry": {
        "BoundingBox": {
          "Width": 0.2501049041748047,
          "Height": 0.10382533818483353,
          "Left": 0.5647594928741455,
          "Top": 0.8201979994773865
        },
        "Polygon": [
          {
            "X": 0.5647594928741455,
            "Y": 0.8203614354133606
          },
          {
            "X": 0.8147566914558411,
            "Y": 0.8201979994773865
          },
          {
            "X": 0.8148643970489502,
            "Y": 0.9238619804382324
          },
          {
            "X": 0.5648574829101562,
            "Y": 0.9240233302116394
          }
        ]
      },
      "Id": "91dd02da-c288-44a4-82e0-6f14debb148a",
      "Relationships": [
        {
          "Type": "CHILD",
          "Ids": [
            "6eabd4db-4e98-4002-90b7-bf13500b5962"
          ]
        }
      ],
      "EntityTypes": [
        "TABLE_SUMMARY"
      ],
      "Page": 1
    },
    {
      "BlockType": "CELL",
      "Confidence": 87.841796875,
      "RowIndex": 5,
      "ColumnIndex": 4,
      "RowSpan": 1,
      "ColumnSpan": 1,
      "Geometry": {
        "BoundingBox": {
          "Width": 0.17456717789173126,
          "Height": 0.10377806425094604,
          "Left": 0.8147566914558411,
          "Top": 0.8200839161872864
        },
        "Polygon": [
          {
            "X": 0.8147566914558411,
            "Y": 0.8201979994773865
          },
          {
            "X": 0.9892094731330872,
            "Y": 0.8200839161872864
          },
          {
            "X": 0.9893239140510559,
            "Y": 0.9237494468688965
          },
          {
            "X": 0.8148643970489502,
            "Y": 0.9238619804382324
          }
        ]
      },
      "Id": "a54e8df7-5ea9-48a4-8dcc-2906d0d19819",
      "Relationships": [
        {
          "Type": "CHILD",
          "Ids": [
            "be4dc7af-5b21-4df1-b434-4f8154692b29"
          ]
        }
      ],
      "EntityTypes": [
        "TABLE_SUMMARY"
      ],
      "Page": 1
    },
    {
      "BlockType": "TABLE_TITLE",
      "Confidence": 98.876953125,
      "Geometry": {
        "BoundingBox": {
          "Width": 0.9353485107421875,
          "Height": 0.3779067099094391,
          "Left": 0.04962097108364105,
          "Top": 0.0066698333248496056
        },
        "Polygon": [
          {
            "X": 0.04962097108364105,
            "Y": 0.007343210279941559
          },
          {
            "X": 0.9845536947250366,
            "Y": 0.0066698333248496056
          },
          {
            "X": 0.9849694967269897,
            "Y": 0.3839319050312042
          },
          {
            "X": 0.04990512505173683,
            "Y": 0.38457655906677246
          }
        ]
      },
      "Id": "b05e9a79-00b2-434a-b9bf-56ce1c2f3680",
      "Relationships": [
        {
          "Type": "CHILD",
          "Ids": [
            "c9d35c9e-06d4-4af9-9d47-d5dc75dcd9d7",
            "a16afc1c-b1af-42e5-a419-03e7033ea40a",
            "f43c84b7-6334-4fa4-abc4-03f5fd5d05d3",
            "d877ab02-63f4-4550-b1f6-79f0354bd9d4",
            "9432798a-0733-4c78-955a-6984248e7932",
            "0f2c402d-62fe-4f0c-a0ae-61cb8d60e8c0",
            "2ae919ef-7ce4-47a8-9e15-65835aa479b3",
            "bbf5d4e3-5ff4-4f4b-9921-c31d35ca7230",
            "80270995-5bf9-4db2-add6-92211c3f7223",
            "df9bab8f-847d-4f74-bf88-b471cac76e12",
            "cd6a9308-cf61-49af-bde1-d7b0192da058",
            "a13540ae-0979-4596-a0e1-a326e89b5561",
            "276d0ffc-3a8f-4440-ad22-781723bffb0b",
            "d03c49b9-3daf-4189-b36b-09ca7b4a3aa8",
            "867a6153-d77f-41fa-9b44-410315fd0d7b"
          ]
        }
      ],
      "Page": 1
    }
  ],
  "AnalyzeDocumentModelVersion": "1.0"
}