{
  "DocumentMetadata": {
    "Pages": 1
  },
  "JobStatus": "SUCCEEDED",
  "Blocks": [
    {
      "BlockType": "PAGE",
      "Geometry": {
        "BoundingBox": {
          "Width": 0.9990094304084778,
          "Height": 1,
          "Left": 0.000990593689493835,
          "Top": 0
        },
        "Polygon": [
          {
            "X": 0.0018981945468112826,
            "Y": 0
          },
          {
            "X": 1,
            "Y": 0.0000062682534007763024
          },
          {
            "X": 1,
            "Y": 1
          },
          {
            "X": 0.000990593689493835,
            "Y": 1
          }
        ]
      },
      "Id": "b987f1de-8b9e-4ace-ada9-69333fe2ea57",
      "Relationships": [
        {
          "Type": "CHILD",
          "Ids": [
            "82428004-5972-46f7-987f-c38ab0c89973",
            "817b66a8-41f8-4d01-b685-2ffcdcb1a788",
            "0cc745cd-fd31-4a53-adf4-2cdf284dd1cf",
            "dd9b72ee-ed29-4df9-9f57-5d92a73d6e02",
            "a021fd8f-79fb-4081-8334-f4781988e7ab",
            "f46355f6-fb79-4ccd-a3f4-5d8e916f5cb6",
            "53193b0e-7f5e-42d7-82e3-98b4b99de792",
            "09620990-9c49-4038-95cb-2a63c38dcfb2",
            "d6c72c2d-79d3-4ad5-9feb-5fd9dfdc06e0",
            "6e4c942f-e6db-4578-ba40-7ade0d7e38d8",
            "747ac475-834f-4c01-a09a-41276f463df3",
            "65c049fc-718a-4e3a-84f0-901e81ac0f36",
            "53320f74-31e8-471a-b22b-5e6f1ff55b96",
            "c8476770-8b38-4ac9-a128-11b04255dccc",
            "afb21748-d874-4a85-9707-6449fb377039",
            "03de43fa-945a-4292-8123-0670e3a4c60c",
            "09400e52-d4a6-43ea-ab52-534d88387884",
            "abd3bb20-7cba-49a1-821f-6f0538488acc",
            "7a2c8ea8-c468-4015-8f57-9b332086d8fb"
          ]
        }
      ],
      "Page": 1
    },
    {
      "BlockType": "LINE",
      "Confidence": 98.99039459228516,
      "Text": "TABLE 2.1.",
      "Geometry": {
        "BoundingBox": {
          "Width": 0.12944196164608002,
          "Height": 0.09823418408632278,
          "Left": 0.43776318430900574,
          "Top": 0.052096690982580185
        },
        "Polygon": [
          {
            "X": 0.4378163516521454,
            "Y": 0.052096690982580185
          },
          {
            "X": 0.5672051310539246,
            "Y": 0.05276454612612724
          },
          {
            "X": 0.567162275314331,
            "Y": 0.15033087134361267
          },
          {
            "X": 0.43776318430900574,
            "Y": 0.14967463910579681
          }
        ]
      },
      "Id": "82428004-5972-46f7-987f-c38ab0c89973",
      "Relationships": [
        {
          "Type": "CHILD",
          "Ids": [
            "6584092a-80b1-40e2-894f-aa78fdcc78c9",
            "9e2e930a-4e86-4eb9-9b22-12e136b192ef"
          ]
        }
      ],
      "Page": 1
    },
    {
      "BlockType": "LINE",
      "Confidence": 99.92977905273438,
      "Text": "Room Area Confidence Ranks and Distribution of Wall Measurement Types",
      "Geometry": {
        "BoundingBox": {
          "Width": 0.9775694608688354,
          "Height": 0.13390931487083435,
          "Left": 0.013073367066681385,
          "Top": 0.21200670301914215
        },
        "Polygon": [
          {
            "X": 0.013188229873776436,
            "Y": 0.21200670301914215
          },
          {
            "X": 0.990642786026001,
            "Y": 0.2169056087732315
          },
          {
            "X": 0.9906305074691772,
            "Y": 0.3459160029888153
          },
          {
            "X": 0.013073367066681385,
            "Y": 0.341133177280426
          }
        ]
      },
      "Id": "817b66a8-41f8-4d01-b685-2ffcdcb1a788",
      "Relationships": [
        {
          "Type": "CHILD",
          "Ids": [
            "bd12becc-b76e-414f-a18a-e983a0e6a5c0",
            "79385dad-a37e-475e-abbb-0edd846b95a1",
            "83a007d5-9ed2-4b4c-8c74-aaf6cdcfa4ff",
            "05b3c790-b3d4-48f9-aaa8-d510c81561d3",
            "b62bf995-ad85-49fa-81e7-b6962011744e",
            "37de1e58-b4ea-4507-99c6-1c658b524986",
            "bd14050a-0e27-4ac1-8cea-df961d78d818",
            "7c151c2d-6d78-4cd4-b91d-7d5b738409a0",
            "148069e3-0370-4a54-b032-6e78f6712ee8",
            "9a7853c9-32b4-49a5-b10a-912c13cce903"
          ]
        }
      ],
      "Page": 1
    },
    {
      "BlockType": "LINE",
      "Confidence": 99.89407348632812,
      "Text": "Rank",
      "Geometry": {
        "BoundingBox": {
          "Width": 0.06155487522482872,
          "Height": 0.09514012187719345,
          "Left": 0.009660705924034119,
          "Top": 0.399475634098053
        },
        "Polygon": [
          {
            "X": 0.00974532961845398,
            "Y": 0.399475634098053
          },
          {
            "X": 0.07121557742357254,
            "Y": 0.3997730612754822
          },
          {
            "X": 0.07113569974899292,
            "Y": 0.494615763425827
          },
          {
            "X": 0.009660705924034119,
            "Y": 0.4943237006664276
          }
        ]
      },
      "Id": "0cc745cd-fd31-4a53-adf4-2cdf284dd1cf",
      "Relationships": [
        {
          "Type": "CHILD",
          "Ids": [
            "7504b659-a909-47df-82d6-499f631777ea"
          ]
        }
      ],
      "Page": 1
    },
    {
      "BlockType": "LINE",
      "Confidence": 98.80397033691406,
      "Text": "n",
      "Geometry": {
        "BoundingBox": {
          "Width": 0.015389171428978443,
          "Height": 0.061975400894880295,
          "Left": 0.2011803686618805,
          "Top": 0.4288487732410431
        },
        "Polygon": [
          {
            "X": 0.20122596621513367,
            "Y": 0.4288487732410431
          },
          {
            "X": 0.21656954288482666,
            "Y": 0.4289225935935974
          },
          {
            "X": 0.21652472019195557,
            "Y": 0.4908241629600525
          },
          {
            "X": 0.2011803686618805,
            "Y": 0.4907512068748474
          }
        ]
      },
      "Id": "dd9b72ee-ed29-4df9-9f57-5d92a73d6e02",
      "Relationships": [
        {
          "Type": "CHILD",
          "Ids": [
            "a556e957-fef2-4d8a-ad1a-ef1e335272f9"
          ]
        }
      ],
      "Page": 1
    },
    {
      "BlockType": "LINE",
      "Confidence": 99.85429382324219,
      "Text": "%",
      "Geometry": {
        "BoundingBox": {
          "Width": 0.024429170414805412,
          "Height": 0.0902605950832367,
          "Left": 0.3470344841480255,
          "Top": 0.40370869636535645
        },
        "Polygon": [
          {
            "X": 0.3470902144908905,
            "Y": 0.40370869636535645
          },
          {
            "X": 0.3714636564254761,
            "Y": 0.4038265645503998
          },
          {
            "X": 0.37140971422195435,
            "Y": 0.49396929144859314
          },
          {
            "X": 0.3470344841480255,
            "Y": 0.4938534200191498
          }
        ]
      },
      "Id": "a021fd8f-79fb-4081-8334-f4781988e7ab",
      "Relationships": [
        {
          "Type": "CHILD",
          "Ids": [
            "985fc4ae-81d1-46b9-bf41-9389a02c1121"
          ]
        }
      ],
      "Page": 1
    },
    {
      "BlockType": "LINE",
      "Confidence": 99.90779876708984,
      "Text": "Description",
      "Geometry": {
        "BoundingBox": {
          "Width": 0.13903604447841644,
          "Height": 0.1188039556145668,
          "Left": 0.5013163089752197,
          "Top": 0.3990418016910553
        },
        "Polygon": [
          {
            "X": 0.5013745427131653,
            "Y": 0.3990418016910553
          },
          {
            "X": 0.6403523683547974,
            "Y": 0.3997146487236023
          },
          {
            "X": 0.6403074264526367,
            "Y": 0.5178457498550415
          },
          {
            "X": 0.5013163089752197,
            "Y": 0.5171880125999451
          }
        ]
      },
      "Id": "f46355f6-fb79-4ccd-a3f4-5d8e916f5cb6",
      "Relationships": [
        {
          "Type": "CHILD",
          "Ids": [
            "711bb050-480f-401d-a3e6-448a8daee7a6"
          ]
        }
      ],
      "Page": 1
    },
    {
      "BlockType": "LINE",
      "Confidence": 97.36428833007812,
      "Text": "1",
      "Geometry": {
        "BoundingBox": {
          "Width": 0.009276121854782104,
          "Height": 0.08581922203302383,
          "Left": 0.011851547285914421,
          "Top": 0.570820689201355
        },
        "Polygon": [
          {
            "X": 0.011927914805710316,
            "Y": 0.570820689201355
          },
          {
            "X": 0.021127669140696526,
            "Y": 0.5708637237548828
          },
          {
            "X": 0.02105194330215454,
            "Y": 0.6566398739814758
          },
          {
            "X": 0.011851547285914421,
            "Y": 0.6565975546836853
          }
        ]
      },
      "Id": "53193b0e-7f5e-42d7-82e3-98b4b99de792",
      "Relationships": [
        {
          "Type": "CHILD",
          "Ids": [
            "2d57cd45-b197-4ac4-9643-42233518cbcc"
          ]
        }
      ],
      "Page": 1
    },
    {
      "BlockType": "LINE",
      "Confidence": 99.94154357910156,
      "Text": "103",
      "Geometry": {
        "BoundingBox": {
          "Width": 0.03987479954957962,
          "Height": 0.08828632533550262,
          "Left": 0.1896505355834961,
          "Top": 0.5663071274757385
        },
        "Polygon": [
          {
            "X": 0.18971626460552216,
            "Y": 0.5663071274757385
          },
          {
            "X": 0.2295253425836563,
            "Y": 0.5664936304092407
          },
          {
            "X": 0.22946247458457947,
            "Y": 0.6545934081077576
          },
          {
            "X": 0.1896505355834961,
            "Y": 0.6544101238250732
          }
        ]
      },
      "Id": "09620990-9c49-4038-95cb-2a63c38dcfb2",
      "Relationships": [
        {
          "Type": "CHILD",
          "Ids": [
            "9deb1019-512c-4ae3-9714-624f05192464"
          ]
        }
      ],
      "Page": 1
    },
    {
      "BlockType": "LINE",
      "Confidence": 99.87860107421875,
      "Text": "23",
      "Geometry": {
        "BoundingBox": {
          "Width": 0.027514245361089706,
          "Height": 0.08583265542984009,
          "Left": 0.3456870913505554,
          "Top": 0.5669645071029663
        },
        "Polygon": [
          {
            "X": 0.3457401692867279,
            "Y": 0.5669645071029663
          },
          {
            "X": 0.3732013404369354,
            "Y": 0.5670931339263916
          },
          {
            "X": 0.37315019965171814,
            "Y": 0.6527971625328064
          },
          {
            "X": 0.3456870913505554,
            "Y": 0.6526706218719482
          }
        ]
      },
      "Id": "d6c72c2d-79d3-4ad5-9feb-5fd9dfdc06e0",
      "Relationships": [
        {
          "Type": "CHILD",
          "Ids": [
            "00226d5c-1a97-48b1-b0ce-32531378733d"
          ]
        }
      ],
      "Page": 1
    },
    {
      "BlockType": "LINE",
      "Confidence": 99.94325256347656,
      "Text": "Excavated rooms",
      "Geometry": {
        "BoundingBox": {
          "Width": 0.19843362271785736,
          "Height": 0.09565471857786179,
          "Left": 0.5016455054283142,
          "Top": 0.5581420063972473
        },
        "Polygon": [
          {
            "X": 0.5016921758651733,
            "Y": 0.5581420063972473
          },
          {
            "X": 0.7000791430473328,
            "Y": 0.559073269367218
          },
          {
            "X": 0.7000477313995361,
            "Y": 0.6537966728210449
          },
          {
            "X": 0.5016455054283142,
            "Y": 0.6528826951980591
          }
        ]
      },
      "Id": "6e4c942f-e6db-4578-ba40-7ade0d7e38d8",
      "Relationships": [
        {
          "Type": "CHILD",
          "Ids": [
            "e83d44d0-0c12-463d-8330-8989ac2c12ce",
            "c6484685-a4a8-4ca1-a1ad-40913ba647df"
          ]
        }
      ],
      "Page": 1
    },
    {
      "BlockType": "LINE",
      "Confidence": 99.97077941894531,
      "Text": "2",
      "Geometry": {
        "BoundingBox": {
          "Width": 0.013721009716391563,
          "Height": 0.08791529387235641,
          "Left": 0.009504289366304874,
          "Top": 0.7074769735336304
        },
        "Polygon": [
          {
            "X": 0.009582663886249065,
            "Y": 0.7074769735336304
          },
          {
            "X": 0.023225298151373863,
            "Y": 0.7075391411781311
          },
          {
            "X": 0.02314789779484272,
            "Y": 0.7953922748565674
          },
          {
            "X": 0.009504289366304874,
            "Y": 0.7953312397003174
          }
        ]
      },
      "Id": "747ac475-834f-4c01-a09a-41276f463df3",
      "Relationships": [
        {
          "Type": "CHILD",
          "Ids": [
            "988351f3-013b-43f9-90a0-2d37f653b883"
          ]
        }
      ],
      "Page": 1
    },
    {
      "BlockType": "LINE",
      "Confidence": 99.93363952636719,
      "Text": "179",
      "Geometry": {
        "BoundingBox": {
          "Width": 0.040079355239868164,
          "Height": 0.0878063514828682,
          "Left": 0.18992272019386292,
          "Top": 0.705544650554657
        },
        "Polygon": [
          {
            "X": 0.18998806178569794,
            "Y": 0.705544650554657
          },
          {
            "X": 0.23000207543373108,
            "Y": 0.7057269811630249
          },
          {
            "X": 0.22993959486484528,
            "Y": 0.7933509945869446
          },
          {
            "X": 0.18992272019386292,
            "Y": 0.7931718826293945
          }
        ]
      },
      "Id": "65c049fc-718a-4e3a-84f0-901e81ac0f36",
      "Relationships": [
        {
          "Type": "CHILD",
          "Ids": [
            "ddaebb09-dd72-4759-9644-5452b1d35a6d"
          ]
        }
      ],
      "Page": 1
    },
    {
      "BlockType": "LINE",
      "Confidence": 99.94888305664062,
      "Text": "40",
      "Geometry": {
        "BoundingBox": {
          "Width": 0.028401492163538933,
          "Height": 0.08454212546348572,
          "Left": 0.3453986644744873,
          "Top": 0.705369234085083
        },
        "Polygon": [
          {
            "X": 0.3454509377479553,
            "Y": 0.705369234085083
          },
          {
            "X": 0.3738001585006714,
            "Y": 0.705498456954956
          },
          {
            "X": 0.3737497925758362,
            "Y": 0.7899113893508911
          },
          {
            "X": 0.3453986644744873,
            "Y": 0.7897843718528748
          }
        ]
      },
      "Id": "53320f74-31e8-471a-b22b-5e6f1ff55b96",
      "Relationships": [
        {
          "Type": "CHILD",
          "Ids": [
            "46742a05-75b4-49fe-9307-758a71a323bd"
          ]
        }
      ],
      "Page": 1
    },
    {
      "BlockType": "LINE",
      "Confidence": 99.92767333984375,
      "Text": "Cornered rooms",
      "Geometry": {
        "BoundingBox": {
          "Width": 0.19305652379989624,
          "Height": 0.09735231846570969,
          "Left": 0.5017206072807312,
          "Top": 0.6952534914016724
        },
        "Polygon": [
          {
            "X": 0.5017681121826172,
            "Y": 0.6952534914016724
          },
          {
            "X": 0.6947771310806274,
            "Y": 0.6961350440979004
          },
          {
            "X": 0.6947447061538696,
            "Y": 0.7926058173179626
          },
          {
            "X": 0.5017206072807312,
            "Y": 0.7917413711547852
          }
        ]
      },
      "Id": "c8476770-8b38-4ac9-a128-11b04255dccc",
      "Relationships": [
        {
          "Type": "CHILD",
          "Ids": [
            "3f499c2f-6bda-4365-b4e4-1c0a02c0dc1d",
            "a26042aa-0d08-48fb-bc9f-bc7ccec7c61a"
          ]
        }
      ],
      "Page": 1
    },
    {
      "BlockType": "LINE",
      "Confidence": 99.76948547363281,
      "Text": "3",
      "Geometry": {
        "BoundingBox": {
          "Width": 0.012525606900453568,
          "Height": 0.08705700933933258,
          "Left": 0.010395428165793419,
          "Top": 0.8438759446144104
        },
        "Polygon": [
          {
            "X": 0.010472972877323627,
            "Y": 0.8438759446144104
          },
          {
            "X": 0.022921035066246986,
            "Y": 0.8439310789108276
          },
          {
            "X": 0.02284437045454979,
            "Y": 0.9309329390525818
          },
          {
            "X": 0.010395428165793419,
            "Y": 0.9308788180351257
          }
        ]
      },
      "Id": "afb21748-d874-4a85-9707-6449fb377039",
      "Relationships": [
        {
          "Type": "CHILD",
          "Ids": [
            "f578d384-1003-4b44-9dfc-b4fad99e02e7"
          ]
        }
      ],
      "Page": 1
    },
    {
      "BlockType": "LINE",
      "Confidence": 99.96588897705078,
      "Text": "165",
      "Geometry": {
        "BoundingBox": {
          "Width": 0.03986881673336029,
          "Height": 0.08655178546905518,
          "Left": 0.1901305615901947,
          "Top": 0.8445250391960144
        },
        "Polygon": [
          {
            "X": 0.19019494950771332,
            "Y": 0.8445250391960144
          },
          {
            "X": 0.229999378323555,
            "Y": 0.8447012901306152
          },
          {
            "X": 0.22993779182434082,
            "Y": 0.9310768246650696
          },
          {
            "X": 0.1901305615901947,
            "Y": 0.9309037327766418
          }
        ]
      },
      "Id": "03de43fa-945a-4292-8123-0670e3a4c60c",
      "Relationships": [
        {
          "Type": "CHILD",
          "Ids": [
            "dca5db0c-e538-4183-9b75-b07bbdc86f16"
          ]
        }
      ],
      "Page": 1
    },
    {
      "BlockType": "LINE",
      "Confidence": 99.96086120605469,
      "Text": "37",
      "Geometry": {
        "BoundingBox": {
          "Width": 0.027483532205224037,
          "Height": 0.08433258533477783,
          "Left": 0.34643468260765076,
          "Top": 0.8430724740028381
        },
        "Polygon": [
          {
            "X": 0.34648674726486206,
            "Y": 0.8430724740028381
          },
          {
            "X": 0.37391820549964905,
            "Y": 0.8431940078735352
          },
          {
            "X": 0.3738679885864258,
            "Y": 0.927405059337616
          },
          {
            "X": 0.34643468260765076,
            "Y": 0.9272856116294861
          }
        ]
      },
      "Id": "09400e52-d4a6-43ea-ab52-534d88387884",
      "Relationships": [
        {
          "Type": "CHILD",
          "Ids": [
            "ebc78d8d-84d4-4e68-91e4-f1a448c53959"
          ]
        }
      ],
      "Page": 1
    },
    {
      "BlockType": "LINE",
      "Confidence": 99.84968566894531,
      "Text": "Rooms measured from surface indications",
      "Geometry": {
        "BoundingBox": {
          "Width": 0.4911957383155823,
          "Height": 0.0977540984749794,
          "Left": 0.5024324059486389,
          "Top": 0.8322811126708984
        },
        "Polygon": [
          {
            "X": 0.5024794340133667,
            "Y": 0.8322811126708984
          },
          {
            "X": 0.9936281442642212,
            "Y": 0.8344622850418091
          },
          {
            "X": 0.9936192035675049,
            "Y": 0.9300352334976196
          },
          {
            "X": 0.5024324059486389,
            "Y": 0.9278972744941711
          }
        ]
      },
      "Id": "abd3bb20-7cba-49a1-821f-6f0538488acc",
      "Relationships": [
        {
          "Type": "CHILD",
          "Ids": [
            "d8714ff3-047f-4b44-aadf-fa64e723c7ef",
            "9bd32de8-8a5a-4e89-8c82-b9008080bcd0",
            "9ef54c77-83d1-4496-88e2-2de4d37a330c",
            "d3916522-6b3b-46cf-b08a-515a88ca7ef5",
            "27368f6c-b795-48d4-87d5-157804374193"
          ]
        }
      ],
      "Page": 1
    },
    {
      "BlockType": "WORD",
      "Confidence": 99.7887191772461,
      "Text": "TABLE",
      "TextType": "PRINTED",
      "Geometry": {
        "BoundingBox": {
          "Width": 0.08121683448553085,
          "Height": 0.09798959642648697,
          "Left": 0.43776318430900574,
          "Top": 0.052096690982580185
        },
        "Polygon": [
          {
            "X": 0.4378163516521454,
            "Y": 0.052096690982580185
          },
          {
            "X": 0.5189800262451172,
            "Y": 0.052515625953674316
          },
          {
            "X": 0.5189332962036133,
            "Y": 0.15008628368377686
          },
          {
            "X": 0.43776318430900574,
            "Y": 0.14967463910579681
          }
        ]
      },
      "Id": "6584092a-80b1-40e2-894f-aa78fdcc78c9",
      "Page": 1
    },
    {
      "BlockType": "WORD",
      "Confidence": 98.19207000732422,
      "Text": "2.1.",
      "TextType": "PRINTED",
      "Geometry": {
        "BoundingBox": {
          "Width": 0.0390295535326004,
          "Height": 0.07414576411247253,
          "Left": 0.5281658172607422,
          "Top": 0.07484018802642822
        },
        "Polygon": [
          {
            "X": 0.528200626373291,
            "Y": 0.07484018802642822
          },
          {
            "X": 0.5671953558921814,
            "Y": 0.07504066079854965
          },
          {
            "X": 0.5671628713607788,
            "Y": 0.14898595213890076
          },
          {
            "X": 0.5281658172607422,
            "Y": 0.14878812432289124
          }
        ]
      },
      "Id": "9e2e930a-4e86-4eb9-9b22-12e136b192ef",
      "Page": 1
    },
    {
      "BlockType": "WORD",
      "Confidence": 99.9713363647461,
      "Text": "Room",
      "TextType": "PRINTED",
      "Geometry": {
        "BoundingBox": {
          "Width": 0.0794852003455162,
          "Height": 0.09829045832157135,
          "Left": 0.013090928085148335,
          "Top": 0.2234916090965271
        },
        "Polygon": [
          {
            "X": 0.013178014196455479,
            "Y": 0.2234916090965271
          },
          {
            "X": 0.09257612377405167,
            "Y": 0.22388869524002075
          },
          {
            "X": 0.09249535948038101,
            "Y": 0.32178205251693726
          },
          {
            "X": 0.013090928085148335,
            "Y": 0.32139211893081665
          }
        ]
      },
      "Id": "bd12becc-b76e-414f-a18a-e983a0e6a5c0",
      "Page": 1
    },
    {
      "BlockType": "WORD",
      "Confidence": 99.95781707763672,
      "Text": "Area",
      "TextType": "PRINTED",
      "Geometry": {
        "BoundingBox": {
          "Width": 0.06012609973549843,
          "Height": 0.09811720252037048,
          "Left": 0.09932418167591095,
          "Top": 0.22380158305168152
        },
        "Polygon": [
          {
            "X": 0.09940434992313385,
            "Y": 0.22380158305168152
          },
          {
            "X": 0.15945027768611908,
            "Y": 0.22410190105438232
          },
          {
            "X": 0.1593748927116394,
            "Y": 0.321918785572052
          },
          {
            "X": 0.09932418167591095,
            "Y": 0.32162386178970337
          }
        ]
      },
      "Id": "79385dad-a37e-475e-abbb-0edd846b95a1",
      "Page": 1
    },
    {
      "BlockType": "WORD",
      "Confidence": 99.91172790527344,
      "Text": "Confidence",
      "TextType": "PRINTED",
      "Geometry": {
        "BoundingBox": {
          "Width": 0.14757190644741058,
          "Height": 0.10917013138532639,
          "Left": 0.16718479990959167,
          "Top": 0.21537499129772186
        },
        "Polygon": [
          {
            "X": 0.16726769506931305,
            "Y": 0.21537499129772186
          },
          {
            "X": 0.31475669145584106,
            "Y": 0.2161138355731964
          },
          {
            "X": 0.3146868050098419,
            "Y": 0.32454511523246765
          },
          {
            "X": 0.16718479990959167,
            "Y": 0.3238210082054138
          }
        ]
      },
      "Id": "83a007d5-9ed2-4b4c-8c74-aaf6cdcfa4ff",
      "Page": 1
    },
    {
      "BlockType": "WORD",
      "Confidence": 99.93282318115234,
      "Text": "Ranks",
      "TextType": "PRINTED",
      "Geometry": {
        "BoundingBox": {
          "Width": 0.07864784449338913,
          "Height": 0.10316423326730728,
          "Left": 0.3223619759082794,
          "Top": 0.21770232915878296
        },
        "Polygon": [
          {
            "X": 0.32242757081985474,
            "Y": 0.21770232915878296
          },
          {
            "X": 0.40100979804992676,
            "Y": 0.21809586882591248
          },
          {
            "X": 0.40095075964927673,
            "Y": 0.32086655497550964
          },
          {
            "X": 0.3223619759082794,
            "Y": 0.32048043608665466
          }
        ]
      },
      "Id": "05b3c790-b3d4-48f9-aaa8-d510c81561d3",
      "Page": 1
    },
    {
      "BlockType": "WORD",
      "Confidence": 99.99310302734375,
      "Text": "and",
      "TextType": "PRINTED",
      "Geometry": {
        "BoundingBox": {
          "Width": 0.04873642325401306,
          "Height": 0.10453157126903534,
          "Left": 0.4089297652244568,
          "Top": 0.2160685658454895
        },
        "Polygon": [
          {
            "X": 0.4089890122413635,
            "Y": 0.2160685658454895
          },
          {
            "X": 0.45766618847846985,
            "Y": 0.21631242334842682
          },
          {
            "X": 0.457611083984375,
            "Y": 0.32060012221336365
          },
          {
            "X": 0.4089297652244568,
            "Y": 0.32036092877388
          }
        ]
      },
      "Id": "b62bf995-ad85-49fa-81e7-b6962011744e",
      "Page": 1
    },
    {
      "BlockType": "WORD",
      "Confidence": 99.86579132080078,
      "Text": "Distribution",
      "TextType": "PRINTED",
      "Geometry": {
        "BoundingBox": {
          "Width": 0.15961351990699768,
          "Height": 0.10445889830589294,
          "Left": 0.4667230248451233,
          "Top": 0.2166612595319748
        },
        "Polygon": [
          {
            "X": 0.4667770564556122,
            "Y": 0.2166612595319748
          },
          {
            "X": 0.6263365149497986,
            "Y": 0.21746060252189636
          },
          {
            "X": 0.6262959837913513,
            "Y": 0.32112014293670654
          },
          {
            "X": 0.4667230248451233,
            "Y": 0.3203360140323639
          }
        ]
      },
      "Id": "37de1e58-b4ea-4507-99c6-1c658b524986",
      "Page": 1
    },
    {
      "BlockType": "WORD",
      "Confidence": 99.99158477783203,
      "Text": "of",
      "TextType": "PRINTED",
      "Geometry": {
        "BoundingBox": {
          "Width": 0.029396608471870422,
          "Height": 0.10363809764385223,
          "Left": 0.6344907879829407,
          "Top": 0.21560153365135193
        },
        "Polygon": [
          {
            "X": 0.6345306038856506,
            "Y": 0.21560153365135193
          },
          {
            "X": 0.6638873815536499,
            "Y": 0.2157486528158188
          },
          {
            "X": 0.6638500094413757,
            "Y": 0.31923964619636536
          },
          {
            "X": 0.6344907879829407,
            "Y": 0.31909531354904175
          }
        ]
      },
      "Id": "bd14050a-0e27-4ac1-8cea-df961d78d818",
      "Page": 1
    },
    {
      "BlockType": "WORD",
      "Confidence": 99.83502960205078,
      "Text": "Wall",
      "TextType": "PRINTED",
      "Geometry": {
        "BoundingBox": {
          "Width": 0.058496423065662384,
          "Height": 0.10219787061214447,
          "Left": 0.6679372191429138,
          "Top": 0.2152884155511856
        },
        "Polygon": [
          {
            "X": 0.6679736971855164,
            "Y": 0.2152884155511856
          },
          {
            "X": 0.7264336943626404,
            "Y": 0.21558141708374023
          },
          {
            "X": 0.7264020442962646,
            "Y": 0.3174862861633301
          },
          {
            "X": 0.6679372191429138,
            "Y": 0.317198783159256
          }
        ]
      },
      "Id": "7c151c2d-6d78-4cd4-b91d-7d5b738409a0",
      "Page": 1
    },
    {
      "BlockType": "WORD",
      "Confidence": 99.94309997558594,
      "Text": "Measurement",
      "TextType": "PRINTED",
      "Geometry": {
        "BoundingBox": {
          "Width": 0.17712794244289398,
          "Height": 0.09876145422458649,
          "Left": 0.7329393625259399,
          "Top": 0.21974235773086548
        },
        "Polygon": [
          {
            "X": 0.7329691648483276,
            "Y": 0.21974235773086548
          },
          {
            "X": 0.9100672602653503,
            "Y": 0.22062928974628448
          },
          {
            "X": 0.9100515246391296,
            "Y": 0.31850382685661316
          },
          {
            "X": 0.7329393625259399,
            "Y": 0.31763285398483276
          }
        ]
      },
      "Id": "148069e3-0370-4a54-b032-6e78f6712ee8",
      "Page": 1
    },
    {
      "BlockType": "WORD",
      "Confidence": 99.89551544189453,
      "Text": "Types",
      "TextType": "PRINTED",
      "Geometry": {
        "BoundingBox": {
          "Width": 0.07333571463823318,
          "Height": 0.12721924483776093,
          "Left": 0.9173069000244141,
          "Top": 0.21869677305221558
        },
        "Polygon": [
          {
            "X": 0.9173265695571899,
            "Y": 0.21869677305221558
          },
          {
            "X": 0.9906426072120667,
            "Y": 0.21906407177448273
          },
          {
            "X": 0.9906305074691772,
            "Y": 0.3459160029888153
          },
          {
            "X": 0.9173069000244141,
            "Y": 0.3455572724342346
          }
        ]
      },
      "Id": "9a7853c9-32b4-49a5-b10a-912c13cce903",
      "Page": 1
    },
    {
      "BlockType": "WORD",
      "Confidence": 99.89407348632812,
      "Text": "Rank",
      "TextType": "PRINTED",
      "Geometry": {
        "BoundingBox": {
          "Width": 0.06155487522482872,
          "Height": 0.09514012187719345,
          "Left": 0.009660705924034119,
          "Top": 0.399475634098053
        },
        "Polygon": [
          {
            "X": 0.00974532961845398,
            "Y": 0.399475634098053
          },
          {
            "X": 0.07121557742357254,
            "Y": 0.3997730612754822
          },
          {
            "X": 0.07113569974899292,
            "Y": 0.494615763425827
          },
          {
            "X": 0.009660705924034119,
            "Y": 0.4943237006664276
          }
        ]
      },
      "Id": "7504b659-a909-47df-82d6-499f631777ea",
      "Page": 1
    },
    {
      "BlockType": "WORD",
      "Confidence": 98.80397033691406,
      "Text": "n",
      "TextType": "PRINTED",
      "Geometry": {
        "BoundingBox": {
          "Width": 0.015389171428978443,
          "Height": 0.061975400894880295,
          "Left": 0.2011803686618805,
          "Top": 0.4288487732410431
        },
        "Polygon": [
          {
            "X": 0.20122596621513367,
            "Y": 0.4288487732410431
          },
          {
            "X": 0.21656954288482666,
            "Y": 0.4289225935935974
          },
          {
            "X": 0.21652472019195557,
            "Y": 0.4908241629600525
          },
          {
            "X": 0.2011803686618805,
            "Y": 0.4907512068748474
          }
        ]
      },
      "Id": "a556e957-fef2-4d8a-ad1a-ef1e335272f9",
      "Page": 1
    },
    {
      "BlockType": "WORD",
      "Confidence": 99.85429382324219,
      "Text": "%",
      "TextType": "PRINTED",
      "Geometry": {
        "BoundingBox": {
          "Width": 0.024429170414805412,
          "Height": 0.0902605950832367,
          "Left": 0.3470344841480255,
          "Top": 0.40370869636535645
        },
        "Polygon": [
          {
            "X": 0.3470902144908905,
            "Y": 0.40370869636535645
          },
          {
            "X": 0.3714636564254761,
            "Y": 0.4038265645503998
          },
          {
            "X": 0.37140971422195435,
            "Y": 0.49396929144859314
          },
          {
            "X": 0.3470344841480255,
            "Y": 0.4938534200191498
          }
        ]
      },
      "Id": "985fc4ae-81d1-46b9-bf41-9389a02c1121",
      "Page": 1
    },
    {
      "BlockType": "WORD",
      "Confidence": 99.90779876708984,
      "Text": "Description",
      "TextType": "PRINTED",
      "Geometry": {
        "BoundingBox": {
          "Width": 0.13903604447841644,
          "Height": 0.1188039556145668,
          "Left": 0.5013163089752197,
          "Top": 0.3990418016910553
        },
        "Polygon": [
          {
            "X": 0.5013745427131653,
            "Y": 0.3990418016910553
          },
          {
            "X": 0.6403523683547974,
            "Y": 0.3997146487236023
          },
          {
            "X": 0.6403074264526367,
            "Y": 0.5178457498550415
          },
          {
            "X": 0.5013163089752197,
            "Y": 0.5171880125999451
          }
        ]
      },
      "Id": "711bb050-480f-401d-a3e6-448a8daee7a6",
      "Page": 1
    },
    {
      "BlockType": "WORD",
      "Confidence": 97.36428833007812,
      "Text": "1",
      "TextType": "PRINTED",
      "Geometry": {
        "BoundingBox": {
          "Width": 0.009276121854782104,
          "Height": 0.08581922203302383,
          "Left": 0.011851547285914421,
          "Top": 0.570820689201355
        },
        "Polygon": [
          {
            "X": 0.011927914805710316,
            "Y": 0.570820689201355
          },
          {
            "X": 0.021127669140696526,
            "Y": 0.5708637237548828
          },
          {
            "X": 0.02105194330215454,
            "Y": 0.6566398739814758
          },
          {
            "X": 0.011851547285914421,
            "Y": 0.6565975546836853
          }
        ]
      },
      "Id": "2d57cd45-b197-4ac4-9643-42233518cbcc",
      "Page": 1
    },
    {
      "BlockType": "WORD",
      "Confidence": 99.94154357910156,
      "Text": "103",
      "TextType": "PRINTED",
      "Geometry": {
        "BoundingBox": {
          "Width": 0.03987479954957962,
          "Height": 0.08828632533550262,
          "Left": 0.1896505355834961,
          "Top": 0.5663071274757385
        },
        "Polygon": [
          {
            "X": 0.18971626460552216,
            "Y": 0.5663071274757385
          },
          {
            "X": 0.2295253425836563,
            "Y": 0.5664936304092407
          },
          {
            "X": 0.22946247458457947,
            "Y": 0.6545934081077576
          },
          {
            "X": 0.1896505355834961,
            "Y": 0.6544101238250732
          }
        ]
      },
      "Id": "9deb1019-512c-4ae3-9714-624f05192464",
      "Page": 1
    },
    {
      "BlockType": "WORD",
      "Confidence": 99.87860107421875,
      "Text": "23",
      "TextType": "PRINTED",
      "Geometry": {
        "BoundingBox": {
          "Width": 0.027514245361089706,
          "Height": 0.08583265542984009,
          "Left": 0.3456870913505554,
          "Top": 0.5669645071029663
        },
        "Polygon": [
          {
            "X": 0.3457401692867279,
            "Y": 0.5669645071029663
          },
          {
            "X": 0.3732013404369354,
            "Y": 0.5670931339263916
          },
          {
            "X": 0.37315019965171814,
            "Y": 0.6527971625328064
          },
          {
            "X": 0.3456870913505554,
            "Y": 0.6526706218719482
          }
        ]
      },
      "Id": "00226d5c-1a97-48b1-b0ce-32531378733d",
      "Page": 1
    },
    {
      "BlockType": "WORD",
      "Confidence": 99.91393280029297,
      "Text": "Excavated",
      "TextType": "PRINTED",
      "Geometry": {
        "BoundingBox": {
          "Width": 0.11622266471385956,
          "Height": 0.09527596086263657,
          "Left": 0.5016455054283142,
          "Top": 0.5581420063972473
        },
        "Polygon": [
          {
            "X": 0.5016921758651733,
            "Y": 0.5581420063972473
          },
          {
            "X": 0.617868185043335,
            "Y": 0.5586873292922974
          },
          {
            "X": 0.6178304553031921,
            "Y": 0.6534179449081421
          },
          {
            "X": 0.5016455054283142,
            "Y": 0.6528826951980591
          }
        ]
      },
      "Id": "e83d44d0-0c12-463d-8330-8989ac2c12ce",
      "Page": 1
    },
    {
      "BlockType": "WORD",
      "Confidence": 99.97257232666016,
      "Text": "rooms",
      "TextType": "PRINTED",
      "Geometry": {
        "BoundingBox": {
          "Width": 0.07432472705841064,
          "Height": 0.06693457812070847,
          "Left": 0.6257452964782715,
          "Top": 0.5861639380455017
        },
        "Polygon": [
          {
            "X": 0.6257714033126831,
            "Y": 0.5861639380455017
          },
          {
            "X": 0.7000700235366821,
            "Y": 0.5865108370780945
          },
          {
            "X": 0.7000479698181152,
            "Y": 0.6530985236167908
          },
          {
            "X": 0.6257452964782715,
            "Y": 0.6527561545372009
          }
        ]
      },
      "Id": "c6484685-a4a8-4ca1-a1ad-40913ba647df",
      "Page": 1
    },
    {
      "BlockType": "WORD",
      "Confidence": 99.97077941894531,
      "Text": "2",
      "TextType": "PRINTED",
      "Geometry": {
        "BoundingBox": {
          "Width": 0.013721009716391563,
          "Height": 0.08791529387235641,
          "Left": 0.009504289366304874,
          "Top": 0.7074769735336304
        },
        "Polygon": [
          {
            "X": 0.009582663886249065,
            "Y": 0.7074769735336304
          },
          {
            "X": 0.023225298151373863,
            "Y": 0.7075391411781311
          },
          {
            "X": 0.02314789779484272,
            "Y": 0.7953922748565674
          },
          {
            "X": 0.009504289366304874,
            "Y": 0.7953312397003174
          }
        ]
      },
      "Id": "988351f3-013b-43f9-90a0-2d37f653b883",
      "Page": 1
    },
    {
      "BlockType": "WORD",
      "Confidence": 99.93363952636719,
      "Text": "179",
      "TextType": "PRINTED",
      "Geometry": {
        "BoundingBox": {
          "Width": 0.040079355239868164,
          "Height": 0.0878063514828682,
          "Left": 0.18992272019386292,
          "Top": 0.705544650554657
        },
        "Polygon": [
          {
            "X": 0.18998806178569794,
            "Y": 0.705544650554657
          },
          {
            "X": 0.23000207543373108,
            "Y": 0.7057269811630249
          },
          {
            "X": 0.22993959486484528,
            "Y": 0.7933509945869446
          },
          {
            "X": 0.18992272019386292,
            "Y": 0.7931718826293945
          }
        ]
      },
      "Id": "ddaebb09-dd72-4759-9644-5452b1d35a6d",
      "Page": 1
    },
    {
      "BlockType": "WORD",
      "Confidence": 99.94888305664062,
      "Text": "40",
      "TextType": "PRINTED",
      "Geometry": {
        "BoundingBox": {
          "Width": 0.028401492163538933,
          "Height": 0.08454212546348572,
          "Left": 0.3453986644744873,
          "Top": 0.705369234085083
        },
        "Polygon": [
          {
            "X": 0.3454509377479553,
            "Y": 0.705369234085083
          },
          {
            "X": 0.3738001585006714,
            "Y": 0.705498456954956
          },
          {
            "X": 0.3737497925758362,
            "Y": 0.7899113893508911
          },
          {
            "X": 0.3453986644744873,
            "Y": 0.7897843718528748
          }
        ]
      },
      "Id": "46742a05-75b4-49fe-9307-758a71a323bd",
      "Page": 1
    },
    {
      "BlockType": "WORD",
      "Confidence": 99.88090515136719,
      "Text": "Cornered",
      "TextType": "PRINTED",
      "Geometry": {
        "BoundingBox": {
          "Width": 0.1101110428571701,
          "Height": 0.09698081761598587,
          "Left": 0.5017206072807312,
          "Top": 0.6952534914016724
        },
        "Polygon": [
          {
            "X": 0.5017681121826172,
            "Y": 0.6952534914016724
          },
          {
            "X": 0.6118316650390625,
            "Y": 0.695756196975708
          },
          {
            "X": 0.6117927432060242,
            "Y": 0.7922343015670776
          },
          {
            "X": 0.5017206072807312,
            "Y": 0.7917413711547852
          }
        ]
      },
      "Id": "3f499c2f-6bda-4365-b4e4-1c0a02c0dc1d",
      "Page": 1
    },
    {
      "BlockType": "WORD",
      "Confidence": 99.97444915771484,
      "Text": "rooms",
      "TextType": "PRINTED",
      "Geometry": {
        "BoundingBox": {
          "Width": 0.07492035627365112,
          "Height": 0.06311498582363129,
          "Left": 0.619845986366272,
          "Top": 0.727885901927948
        },
        "Polygon": [
          {
            "X": 0.6198709011077881,
            "Y": 0.727885901927948
          },
          {
            "X": 0.6947663426399231,
            "Y": 0.728225827217102
          },
          {
            "X": 0.6947452425956726,
            "Y": 0.7910009026527405
          },
          {
            "X": 0.619845986366272,
            "Y": 0.7906653881072998
          }
        ]
      },
      "Id": "a26042aa-0d08-48fb-bc9f-bc7ccec7c61a",
      "Page": 1
    },
    {
      "BlockType": "WORD",
      "Confidence": 99.76948547363281,
      "Text": "3",
      "TextType": "PRINTED",
      "Geometry": {
        "BoundingBox": {
          "Width": 0.012525606900453568,
          "Height": 0.08705700933933258,
          "Left": 0.010395428165793419,
          "Top": 0.8438759446144104
        },
        "Polygon": [
          {
            "X": 0.010472972877323627,
            "Y": 0.8438759446144104
          },
          {
            "X": 0.022921035066246986,
            "Y": 0.8439310789108276
          },
          {
            "X": 0.02284437045454979,
            "Y": 0.9309329390525818
          },
          {
            "X": 0.010395428165793419,
            "Y": 0.9308788180351257
          }
        ]
      },
      "Id": "f578d384-1003-4b44-9dfc-b4fad99e02e7",
      "Page": 1
    },
    {
      "BlockType": "WORD",
      "Confidence": 99.96588897705078,
      "Text": "165",
      "TextType": "PRINTED",
      "Geometry": {
        "BoundingBox": {
          "Width": 0.03986881673336029,
          "Height": 0.08655178546905518,
          "Left": 0.1901305615901947,
          "Top": 0.8445250391960144
        },
        "Polygon": [
          {
            "X": 0.19019494950771332,
            "Y": 0.8445250391960144
          },
          {
            "X": 0.229999378323555,
            "Y": 0.8447012901306152
          },
          {
            "X": 0.22993779182434082,
            "Y": 0.9310768246650696
          },
          {
            "X": 0.1901305615901947,
            "Y": 0.9309037327766418
          }
        ]
      },
      "Id": "dca5db0c-e538-4183-9b75-b07bbdc86f16",
      "Page": 1
    },
    {
      "BlockType": "WORD",
      "Confidence": 99.96086120605469,
      "Text": "37",
      "TextType": "PRINTED",
      "Geometry": {
        "BoundingBox": {
          "Width": 0.027483532205224037,
          "Height": 0.08433258533477783,
          "Left": 0.34643468260765076,
          "Top": 0.8430724740028381
        },
        "Polygon": [
          {
            "X": 0.34648674726486206,
            "Y": 0.8430724740028381
          },
          {
            "X": 0.37391820549964905,
            "Y": 0.8431940078735352
          },
          {
            "X": 0.3738679885864258,
            "Y": 0.927405059337616
          },
          {
            "X": 0.34643468260765076,
            "Y": 0.9272856116294861
          }
        ]
      },
      "Id": "ebc78d8d-84d4-4e68-91e4-f1a448c53959",
      "Page": 1
    },
    {
      "BlockType": "WORD",
      "Confidence": 99.9366226196289,
      "Text": "Rooms",
      "TextType": "PRINTED",
      "Geometry": {
        "BoundingBox": {
          "Width": 0.08227541297674179,
          "Height": 0.08744021505117416,
          "Left": 0.5024324059486389,
          "Top": 0.840815007686615
        },
        "Polygon": [
          {
            "X": 0.5024752020835876,
            "Y": 0.840815007686615
          },
          {
            "X": 0.5847077965736389,
            "Y": 0.8411795496940613
          },
          {
            "X": 0.5846707820892334,
            "Y": 0.9282552003860474
          },
          {
            "X": 0.5024324059486389,
            "Y": 0.9278972744941711
          }
        ]
      },
      "Id": "d8714ff3-047f-4b44-aadf-fa64e723c7ef",
      "Page": 1
    },
    {
      "BlockType": "WORD",
      "Confidence": 99.98934173583984,
      "Text": "measured",
      "TextType": "PRINTED",
      "Geometry": {
        "BoundingBox": {
          "Width": 0.11207782477140427,
          "Height": 0.09374922513961792,
          "Left": 0.5923293232917786,
          "Top": 0.8345273733139038
        },
        "Polygon": [
          {
            "X": 0.5923683643341064,
            "Y": 0.8345273733139038
          },
          {
            "X": 0.7044071555137634,
            "Y": 0.8350247144699097
          },
          {
            "X": 0.7043765783309937,
            "Y": 0.9282765984535217
          },
          {
            "X": 0.5923293232917786,
            "Y": 0.9277888536453247
          }
        ]
      },
      "Id": "9bd32de8-8a5a-4e89-8c82-b9008080bcd0",
      "Page": 1
    },
    {
      "BlockType": "WORD",
      "Confidence": 99.9893569946289,
      "Text": "from",
      "TextType": "PRINTED",
      "Geometry": {
        "BoundingBox": {
          "Width": 0.05713840574026108,
          "Height": 0.09304193407297134,
          "Left": 0.7124508023262024,
          "Top": 0.833213746547699
        },
        "Polygon": [
          {
            "X": 0.7124806642532349,
            "Y": 0.833213746547699
          },
          {
            "X": 0.7695892453193665,
            "Y": 0.8334673643112183
          },
          {
            "X": 0.7695637345314026,
            "Y": 0.9262556433677673
          },
          {
            "X": 0.7124508023262024,
            "Y": 0.9260069131851196
          }
        ]
      },
      "Id": "9ef54c77-83d1-4496-88e2-2de4d37a330c",
      "Page": 1
    },
    {
      "BlockType": "WORD",
      "Confidence": 99.95269775390625,
      "Text": "surface",
      "TextType": "PRINTED",
      "Geometry": {
        "BoundingBox": {
          "Width": 0.08123890310525894,
          "Height": 0.0924849659204483,
          "Left": 0.7778520584106445,
          "Top": 0.8336360454559326
        },
        "Polygon": [
          {
            "X": 0.7778767943382263,
            "Y": 0.8336360454559326
          },
          {
            "X": 0.8590909838676453,
            "Y": 0.8339967131614685
          },
          {
            "X": 0.8590723276138306,
            "Y": 0.9261210560798645
          },
          {
            "X": 0.7778520584106445,
            "Y": 0.9257672429084778
          }
        ]
      },
      "Id": "d3916522-6b3b-46cf-b08a-515a88ca7ef5",
      "Page": 1
    },
    {
      "BlockType": "WORD",
      "Confidence": 99.3803939819336,
      "Text": "indications",
      "TextType": "PRINTED",
      "Geometry": {
        "BoundingBox": {
          "Width": 0.1267584264278412,
          "Height": 0.09351041913032532,
          "Left": 0.8668696880340576,
          "Top": 0.8341615200042725
        },
        "Polygon": [
          {
            "X": 0.8668879270553589,
            "Y": 0.8341615200042725
          },
          {
            "X": 0.9936280846595764,
            "Y": 0.8347243070602417
          },
          {
            "X": 0.993619441986084,
            "Y": 0.9276719093322754
          },
          {
            "X": 0.8668696880340576,
            "Y": 0.9271199703216553
          }
        ]
      },
      "Id": "27368f6c-b795-48d4-87d5-157804374193",
      "Page": 1
    },
    {
      "BlockType": "TABLE",
      "Confidence": 99.462890625,
      "Geometry": {
        "BoundingBox": {
          "Width": 0.9870210289955139,
          "Height": 0.6375945806503296,
          "Left": 0.008892104960978031,
          "Top": 0.3527664542198181
        },
        "Polygon": [
          {
            "X": 0.009457350708544254,
            "Y": 0.3527664542198181
          },
          {
            "X": 0.9959131479263306,
            "Y": 0.3575821816921234
          },
          {
            "X": 0.9958553910255432,
            "Y": 0.9903610348701477
          },
          {
            "X": 0.008892104960978031,
            "Y": 0.9861201643943787
          }
        ]
      },
      "Id": "7a2c8ea8-c468-4015-8f57-9b332086d8fb",
      "Relationships": [
        {
          "Type": "CHILD",
          "Ids": [
            "b7cec043-f080-4e0d-86a2-94cab759b91d",
            "54ba2887-ec60-40ee-ac36-4094635ffdc0",
            "62d4daa9-c4ba-428f-b3a0-c94f61bf5338",
            "07959a73-bb93-4626-a105-0a62c362536e",
            "a8609ca8-c6e7-453f-97e6-dc31b4ef722c",
            "64c895e6-d8bb-4f1e-989b-ef61f6248155",
            "43acf173-5892-4e54-ac9e-104ca7a44abb",
            "c4f77829-9f79-462e-93d8-4bcc9f7d9490",
            "67954a08-125e-4f91-9fc3-a30ac1aeea70",
            "d43fb42b-74d9-4c68-bf22-9e5f10e6b2ab",
            "7c0ff988-cf7b-4d56-a15e-bf4ca014b665",
            "62b06928-4dde-4ec8-9d17-36d1a3fdeda8",
            "365d05a2-d744-4569-8e80-1d3ec7014eee",
            "7fad85fb-8437-443f-a1b7-0748f6c5719d",
            "aaaa098d-1a21-4a89-947c-fbac4226a4a1",
            "101e0e57-747c-43c3-8174-9db4c1c7ebe3"
          ]
        },
        {
          "Type": "TABLE_TITLE",
          "Ids": [
            "1c5ba900-ed59-410e-9f7c-9b78562e2b6b"
          ]
        }
      ],
      "EntityTypes": [
        "STRUCTURED_TABLE"
      ],
      "Page": 1
    },
    {
      "BlockType": "CELL",
      "Confidence": 65.966796875,
      "RowIndex": 1,
      "ColumnIndex": 1,
      "RowSpan": 1,
      "ColumnSpan": 1,
      "Geometry": {
        "BoundingBox": {
          "Width": 0.1191149428486824,
          "Height": 0.17432861030101776,
          "Left": 0.009302269667387009,
          "Top": 0.3527664542198181
        },
        "Polygon": [
          {
            "X": 0.009457350708544254,
            "Y": 0.3527664542198181
          },
          {
            "X": 0.1284172087907791,
            "Y": 0.35334718227386475
          },
          {
            "X": 0.1282789409160614,
            "Y": 0.5270950198173523
          },
          {
            "X": 0.009302269667387009,
            "Y": 0.526533305644989
          }
        ]
      },
      "Id": "b7cec043-f080-4e0d-86a2-94cab759b91d",
      "Relationships": [
        {
          "Type": "CHILD",
          "Ids": [
            "7504b659-a909-47df-82d6-499f631777ea"
          ]
        }
      ],
      "Page": 1
    },
    {
      "BlockType": "CELL",
      "Confidence": 68.408203125,
      "RowIndex": 1,
      "ColumnIndex": 2,
      "RowSpan": 1,
      "ColumnSpan": 1,
      "Geometry": {
        "BoundingBox": {
          "Width": 0.15782053768634796,
          "Height": 0.17449243366718292,
          "Left": 0.1282789409160614,
          "Top": 0.35334718227386475
        },
        "Polygon": [
          {
            "X": 0.1284172087907791,
            "Y": 0.35334718227386475
          },
          {
            "X": 0.28609949350357056,
            "Y": 0.3541169762611389
          },
          {
            "X": 0.28598347306251526,
            "Y": 0.5278396010398865
          },
          {
            "X": 0.1282789409160614,
            "Y": 0.5270950198173523
          }
        ]
      },
      "Id": "54ba2887-ec60-40ee-ac36-4094635ffdc0",
      "Relationships": [
        {
          "Type": "CHILD",
          "Ids": [
            "a556e957-fef2-4d8a-ad1a-ef1e335272f9"
          ]
        }
      ],
      "Page": 1
    },
    {
      "BlockType": "CELL",
      "Confidence": 66.650390625,
      "RowIndex": 1,
      "ColumnIndex": 3,
      "RowSpan": 1,
      "ColumnSpan": 1,
      "Geometry": {
        "BoundingBox": {
          "Width": 0.16436545550823212,
          "Height": 0.17449824512004852,
          "Left": 0.28598347306251526,
          "Top": 0.3541169762611389
        },
        "Polygon": [
          {
            "X": 0.28609949350357056,
            "Y": 0.3541169762611389
          },
          {
            "X": 0.45034894347190857,
            "Y": 0.35491880774497986
          },
          {
            "X": 0.4502561092376709,
            "Y": 0.5286152362823486
          },
          {
            "X": 0.28598347306251526,
            "Y": 0.5278396010398865
          }
        ]
      },
      "Id": "62d4daa9-c4ba-428f-b3a0-c94f61bf5338",
      "Relationships": [
        {
          "Type": "CHILD",
          "Ids": [
            "985fc4ae-81d1-46b9-bf41-9389a02c1121"
          ]
        }
      ],
      "Page": 1
    },
    {
      "BlockType": "CELL",
      "Confidence": 70.01953125,
      "RowIndex": 1,
      "ColumnIndex": 4,
      "RowSpan": 1,
      "ColumnSpan": 1,
      "Geometry": {
        "BoundingBox": {
          "Width": 0.5456570386886597,
          "Height": 0.17627257108688354,
          "Left": 0.4502561092376709,
          "Top": 0.35491880774497986
        },
        "Polygon": [
          {
            "X": 0.45034894347190857,
            "Y": 0.35491880774497986
          },
          {
            "X": 0.9959131479263306,
            "Y": 0.3575821816921234
          },
          {
            "X": 0.9958972930908203,
            "Y": 0.5311914086341858
          },
          {
            "X": 0.4502561092376709,
            "Y": 0.5286152362823486
          }
        ]
      },
      "Id": "07959a73-bb93-4626-a105-0a62c362536e",
      "Relationships": [
        {
          "Type": "CHILD",
          "Ids": [
            "711bb050-480f-401d-a3e6-448a8daee7a6"
          ]
        }
      ],
      "Page": 1
    },
    {
      "BlockType": "CELL",
      "Confidence": 85.986328125,
      "RowIndex": 2,
      "ColumnIndex": 1,
      "RowSpan": 1,
      "ColumnSpan": 1,
      "Geometry": {
        "BoundingBox": {
          "Width": 0.11911347508430481,
          "Height": 0.1538303941488266,
          "Left": 0.009165467694401741,
          "Top": 0.526533305644989
        },
        "Polygon": [
          {
            "X": 0.009302269667387009,
            "Y": 0.526533305644989
          },
          {
            "X": 0.1282789409160614,
            "Y": 0.5270950198173523
          },
          {
            "X": 0.12815696001052856,
            "Y": 0.6803637146949768
          },
          {
            "X": 0.009165467694401741,
            "Y": 0.6798187494277954
          }
        ]
      },
      "Id": "a8609ca8-c6e7-453f-97e6-dc31b4ef722c",
      "Relationships": [
        {
          "Type": "CHILD",
          "Ids": [
            "2d57cd45-b197-4ac4-9643-42233518cbcc"
          ]
        }
      ],
      "Page": 1
    },
    {
      "BlockType": "CELL",
      "Confidence": 89.16015625,
      "RowIndex": 2,
      "ColumnIndex": 2,
      "RowSpan": 1,
      "ColumnSpan": 1,
      "Geometry": {
        "BoundingBox": {
          "Width": 0.1578265130519867,
          "Height": 0.15399101376533508,
          "Left": 0.12815696001052856,
          "Top": 0.5270950198173523
        },
        "Polygon": [
          {
            "X": 0.1282789409160614,
            "Y": 0.5270950198173523
          },
          {
            "X": 0.28598347306251526,
            "Y": 0.5278396010398865
          },
          {
            "X": 0.2858811318874359,
            "Y": 0.6810860633850098
          },
          {
            "X": 0.12815696001052856,
            "Y": 0.6803637146949768
          }
        ]
      },
      "Id": "64c895e6-d8bb-4f1e-989b-ef61f6248155",
      "Relationships": [
        {
          "Type": "CHILD",
          "Ids": [
            "9deb1019-512c-4ae3-9714-624f05192464"
          ]
        }
      ],
      "Page": 1
    },
    {
      "BlockType": "CELL",
      "Confidence": 86.865234375,
      "RowIndex": 2,
      "ColumnIndex": 3,
      "RowSpan": 1,
      "ColumnSpan": 1,
      "Geometry": {
        "BoundingBox": {
          "Width": 0.16437497735023499,
          "Height": 0.15399885177612305,
          "Left": 0.2858811318874359,
          "Top": 0.5278396010398865
        },
        "Polygon": [
          {
            "X": 0.28598347306251526,
            "Y": 0.5278396010398865
          },
          {
            "X": 0.4502561092376709,
            "Y": 0.5286152362823486
          },
          {
            "X": 0.4501742422580719,
            "Y": 0.6818384528160095
          },
          {
            "X": 0.2858811318874359,
            "Y": 0.6810860633850098
          }
        ]
      },
      "Id": "43acf173-5892-4e54-ac9e-104ca7a44abb",
      "Relationships": [
        {
          "Type": "CHILD",
          "Ids": [
            "00226d5c-1a97-48b1-b0ce-32531378733d"
          ]
        }
      ],
      "Page": 1
    },
    {
      "BlockType": "CELL",
      "Confidence": 91.259765625,
      "RowIndex": 2,
      "ColumnIndex": 4,
      "RowSpan": 1,
      "ColumnSpan": 1,
      "Geometry": {
        "BoundingBox": {
          "Width": 0.5457230806350708,
          "Height": 0.1557224839925766,
          "Left": 0.4501742422580719,
          "Top": 0.5286152362823486
        },
        "Polygon": [
          {
            "X": 0.4502561092376709,
            "Y": 0.5286152362823486
          },
          {
            "X": 0.9958972930908203,
            "Y": 0.5311914086341858
          },
          {
            "X": 0.9958833456039429,
            "Y": 0.6843377351760864
          },
          {
            "X": 0.4501742422580719,
            "Y": 0.6818384528160095
          }
        ]
      },
      "Id": "c4f77829-9f79-462e-93d8-4bcc9f7d9490",
      "Relationships": [
        {
          "Type": "CHILD",
          "Ids": [
            "e83d44d0-0c12-463d-8330-8989ac2c12ce",
            "c6484685-a4a8-4ca1-a1ad-40913ba647df"
          ]
        }
      ],
      "Page": 1
    },
    {
      "BlockType": "CELL",
      "Confidence": 84.375,
      "RowIndex": 3,
      "ColumnIndex": 1,
      "RowSpan": 1,
      "ColumnSpan": 1,
      "Geometry": {
        "BoundingBox": {
          "Width": 0.11911223083734512,
          "Height": 0.13581369817256927,
          "Left": 0.009044731967151165,
          "Top": 0.6798187494277954
        },
        "Polygon": [
          {
            "X": 0.009165467694401741,
            "Y": 0.6798187494277954
          },
          {
            "X": 0.12815696001052856,
            "Y": 0.6803637146949768
          },
          {
            "X": 0.1280493140220642,
            "Y": 0.8156324625015259
          },
          {
            "X": 0.009044731967151165,
            "Y": 0.8151023387908936
          }
        ]
      },
      "Id": "67954a08-125e-4f91-9fc3-a30ac1aeea70",
      "Relationships": [
        {
          "Type": "CHILD",
          "Ids": [
            "988351f3-013b-43f9-90a0-2d37f653b883"
          ]
        }
      ],
      "Page": 1
    },
    {
      "BlockType": "CELL",
      "Confidence": 87.5,
      "RowIndex": 3,
      "ColumnIndex": 2,
      "RowSpan": 1,
      "ColumnSpan": 1,
      "Geometry": {
        "BoundingBox": {
          "Width": 0.1578318327665329,
          "Height": 0.13597145676612854,
          "Left": 0.1280493140220642,
          "Top": 0.6803637146949768
        },
        "Polygon": [
          {
            "X": 0.12815696001052856,
            "Y": 0.6803637146949768
          },
          {
            "X": 0.2858811318874359,
            "Y": 0.6810860633850098
          },
          {
            "X": 0.2857908308506012,
            "Y": 0.816335141658783
          },
          {
            "X": 0.1280493140220642,
            "Y": 0.8156324625015259
          }
        ]
      },
      "Id": "d43fb42b-74d9-4c68-bf22-9e5f10e6b2ab",
      "Relationships": [
        {
          "Type": "CHILD",
          "Ids": [
            "ddaebb09-dd72-4759-9644-5452b1d35a6d"
          ]
        }
      ],
      "Page": 1
    },
    {
      "BlockType": "CELL",
      "Confidence": 85.25390625,
      "RowIndex": 3,
      "ColumnIndex": 3,
      "RowSpan": 1,
      "ColumnSpan": 1,
      "Geometry": {
        "BoundingBox": {
          "Width": 0.1643834114074707,
          "Height": 0.13598109781742096,
          "Left": 0.2857908308506012,
          "Top": 0.6810860633850098
        },
        "Polygon": [
          {
            "X": 0.2858811318874359,
            "Y": 0.6810860633850098
          },
          {
            "X": 0.4501742422580719,
            "Y": 0.6818384528160095
          },
          {
            "X": 0.45010197162628174,
            "Y": 0.8170671463012695
          },
          {
            "X": 0.2857908308506012,
            "Y": 0.816335141658783
          }
        ]
      },
      "Id": "7c0ff988-cf7b-4d56-a15e-bf4ca014b665",
      "Relationships": [
        {
          "Type": "CHILD",
          "Ids": [
            "46742a05-75b4-49fe-9307-758a71a323bd"
          ]
        }
      ],
      "Page": 1
    },
    {
      "BlockType": "CELL",
      "Confidence": 89.55078125,
      "RowIndex": 3,
      "ColumnIndex": 4,
      "RowSpan": 1,
      "ColumnSpan": 1,
      "Geometry": {
        "BoundingBox": {
          "Width": 0.5457813739776611,
          "Height": 0.1376599669456482,
          "Left": 0.45010197162628174,
          "Top": 0.6818384528160095
        },
        "Polygon": [
          {
            "X": 0.4501742422580719,
            "Y": 0.6818384528160095
          },
          {
            "X": 0.9958833456039429,
            "Y": 0.6843377351760864
          },
          {
            "X": 0.9958710074424744,
            "Y": 0.8194984793663025
          },
          {
            "X": 0.45010197162628174,
            "Y": 0.8170671463012695
          }
        ]
      },
      "Id": "62b06928-4dde-4ec8-9d17-36d1a3fdeda8",
      "Relationships": [
        {
          "Type": "CHILD",
          "Ids": [
            "3f499c2f-6bda-4365-b4e4-1c0a02c0dc1d",
            "a26042aa-0d08-48fb-bc9f-bc7ccec7c61a"
          ]
        }
      ],
      "Page": 1
    },
    {
      "BlockType": "CELL",
      "Confidence": 87.744140625,
      "RowIndex": 4,
      "ColumnIndex": 1,
      "RowSpan": 1,
      "ColumnSpan": 1,
      "Geometry": {
        "BoundingBox": {
          "Width": 0.11915720254182816,
          "Height": 0.17152929306030273,
          "Left": 0.008892104960978031,
          "Top": 0.8151023387908936
        },
        "Polygon": [
          {
            "X": 0.009044731967151165,
            "Y": 0.8151023387908936
          },
          {
            "X": 0.1280493140220642,
            "Y": 0.8156324625015259
          },
          {
            "X": 0.1279132217168808,
            "Y": 0.9866316318511963
          },
          {
            "X": 0.008892104960978031,
            "Y": 0.9861201643943787
          }
        ]
      },
      "Id": "365d05a2-d744-4569-8e80-1d3ec7014eee",
      "Relationships": [
        {
          "Type": "CHILD",
          "Ids": [
            "f578d384-1003-4b44-9dfc-b4fad99e02e7"
          ]
        }
      ],
      "Page": 1
    },
    {
      "BlockType": "CELL",
      "Confidence": 90.966796875,
      "RowIndex": 4,
      "ColumnIndex": 2,
      "RowSpan": 1,
      "ColumnSpan": 1,
      "Geometry": {
        "BoundingBox": {
          "Width": 0.1578776091337204,
          "Height": 0.17167703807353973,
          "Left": 0.1279132217168808,
          "Top": 0.8156324625015259
        },
        "Polygon": [
          {
            "X": 0.1280493140220642,
            "Y": 0.8156324625015259
          },
          {
            "X": 0.2857908308506012,
            "Y": 0.816335141658783
          },
          {
            "X": 0.28567665815353394,
            "Y": 0.9873095154762268
          },
          {
            "X": 0.1279132217168808,
            "Y": 0.9866316318511963
          }
        ]
      },
      "Id": "7fad85fb-8437-443f-a1b7-0748f6c5719d",
      "Relationships": [
        {
          "Type": "CHILD",
          "Ids": [
            "dca5db0c-e538-4183-9b75-b07bbdc86f16"
          ]
        }
      ],
      "Page": 1
    },
    {
      "BlockType": "CELL",
      "Confidence": 88.671875,
      "RowIndex": 4,
      "ColumnIndex": 3,
      "RowSpan": 1,
      "ColumnSpan": 1,
      "Geometry": {
        "BoundingBox": {
          "Width": 0.1644253134727478,
          "Height": 0.17168045043945312,
          "Left": 0.28567665815353394,
          "Top": 0.816335141658783
        },
        "Polygon": [
          {
            "X": 0.2857908308506012,
            "Y": 0.816335141658783
          },
          {
            "X": 0.45010197162628174,
            "Y": 0.8170671463012695
          },
          {
            "X": 0.45001062750816345,
            "Y": 0.9880155920982361
          },
          {
            "X": 0.28567665815353394,
            "Y": 0.9873095154762268
          }
        ]
      },
      "Id": "aaaa098d-1a21-4a89-947c-fbac4226a4a1",
      "Relationships": [
        {
          "Type": "CHILD",
          "Ids": [
            "ebc78d8d-84d4-4e68-91e4-f1a448c53959"
          ]
        }
      ],
      "Page": 1
    },
    {
      "BlockType": "CELL",
      "Confidence": 93.115234375,
      "RowIndex": 4,
      "ColumnIndex": 4,
      "RowSpan": 1,
      "ColumnSpan": 1,
      "Geometry": {
        "BoundingBox": {
          "Width": 0.5458604097366333,
          "Height": 0.17329388856887817,
          "Left": 0.45001062750816345,
          "Top": 0.8170671463012695
        },
        "Polygon": [
          {
            "X": 0.45010197162628174,
            "Y": 0.8170671463012695
          },
          {
            "X": 0.9958710074424744,
            "Y": 0.8194984793663025
          },
          {
            "X": 0.9958553910255432,
            "Y": 0.9903610348701477
          },
          {
            "X": 0.45001062750816345,
            "Y": 0.9880155920982361
          }
        ]
      },
      "Id": "101e0e57-747c-43c3-8174-9db4c1c7ebe3",
      "Relationships": [
        {
          "Type": "CHILD",
          "Ids": [
            "d8714ff3-047f-4b44-aadf-fa64e723c7ef",
            "9bd32de8-8a5a-4e89-8c82-b9008080bcd0",
            "9ef54c77-83d1-4496-88e2-2de4d37a330c",
            "d3916522-6b3b-46cf-b08a-515a88ca7ef5",
            "27368f6c-b795-48d4-87d5-157804374193"
          ]
        }
      ],
      "Page": 1
    },
    {
      "BlockType": "TABLE_TITLE",
      "Confidence": 77.001953125,
      "Geometry": {
        "BoundingBox": {
          "Width": 0.9845927357673645,
          "Height": 0.15705613791942596,
          "Left": 0.00908755138516426,
          "Top": 0.19438406825065613
        },
        "Polygon": [
          {
            "X": 0.009223470464348793,
            "Y": 0.19438406825065613
          },
          {
            "X": 0.9936802983283997,
            "Y": 0.1993340700864792
          },
          {
            "X": 0.9936661720275879,
            "Y": 0.3514402210712433
          },
          {
            "X": 0.00908755138516426,
            "Y": 0.3466280400753021
          }
        ]
      },
      "Id": "1c5ba900-ed59-410e-9f7c-9b78562e2b6b",
      "Relationships": [
        {
          "Type": "CHILD",
          "Ids": [
            "bd12becc-b76e-414f-a18a-e983a0e6a5c0",
            "79385dad-a37e-475e-abbb-0edd846b95a1",
            "83a007d5-9ed2-4b4c-8c74-aaf6cdcfa4ff",
            "05b3c790-b3d4-48f9-aaa8-d510c81561d3",
            "b62bf995-ad85-49fa-81e7-b6962011744e",
            "37de1e58-b4ea-4507-99c6-1c658b524986",
            "bd14050a-0e27-4ac1-8cea-df961d78d818",
            "7c151c2d-6d78-4cd4-b91d-7d5b738409a0",
            "148069e3-0370-4a54-b032-6e78f6712ee8",
            "9a7853c9-32b4-49a5-b10a-912c13cce903"
          ]
        }
      ],
      "Page": 1
    }
  ],
  "AnalyzeDocumentModelVersion": "1.0"
}