{
  "DocumentMetadata": {
    "Pages": 1
  },
  "JobStatus": "SUCCEEDED",
  "Blocks": [
    {
      "BlockType": "PAGE",
      "Geometry": {
        "BoundingBox": {
          "Width": 0.9981192946434021,
          "Height": 0.9523771405220032,
          "Left": 0.0018807161832228303,
          "Top": 0
        },
        "Polygon": [
          {
            "X": 0.0018807161832228303,
            "Y": 0.004736198112368584
          },
          {
            "X": 1,
            "Y": 0
          },
          {
            "X": 1,
            "Y": 0.945146918296814
          },
          {
            "X": 0.004220915492624044,
            "Y": 0.9523771405220032
          }
        ]
      },
      "Id": "0d1c1965-d217-4e7b-ad41-ab2baaa60be9",
      "Relationships": [
        {
          "Type": "CHILD",
          "Ids": [
            "671cb58a-b22a-4450-9e9f-f25f6ae84653",
            "35f863c0-fce9-42a8-aa27-bcefce26fbe9",
            "31e62327-f374-45bd-9300-5414be9a346a",
            "3aa045b7-f86c-48e2-9f72-f509fa947ce2",
            "348d13bf-3ce9-445c-9373-b778b3bea9d1",
            "092ba2cb-3c17-4baa-9584-4f4bdbe8c38a",
            "3ababa8a-c3cb-46fa-b5b0-94f1c041ea52",
            "2c7b74a8-8bc0-4416-94a7-908ebd957e02",
            "a1da76c6-b941-4d56-a878-e592a5e352df",
            "355f738c-4a80-4626-b2d8-b5f558edb2ee",
            "bd6f1b62-4956-49ea-b688-861897ceb096",
            "99ec8942-5e00-4358-9d29-fb9383a84a98",
            "85e7d194-2c82-4fc2-8af2-0b84bb86da8e",
            "6f3455c0-6a34-48ae-aa73-1b5947c3fa40",
            "592a5c07-d4b6-49ad-b492-d5c0c272dd44",
            "e741641c-4e8b-47c5-b42d-ddf2fdec616b",
            "227fed00-5b17-443c-b5dd-094e39c24c04",
            "1ded63f1-2b7a-4394-b12a-e27419ce892f",
            "ad72ca89-5f00-4fe9-8763-a0390683ca07",
            "5444d01a-0169-4251-b7e4-c4ecc981fc11",
            "df3c3163-5cac-41eb-9085-7dc08c313b2f",
            "711f3344-a0b8-49b4-846e-5fa0ec53f8a8",
            "cc74a63c-c12c-466a-8ca2-7ec8a855b1b5",
            "8975276b-a825-42cd-85e1-6bfd8fb157b6",
            "66d91c41-9056-4023-9a5e-f7c54f918110"
          ]
        }
      ],
      "Page": 1
    },
    {
      "BlockType": "LINE",
      "Confidence": 96.3980941772461,
      "Text": "TABLE 5.4.",
      "Geometry": {
        "BoundingBox": {
          "Width": 0.12599395215511322,
          "Height": 0.09412508457899094,
          "Left": 0.43426668643951416,
          "Top": 0.0664120689034462
        },
        "Polygon": [
          {
            "X": 0.43426668643951416,
            "Y": 0.06760221719741821
          },
          {
            "X": 0.5600069761276245,
            "Y": 0.0664120689034462
          },
          {
            "X": 0.5602606534957886,
            "Y": 0.15937653183937073
          },
          {
            "X": 0.4345148205757141,
            "Y": 0.16053715348243713
          }
        ]
      },
      "Id": "671cb58a-b22a-4450-9e9f-f25f6ae84653",
      "Relationships": [
        {
          "Type": "CHILD",
          "Ids": [
            "bf882eba-1720-4b3e-92ae-1783e70cfd29",
            "8e5c54f9-6ff3-4011-bf72-9900cc894eba"
          ]
        }
      ],
      "Page": 1
    },
    {
      "BlockType": "LINE",
      "Confidence": 99.715576171875,
      "Text": "Kruskal-Wallis Tests of Room Form Variables Grouped by Room Block",
      "Geometry": {
        "BoundingBox": {
          "Width": 0.8775206804275513,
          "Height": 0.11761163175106049,
          "Left": 0.060456931591033936,
          "Top": 0.1917712539434433
        },
        "Polygon": [
          {
            "X": 0.060456931591033936,
            "Y": 0.19978812336921692
          },
          {
            "X": 0.9376587271690369,
            "Y": 0.1917712539434433
          },
          {
            "X": 0.9379776120185852,
            "Y": 0.30160924792289734
          },
          {
            "X": 0.060730528086423874,
            "Y": 0.3093828856945038
          }
        ]
      },
      "Id": "35f863c0-fce9-42a8-aa27-bcefce26fbe9",
      "Relationships": [
        {
          "Type": "CHILD",
          "Ids": [
            "54a047b8-9927-4511-9ff8-3f8724ebc2ab",
            "1e565de6-ff00-4f3a-b14d-a4b2c5b9debd",
            "33ac933d-0744-4afb-bc1f-24a50377a27e",
            "0276c020-2d60-44cc-97e5-a6334cf7fec9",
            "09c82424-a048-46f2-8014-3929ea309751",
            "620d300a-846b-475e-878d-a764a6ecf543",
            "55a87266-a5ad-4e3a-8385-4a2011e30a30",
            "1b9c5452-78aa-426f-ba6f-b00393195efd",
            "a4929ab4-67be-4144-8835-963e831d80e1",
            "de143c5a-4856-4065-ad2e-39544e37162b"
          ]
        }
      ],
      "Page": 1
    },
    {
      "BlockType": "LINE",
      "Confidence": 99.90259552001953,
      "Text": "Variable",
      "Geometry": {
        "BoundingBox": {
          "Width": 0.09341941773891449,
          "Height": 0.07954549044370651,
          "Left": 0.023769840598106384,
          "Top": 0.3540344536304474
        },
        "Polygon": [
          {
            "X": 0.023769840598106384,
            "Y": 0.35484984517097473
          },
          {
            "X": 0.11699061840772629,
            "Y": 0.3540344536304474
          },
          {
            "X": 0.11718925833702087,
            "Y": 0.4327830970287323
          },
          {
            "X": 0.023965032771229744,
            "Y": 0.4335799515247345
          }
        ]
      },
      "Id": "31e62327-f374-45bd-9300-5414be9a346a",
      "Relationships": [
        {
          "Type": "CHILD",
          "Ids": [
            "ceae5c4b-5e03-4891-ab6b-ac8e9b79e2d6"
          ]
        }
      ],
      "Page": 1
    },
    {
      "BlockType": "LINE",
      "Confidence": 99.97322845458984,
      "Text": "Room",
      "Geometry": {
        "BoundingBox": {
          "Width": 0.06951594352722168,
          "Height": 0.07490984350442886,
          "Left": 0.2699219584465027,
          "Top": 0.35404887795448303
        },
        "Polygon": [
          {
            "X": 0.2699219584465027,
            "Y": 0.35465487837791443
          },
          {
            "X": 0.33924275636672974,
            "Y": 0.35404887795448303
          },
          {
            "X": 0.33943790197372437,
            "Y": 0.4283657371997833
          },
          {
            "X": 0.2701146602630615,
            "Y": 0.4289587140083313
          }
        ]
      },
      "Id": "3aa045b7-f86c-48e2-9f72-f509fa947ce2",
      "Relationships": [
        {
          "Type": "CHILD",
          "Ids": [
            "144747a7-1919-4c22-bb5c-4a11fe73e00b"
          ]
        }
      ],
      "Page": 1
    },
    {
      "BlockType": "LINE",
      "Confidence": 99.9346923828125,
      "Text": "Rooms",
      "Geometry": {
        "BoundingBox": {
          "Width": 0.07927288115024567,
          "Height": 0.07355976849794388,
          "Left": 0.4434089958667755,
          "Top": 0.35175788402557373
        },
        "Polygon": [
          {
            "X": 0.4434089958667755,
            "Y": 0.35244929790496826
          },
          {
            "X": 0.522484302520752,
            "Y": 0.35175788402557373
          },
          {
            "X": 0.5226818919181824,
            "Y": 0.42464080452919006
          },
          {
            "X": 0.44360384345054626,
            "Y": 0.425317645072937
          }
        ]
      },
      "Id": "348d13bf-3ce9-445c-9373-b778b3bea9d1",
      "Relationships": [
        {
          "Type": "CHILD",
          "Ids": [
            "ef06d6f3-e39f-4c9e-8df9-aff0aec0203a"
          ]
        }
      ],
      "Page": 1
    },
    {
      "BlockType": "LINE",
      "Confidence": 94.61309051513672,
      "Text": "Kruskal-Wallis",
      "Geometry": {
        "BoundingBox": {
          "Width": 0.16828031837940216,
          "Height": 0.07783978432416916,
          "Left": 0.600505530834198,
          "Top": 0.3441483676433563
        },
        "Polygon": [
          {
            "X": 0.600505530834198,
            "Y": 0.34562018513679504
          },
          {
            "X": 0.7685700058937073,
            "Y": 0.3441483676433563
          },
          {
            "X": 0.768785834312439,
            "Y": 0.4205487370491028
          },
          {
            "X": 0.6007152795791626,
            "Y": 0.4219881296157837
          }
        ]
      },
      "Id": "092ba2cb-3c17-4baa-9584-4f4bdbe8c38a",
      "Relationships": [
        {
          "Type": "CHILD",
          "Ids": [
            "9085872e-b47d-4bf8-8010-26e1dec55daa"
          ]
        }
      ],
      "Page": 1
    },
    {
      "BlockType": "LINE",
      "Confidence": 99.9219741821289,
      "Text": "Probability",
      "Geometry": {
        "BoundingBox": {
          "Width": 0.12562531232833862,
          "Height": 0.09937441349029541,
          "Left": 0.8459158539772034,
          "Top": 0.3393843472003937
        },
        "Polygon": [
          {
            "X": 0.8459158539772034,
            "Y": 0.3404829502105713
          },
          {
            "X": 0.9712541699409485,
            "Y": 0.3393843472003937
          },
          {
            "X": 0.9715411067008972,
            "Y": 0.43769124150276184
          },
          {
            "X": 0.8461969494819641,
            "Y": 0.4387587606906891
          }
        ]
      },
      "Id": "3ababa8a-c3cb-46fa-b5b0-94f1c041ea52",
      "Relationships": [
        {
          "Type": "CHILD",
          "Ids": [
            "22c88197-a7de-4d6b-981a-8e328d49e2cf"
          ]
        }
      ],
      "Page": 1
    },
    {
      "BlockType": "LINE",
      "Confidence": 99.96590423583984,
      "Text": "Blocks",
      "Geometry": {
        "BoundingBox": {
          "Width": 0.0723772719502449,
          "Height": 0.07640326768159866,
          "Left": 0.2693556547164917,
          "Top": 0.4656177759170532
        },
        "Polygon": [
          {
            "X": 0.2693556547164917,
            "Y": 0.4662283658981323
          },
          {
            "X": 0.3415338397026062,
            "Y": 0.4656177759170532
          },
          {
            "X": 0.3417329490184784,
            "Y": 0.5414242744445801
          },
          {
            "X": 0.26955220103263855,
            "Y": 0.5420210361480713
          }
        ]
      },
      "Id": "2c7b74a8-8bc0-4416-94a7-908ebd957e02",
      "Relationships": [
        {
          "Type": "CHILD",
          "Ids": [
            "7121c307-2ebc-49b1-8aff-b831b0c03c43"
          ]
        }
      ],
      "Page": 1
    },
    {
      "BlockType": "LINE",
      "Confidence": 99.88238525390625,
      "Text": "Statistic",
      "Geometry": {
        "BoundingBox": {
          "Width": 0.0894915983080864,
          "Height": 0.07357288151979446,
          "Left": 0.6390690803527832,
          "Top": 0.4600813090801239
        },
        "Polygon": [
          {
            "X": 0.6390690803527832,
            "Y": 0.46083715558052063
          },
          {
            "X": 0.7283563017845154,
            "Y": 0.4600813090801239
          },
          {
            "X": 0.7285606861114502,
            "Y": 0.5329147577285767
          },
          {
            "X": 0.6392703652381897,
            "Y": 0.5336542129516602
          }
        ]
      },
      "Id": "a1da76c6-b941-4d56-a878-e592a5e352df",
      "Relationships": [
        {
          "Type": "CHILD",
          "Ids": [
            "160ab27f-cef1-4beb-8790-6fc0d1f59eab"
          ]
        }
      ],
      "Page": 1
    },
    {
      "BlockType": "LINE",
      "Confidence": 99.88098907470703,
      "Text": "Size",
      "Geometry": {
        "BoundingBox": {
          "Width": 0.04426724463701248,
          "Height": 0.07531756162643433,
          "Left": 0.02490854635834694,
          "Top": 0.6012706160545349
        },
        "Polygon": [
          {
            "X": 0.02490854635834694,
            "Y": 0.6016286015510559
          },
          {
            "X": 0.0689883753657341,
            "Y": 0.6012706160545349
          },
          {
            "X": 0.06917579472064972,
            "Y": 0.6762385368347168
          },
          {
            "X": 0.0250944085419178,
            "Y": 0.6765881776809692
          }
        ]
      },
      "Id": "355f738c-4a80-4626-b2d8-b5f558edb2ee",
      "Relationships": [
        {
          "Type": "CHILD",
          "Ids": [
            "592f3dfa-4bdc-4297-b802-c1df54044af0"
          ]
        }
      ],
      "Page": 1
    },
    {
      "BlockType": "LINE",
      "Confidence": 99.95024871826172,
      "Text": "10",
      "Geometry": {
        "BoundingBox": {
          "Width": 0.024917667731642723,
          "Height": 0.06888086348772049,
          "Left": 0.29401275515556335,
          "Top": 0.6034432649612427
        },
        "Polygon": [
          {
            "X": 0.29401275515556335,
            "Y": 0.6036438941955566
          },
          {
            "X": 0.3187507688999176,
            "Y": 0.6034432649612427
          },
          {
            "X": 0.318930447101593,
            "Y": 0.6721277832984924
          },
          {
            "X": 0.2941916286945343,
            "Y": 0.6723241209983826
          }
        ]
      },
      "Id": "bd6f1b62-4956-49ea-b688-861897ceb096",
      "Relationships": [
        {
          "Type": "CHILD",
          "Ids": [
            "09f266f5-34d1-4605-bcd7-4a6b062db11c"
          ]
        }
      ],
      "Page": 1
    },
    {
      "BlockType": "LINE",
      "Confidence": 99.97648620605469,
      "Text": "123",
      "Geometry": {
        "BoundingBox": {
          "Width": 0.03760998696088791,
          "Height": 0.07066495716571808,
          "Left": 0.4651360511779785,
          "Top": 0.5977683067321777
        },
        "Polygon": [
          {
            "X": 0.4651360511779785,
            "Y": 0.5980721712112427
          },
          {
            "X": 0.5025559663772583,
            "Y": 0.5977683067321777
          },
          {
            "X": 0.502746045589447,
            "Y": 0.6681360006332397
          },
          {
            "X": 0.46532487869262695,
            "Y": 0.6684332489967346
          }
        ]
      },
      "Id": "99ec8942-5e00-4358-9d29-fb9383a84a98",
      "Relationships": [
        {
          "Type": "CHILD",
          "Ids": [
            "7f764e99-b8b8-4298-a10d-401128861fa9"
          ]
        }
      ],
      "Page": 1
    },
    {
      "BlockType": "LINE",
      "Confidence": 99.69759368896484,
      "Text": "30.016",
      "Geometry": {
        "BoundingBox": {
          "Width": 0.07509606331586838,
          "Height": 0.07138202339410782,
          "Left": 0.6469365954399109,
          "Top": 0.5942070484161377
        },
        "Polygon": [
          {
            "X": 0.6469365954399109,
            "Y": 0.5948156714439392
          },
          {
            "X": 0.7218343019485474,
            "Y": 0.5942070484161377
          },
          {
            "X": 0.7220326662063599,
            "Y": 0.6649938821792603
          },
          {
            "X": 0.6471325159072876,
            "Y": 0.6655890941619873
          }
        ]
      },
      "Id": "85e7d194-2c82-4fc2-8af2-0b84bb86da8e",
      "Relationships": [
        {
          "Type": "CHILD",
          "Ids": [
            "e976b236-c478-43a1-8cbc-c884b359137d"
          ]
        }
      ],
      "Page": 1
    },
    {
      "BlockType": "LINE",
      "Confidence": 99.66374969482422,
      "Text": "0.000",
      "Geometry": {
        "BoundingBox": {
          "Width": 0.061183687299489975,
          "Height": 0.07106563448905945,
          "Left": 0.8789433240890503,
          "Top": 0.5905115604400635
        },
        "Polygon": [
          {
            "X": 0.8789433240890503,
            "Y": 0.5910073518753052
          },
          {
            "X": 0.9399220943450928,
            "Y": 0.5905115604400635
          },
          {
            "X": 0.9401270151138306,
            "Y": 0.661092221736908
          },
          {
            "X": 0.8791462779045105,
            "Y": 0.6615771651268005
          }
        ]
      },
      "Id": "6f3455c0-6a34-48ae-aa73-1b5947c3fa40",
      "Relationships": [
        {
          "Type": "CHILD",
          "Ids": [
            "1284e5a4-e63d-4ba6-bf53-a28d51ea0901"
          ]
        }
      ],
      "Page": 1
    },
    {
      "BlockType": "LINE",
      "Confidence": 99.85755920410156,
      "Text": "Shape",
      "Geometry": {
        "BoundingBox": {
          "Width": 0.06794224679470062,
          "Height": 0.0976792573928833,
          "Left": 0.02481868490576744,
          "Top": 0.7119851112365723
        },
        "Polygon": [
          {
            "X": 0.02481868490576744,
            "Y": 0.7125158905982971
          },
          {
            "X": 0.09251697361469269,
            "Y": 0.7119851112365723
          },
          {
            "X": 0.09276093542575836,
            "Y": 0.809150218963623
          },
          {
            "X": 0.025059547275304794,
            "Y": 0.8096643686294556
          }
        ]
      },
      "Id": "592a5c07-d4b6-49ad-b492-d5c0c272dd44",
      "Relationships": [
        {
          "Type": "CHILD",
          "Ids": [
            "865a5b55-c045-4459-9189-2105edefb1e7"
          ]
        }
      ],
      "Page": 1
    },
    {
      "BlockType": "LINE",
      "Confidence": 99.93647003173828,
      "Text": "10",
      "Geometry": {
        "BoundingBox": {
          "Width": 0.025094201788306236,
          "Height": 0.06900244951248169,
          "Left": 0.29402074217796326,
          "Top": 0.7156367301940918
        },
        "Polygon": [
          {
            "X": 0.29402074217796326,
            "Y": 0.7158317565917969
          },
          {
            "X": 0.31893494725227356,
            "Y": 0.7156367301940918
          },
          {
            "X": 0.31911495327949524,
            "Y": 0.784448504447937
          },
          {
            "X": 0.29419994354248047,
            "Y": 0.7846391797065735
          }
        ]
      },
      "Id": "e741641c-4e8b-47c5-b42d-ddf2fdec616b",
      "Relationships": [
        {
          "Type": "CHILD",
          "Ids": [
            "54ab62b8-0c4e-47de-8e36-c8b411e7b9db"
          ]
        }
      ],
      "Page": 1
    },
    {
      "BlockType": "LINE",
      "Confidence": 99.95388793945312,
      "Text": "123",
      "Geometry": {
        "BoundingBox": {
          "Width": 0.03797975182533264,
          "Height": 0.07049383223056793,
          "Left": 0.46529221534729004,
          "Top": 0.7107560634613037
        },
        "Polygon": [
          {
            "X": 0.46529221534729004,
            "Y": 0.7110521793365479
          },
          {
            "X": 0.5030823349952698,
            "Y": 0.7107560634613037
          },
          {
            "X": 0.5032719373703003,
            "Y": 0.7809605002403259
          },
          {
            "X": 0.46548059582710266,
            "Y": 0.7812498807907104
          }
        ]
      },
      "Id": "227fed00-5b17-443c-b5dd-094e39c24c04",
      "Relationships": [
        {
          "Type": "CHILD",
          "Ids": [
            "0be1bd2c-33c6-4355-816b-8e4685260206"
          ]
        }
      ],
      "Page": 1
    },
    {
      "BlockType": "LINE",
      "Confidence": 99.03665924072266,
      "Text": "16.644",
      "Geometry": {
        "BoundingBox": {
          "Width": 0.07325032353401184,
          "Height": 0.07167280465364456,
          "Left": 0.6485832929611206,
          "Top": 0.706203043460846
        },
        "Polygon": [
          {
            "X": 0.6485832929611206,
            "Y": 0.706775963306427
          },
          {
            "X": 0.7216343283653259,
            "Y": 0.706203043460846
          },
          {
            "X": 0.7218336462974548,
            "Y": 0.7773160934448242
          },
          {
            "X": 0.6487801671028137,
            "Y": 0.7778758406639099
          }
        ]
      },
      "Id": "1ded63f1-2b7a-4394-b12a-e27419ce892f",
      "Relationships": [
        {
          "Type": "CHILD",
          "Ids": [
            "d8138ad3-911b-4126-ab86-1dcc23c36214"
          ]
        }
      ],
      "Page": 1
    },
    {
      "BlockType": "LINE",
      "Confidence": 97.38015747070312,
      "Text": "0.055",
      "Geometry": {
        "BoundingBox": {
          "Width": 0.06078207865357399,
          "Height": 0.06947755813598633,
          "Left": 0.8787939548492432,
          "Top": 0.7039487957954407
        },
        "Polygon": [
          {
            "X": 0.8787939548492432,
            "Y": 0.7044240236282349
          },
          {
            "X": 0.9393756985664368,
            "Y": 0.7039487957954407
          },
          {
            "X": 0.9395760297775269,
            "Y": 0.7729617357254028
          },
          {
            "X": 0.8789923787117004,
            "Y": 0.773426353931427
          }
        ]
      },
      "Id": "ad72ca89-5f00-4fe9-8763-a0390683ca07",
      "Relationships": [
        {
          "Type": "CHILD",
          "Ids": [
            "42d3790d-c6a8-442c-babc-a5056c934640"
          ]
        }
      ],
      "Page": 1
    },
    {
      "BlockType": "LINE",
      "Confidence": 99.50057220458984,
      "Text": "Orientation",
      "Geometry": {
        "BoundingBox": {
          "Width": 0.13361339271068573,
          "Height": 0.07649341225624084,
          "Left": 0.024958955124020576,
          "Top": 0.8265835046768188
        },
        "Polygon": [
          {
            "X": 0.024958955124020576,
            "Y": 0.8275907039642334
          },
          {
            "X": 0.15838046371936798,
            "Y": 0.8265835046768188
          },
          {
            "X": 0.15857234597206116,
            "Y": 0.9020951986312866
          },
          {
            "X": 0.025146104395389557,
            "Y": 0.9030769467353821
          }
        ]
      },
      "Id": "5444d01a-0169-4251-b7e4-c4ecc981fc11",
      "Relationships": [
        {
          "Type": "CHILD",
          "Ids": [
            "cf9b8e0c-e38e-48a0-9d4d-c58d1df353e9"
          ]
        }
      ],
      "Page": 1
    },
    {
      "BlockType": "LINE",
      "Confidence": 99.94092559814453,
      "Text": "10",
      "Geometry": {
        "BoundingBox": {
          "Width": 0.02467213198542595,
          "Height": 0.07090168446302414,
          "Left": 0.2947857975959778,
          "Top": 0.8280993700027466
        },
        "Polygon": [
          {
            "X": 0.2947857975959778,
            "Y": 0.8282840251922607
          },
          {
            "X": 0.3192729353904724,
            "Y": 0.8280993700027466
          },
          {
            "X": 0.31945791840553284,
            "Y": 0.8988207578659058
          },
          {
            "X": 0.29496997594833374,
            "Y": 0.8990010619163513
          }
        ]
      },
      "Id": "df3c3163-5cac-41eb-9085-7dc08c313b2f",
      "Relationships": [
        {
          "Type": "CHILD",
          "Ids": [
            "c6a9f909-4faa-4d47-8120-8eaca58c7d07"
          ]
        }
      ],
      "Page": 1
    },
    {
      "BlockType": "LINE",
      "Confidence": 99.8737564086914,
      "Text": "123",
      "Geometry": {
        "BoundingBox": {
          "Width": 0.03745817020535469,
          "Height": 0.06997674703598022,
          "Left": 0.46624159812927246,
          "Top": 0.8240766525268555
        },
        "Polygon": [
          {
            "X": 0.46624159812927246,
            "Y": 0.8243579864501953
          },
          {
            "X": 0.5035114884376526,
            "Y": 0.8240766525268555
          },
          {
            "X": 0.503699779510498,
            "Y": 0.8937786221504211
          },
          {
            "X": 0.46642863750457764,
            "Y": 0.8940533995628357
          }
        ]
      },
      "Id": "711f3344-a0b8-49b4-846e-5fa0ec53f8a8",
      "Relationships": [
        {
          "Type": "CHILD",
          "Ids": [
            "eac7bf5b-2dd7-4394-aadd-562fb2054e01"
          ]
        }
      ],
      "Page": 1
    },
    {
      "BlockType": "LINE",
      "Confidence": 99.03890228271484,
      "Text": "6.187",
      "Geometry": {
        "BoundingBox": {
          "Width": 0.061463311314582825,
          "Height": 0.07278627902269363,
          "Left": 0.6613686084747314,
          "Top": 0.8195188045501709
        },
        "Polygon": [
          {
            "X": 0.6613686084747314,
            "Y": 0.8199816942214966
          },
          {
            "X": 0.722629189491272,
            "Y": 0.8195188045501709
          },
          {
            "X": 0.7228319644927979,
            "Y": 0.891853392124176
          },
          {
            "X": 0.6615692973136902,
            "Y": 0.8923050761222839
          }
        ]
      },
      "Id": "cc74a63c-c12c-466a-8ca2-7ec8a855b1b5",
      "Relationships": [
        {
          "Type": "CHILD",
          "Ids": [
            "867be012-c9db-418e-afdd-0683308ec3fe"
          ]
        }
      ],
      "Page": 1
    },
    {
      "BlockType": "LINE",
      "Confidence": 98.26656341552734,
      "Text": "0.721",
      "Geometry": {
        "BoundingBox": {
          "Width": 0.05815558508038521,
          "Height": 0.06925370544195175,
          "Left": 0.8789573311805725,
          "Top": 0.8179125785827637
        },
        "Polygon": [
          {
            "X": 0.8789573311805725,
            "Y": 0.8183504343032837
          },
          {
            "X": 0.9369131326675415,
            "Y": 0.8179125785827637
          },
          {
            "X": 0.9371129274368286,
            "Y": 0.8867384195327759
          },
          {
            "X": 0.879155158996582,
            "Y": 0.8871662616729736
          }
        ]
      },
      "Id": "8975276b-a825-42cd-85e1-6bfd8fb157b6",
      "Relationships": [
        {
          "Type": "CHILD",
          "Ids": [
            "85bf74f6-813a-4e1d-b58a-c4713fc08031"
          ]
        }
      ],
      "Page": 1
    },
    {
      "BlockType": "WORD",
      "Confidence": 99.81832885742188,
      "Text": "TABLE",
      "TextType": "PRINTED",
      "Geometry": {
        "BoundingBox": {
          "Width": 0.07806762307882309,
          "Height": 0.07993145287036896,
          "Left": 0.43426668643951416,
          "Top": 0.06686532497406006
        },
        "Polygon": [
          {
            "X": 0.43426668643951416,
            "Y": 0.06760221719741821
          },
          {
            "X": 0.5121199488639832,
            "Y": 0.06686532497406006
          },
          {
            "X": 0.5123343467712402,
            "Y": 0.14607547223567963
          },
          {
            "X": 0.43447813391685486,
            "Y": 0.14679677784442902
          }
        ]
      },
      "Id": "bf882eba-1720-4b3e-92ae-1783e70cfd29",
      "Page": 1
    },
    {
      "BlockType": "WORD",
      "Confidence": 92.97785186767578,
      "Text": "5.4.",
      "TextType": "PRINTED",
      "Geometry": {
        "BoundingBox": {
          "Width": 0.04105058312416077,
          "Height": 0.07354418188333511,
          "Left": 0.5192100405693054,
          "Top": 0.08620941638946533
        },
        "Polygon": [
          {
            "X": 0.5192100405693054,
            "Y": 0.08659403026103973
          },
          {
            "X": 0.5600610375404358,
            "Y": 0.08620941638946533
          },
          {
            "X": 0.5602606534957886,
            "Y": 0.15937653183937073
          },
          {
            "X": 0.5194082856178284,
            "Y": 0.15975359082221985
          }
        ]
      },
      "Id": "8e5c54f9-6ff3-4011-bf72-9900cc894eba",
      "Page": 1
    },
    {
      "BlockType": "WORD",
      "Confidence": 97.55286407470703,
      "Text": "Kruskal-Wallis",
      "TextType": "PRINTED",
      "Geometry": {
        "BoundingBox": {
          "Width": 0.18134477734565735,
          "Height": 0.0850885808467865,
          "Left": 0.0604739747941494,
          "Top": 0.20496276021003723
        },
        "Polygon": [
          {
            "X": 0.0604739747941494,
            "Y": 0.20661498606204987
          },
          {
            "X": 0.24160334467887878,
            "Y": 0.20496276021003723
          },
          {
            "X": 0.24181874096393585,
            "Y": 0.2884373366832733
          },
          {
            "X": 0.0606822669506073,
            "Y": 0.29005134105682373
          }
        ]
      },
      "Id": "54a047b8-9927-4511-9ff8-3f8724ebc2ab",
      "Page": 1
    },
    {
      "BlockType": "WORD",
      "Confidence": 99.91816711425781,
      "Text": "Tests",
      "TextType": "PRINTED",
      "Geometry": {
        "BoundingBox": {
          "Width": 0.060016125440597534,
          "Height": 0.08088863641023636,
          "Left": 0.24811846017837524,
          "Top": 0.20651941001415253
        },
        "Polygon": [
          {
            "X": 0.24811846017837524,
            "Y": 0.20706462860107422
          },
          {
            "X": 0.307924747467041,
            "Y": 0.20651941001415253
          },
          {
            "X": 0.3081345856189728,
            "Y": 0.2868749797344208
          },
          {
            "X": 0.24832601845264435,
            "Y": 0.2874080538749695
          }
        ]
      },
      "Id": "1e565de6-ff00-4f3a-b14d-a4b2c5b9debd",
      "Page": 1
    },
    {
      "BlockType": "WORD",
      "Confidence": 99.99476623535156,
      "Text": "of",
      "TextType": "PRINTED",
      "Geometry": {
        "BoundingBox": {
          "Width": 0.028701581060886383,
          "Height": 0.08198960870504379,
          "Left": 0.31539082527160645,
          "Top": 0.20319198071956635
        },
        "Polygon": [
          {
            "X": 0.31539082527160645,
            "Y": 0.20345188677310944
          },
          {
            "X": 0.3438776135444641,
            "Y": 0.20319198071956635
          },
          {
            "X": 0.34409239888191223,
            "Y": 0.2849275469779968
          },
          {
            "X": 0.3156045377254486,
            "Y": 0.28518158197402954
          }
        ]
      },
      "Id": "33ac933d-0744-4afb-bc1f-24a50377a27e",
      "Page": 1
    },
    {
      "BlockType": "WORD",
      "Confidence": 99.95783233642578,
      "Text": "Room",
      "TextType": "PRINTED",
      "Geometry": {
        "BoundingBox": {
          "Width": 0.07634149491786957,
          "Height": 0.08105573058128357,
          "Left": 0.3493342995643616,
          "Top": 0.20490151643753052
        },
        "Polygon": [
          {
            "X": 0.3493342995643616,
            "Y": 0.20559562742710114
          },
          {
            "X": 0.4254615306854248,
            "Y": 0.20490151643753052
          },
          {
            "X": 0.42567580938339233,
            "Y": 0.2852786183357239
          },
          {
            "X": 0.3495456874370575,
            "Y": 0.2859572470188141
          }
        ]
      },
      "Id": "0276c020-2d60-44cc-97e5-a6334cf7fec9",
      "Page": 1
    },
    {
      "BlockType": "WORD",
      "Confidence": 99.9902114868164,
      "Text": "Form",
      "TextType": "PRINTED",
      "Geometry": {
        "BoundingBox": {
          "Width": 0.06784357875585556,
          "Height": 0.080023854970932,
          "Left": 0.4334527552127838,
          "Top": 0.20271891355514526
        },
        "Polygon": [
          {
            "X": 0.4334527552127838,
            "Y": 0.20333579182624817
          },
          {
            "X": 0.5010818243026733,
            "Y": 0.20271891355514526
          },
          {
            "X": 0.50129634141922,
            "Y": 0.28213948011398315
          },
          {
            "X": 0.4336647391319275,
            "Y": 0.28274276852607727
          }
        ]
      },
      "Id": "09c82424-a048-46f2-8014-3929ea309751",
      "Page": 1
    },
    {
      "BlockType": "WORD",
      "Confidence": 99.85930633544922,
      "Text": "Variables",
      "TextType": "PRINTED",
      "Geometry": {
        "BoundingBox": {
          "Width": 0.11267077922821045,
          "Height": 0.08192797005176544,
          "Left": 0.5080174803733826,
          "Top": 0.19969545304775238
        },
        "Polygon": [
          {
            "X": 0.5080174803733826,
            "Y": 0.20072169601917267
          },
          {
            "X": 0.6204652190208435,
            "Y": 0.19969545304775238
          },
          {
            "X": 0.620688259601593,
            "Y": 0.28062015771865845
          },
          {
            "X": 0.508236289024353,
            "Y": 0.2816234230995178
          }
        ]
      },
      "Id": "620d300a-846b-475e-878d-a764a6ecf543",
      "Page": 1
    },
    {
      "BlockType": "WORD",
      "Confidence": 99.97801208496094,
      "Text": "Grouped",
      "TextType": "PRINTED",
      "Geometry": {
        "BoundingBox": {
          "Width": 0.11099643260240555,
          "Height": 0.10771606117486954,
          "Left": 0.6280161738395691,
          "Top": 0.19659028947353363
        },
        "Polygon": [
          {
            "X": 0.6280161738395691,
            "Y": 0.19760112464427948
          },
          {
            "X": 0.7387125492095947,
            "Y": 0.19659028947353363
          },
          {
            "X": 0.739012598991394,
            "Y": 0.3033253848552704
          },
          {
            "X": 0.6283106207847595,
            "Y": 0.30430635809898376
          }
        ]
      },
      "Id": "55a87266-a5ad-4e3a-8385-4a2011e30a30",
      "Page": 1
    },
    {
      "BlockType": "WORD",
      "Confidence": 99.97933197021484,
      "Text": "by",
      "TextType": "PRINTED",
      "Geometry": {
        "BoundingBox": {
          "Width": 0.03154933825135231,
          "Height": 0.10872303694486618,
          "Left": 0.7459444999694824,
          "Top": 0.1945851892232895
        },
        "Polygon": [
          {
            "X": 0.7459444999694824,
            "Y": 0.19487060606479645
          },
          {
            "X": 0.7771870493888855,
            "Y": 0.1945851892232895
          },
          {
            "X": 0.7774938344955444,
            "Y": 0.3030313551425934
          },
          {
            "X": 0.7462496757507324,
            "Y": 0.3033082187175751
          }
        ]
      },
      "Id": "1b9c5452-78aa-426f-ba6f-b00393195efd",
      "Page": 1
    },
    {
      "BlockType": "WORD",
      "Confidence": 99.962646484375,
      "Text": "Room",
      "TextType": "PRINTED",
      "Geometry": {
        "BoundingBox": {
          "Width": 0.07601924240589142,
          "Height": 0.08052302896976471,
          "Left": 0.783473551273346,
          "Top": 0.19748884439468384
        },
        "Polygon": [
          {
            "X": 0.783473551273346,
            "Y": 0.19818054139614105
          },
          {
            "X": 0.8592638969421387,
            "Y": 0.19748884439468384
          },
          {
            "X": 0.8594927787780762,
            "Y": 0.2773354649543762
          },
          {
            "X": 0.783699631690979,
            "Y": 0.27801188826560974
          }
        ]
      },
      "Id": "a4929ab4-67be-4144-8835-963e831d80e1",
      "Page": 1
    },
    {
      "BlockType": "WORD",
      "Confidence": 99.96265411376953,
      "Text": "Block",
      "TextType": "PRINTED",
      "Geometry": {
        "BoundingBox": {
          "Width": 0.07027772068977356,
          "Height": 0.08528193831443787,
          "Left": 0.8676267862319946,
          "Top": 0.1917712539434433
        },
        "Polygon": [
          {
            "X": 0.8676267862319946,
            "Y": 0.19241128861904144
          },
          {
            "X": 0.9376587271690369,
            "Y": 0.1917712539434433
          },
          {
            "X": 0.9379045367240906,
            "Y": 0.27642813324928284
          },
          {
            "X": 0.8678697943687439,
            "Y": 0.27705320715904236
          }
        ]
      },
      "Id": "de143c5a-4856-4065-ad2e-39544e37162b",
      "Page": 1
    },
    {
      "BlockType": "WORD",
      "Confidence": 99.90259552001953,
      "Text": "Variable",
      "TextType": "PRINTED",
      "Geometry": {
        "BoundingBox": {
          "Width": 0.09341941773891449,
          "Height": 0.07954549044370651,
          "Left": 0.023769840598106384,
          "Top": 0.3540344536304474
        },
        "Polygon": [
          {
            "X": 0.023769840598106384,
            "Y": 0.35484984517097473
          },
          {
            "X": 0.11699061840772629,
            "Y": 0.3540344536304474
          },
          {
            "X": 0.11718925833702087,
            "Y": 0.4327830970287323
          },
          {
            "X": 0.023965032771229744,
            "Y": 0.4335799515247345
          }
        ]
      },
      "Id": "ceae5c4b-5e03-4891-ab6b-ac8e9b79e2d6",
      "Page": 1
    },
    {
      "BlockType": "WORD",
      "Confidence": 99.97322845458984,
      "Text": "Room",
      "TextType": "PRINTED",
      "Geometry": {
        "BoundingBox": {
          "Width": 0.06951594352722168,
          "Height": 0.07490984350442886,
          "Left": 0.2699219584465027,
          "Top": 0.35404887795448303
        },
        "Polygon": [
          {
            "X": 0.2699219584465027,
            "Y": 0.35465487837791443
          },
          {
            "X": 0.33924275636672974,
            "Y": 0.35404887795448303
          },
          {
            "X": 0.33943790197372437,
            "Y": 0.4283657371997833
          },
          {
            "X": 0.2701146602630615,
            "Y": 0.4289587140083313
          }
        ]
      },
      "Id": "144747a7-1919-4c22-bb5c-4a11fe73e00b",
      "Page": 1
    },
    {
      "BlockType": "WORD",
      "Confidence": 99.9346923828125,
      "Text": "Rooms",
      "TextType": "PRINTED",
      "Geometry": {
        "BoundingBox": {
          "Width": 0.07927288115024567,
          "Height": 0.07355976849794388,
          "Left": 0.4434089958667755,
          "Top": 0.35175788402557373
        },
        "Polygon": [
          {
            "X": 0.4434089958667755,
            "Y": 0.35244929790496826
          },
          {
            "X": 0.522484302520752,
            "Y": 0.35175788402557373
          },
          {
            "X": 0.5226818919181824,
            "Y": 0.42464080452919006
          },
          {
            "X": 0.44360384345054626,
            "Y": 0.425317645072937
          }
        ]
      },
      "Id": "ef06d6f3-e39f-4c9e-8df9-aff0aec0203a",
      "Page": 1
    },
    {
      "BlockType": "WORD",
      "Confidence": 94.61309051513672,
      "Text": "Kruskal-Wallis",
      "TextType": "PRINTED",
      "Geometry": {
        "BoundingBox": {
          "Width": 0.16828031837940216,
          "Height": 0.07783978432416916,
          "Left": 0.600505530834198,
          "Top": 0.3441483676433563
        },
        "Polygon": [
          {
            "X": 0.600505530834198,
            "Y": 0.34562018513679504
          },
          {
            "X": 0.7685700058937073,
            "Y": 0.3441483676433563
          },
          {
            "X": 0.768785834312439,
            "Y": 0.4205487370491028
          },
          {
            "X": 0.6007152795791626,
            "Y": 0.4219881296157837
          }
        ]
      },
      "Id": "9085872e-b47d-4bf8-8010-26e1dec55daa",
      "Page": 1
    },
    {
      "BlockType": "WORD",
      "Confidence": 99.9219741821289,
      "Text": "Probability",
      "TextType": "PRINTED",
      "Geometry": {
        "BoundingBox": {
          "Width": 0.12562531232833862,
          "Height": 0.09937441349029541,
          "Left": 0.8459158539772034,
          "Top": 0.3393843472003937
        },
        "Polygon": [
          {
            "X": 0.8459158539772034,
            "Y": 0.3404829502105713
          },
          {
            "X": 0.9712541699409485,
            "Y": 0.3393843472003937
          },
          {
            "X": 0.9715411067008972,
            "Y": 0.43769124150276184
          },
          {
            "X": 0.8461969494819641,
            "Y": 0.4387587606906891
          }
        ]
      },
      "Id": "22c88197-a7de-4d6b-981a-8e328d49e2cf",
      "Page": 1
    },
    {
      "BlockType": "WORD",
      "Confidence": 99.96590423583984,
      "Text": "Blocks",
      "TextType": "PRINTED",
      "Geometry": {
        "BoundingBox": {
          "Width": 0.0723772719502449,
          "Height": 0.07640326768159866,
          "Left": 0.2693556547164917,
          "Top": 0.4656177759170532
        },
        "Polygon": [
          {
            "X": 0.2693556547164917,
            "Y": 0.4662283658981323
          },
          {
            "X": 0.3415338397026062,
            "Y": 0.4656177759170532
          },
          {
            "X": 0.3417329490184784,
            "Y": 0.5414242744445801
          },
          {
            "X": 0.26955220103263855,
            "Y": 0.5420210361480713
          }
        ]
      },
      "Id": "7121c307-2ebc-49b1-8aff-b831b0c03c43",
      "Page": 1
    },
    {
      "BlockType": "WORD",
      "Confidence": 99.88238525390625,
      "Text": "Statistic",
      "TextType": "PRINTED",
      "Geometry": {
        "BoundingBox": {
          "Width": 0.0894915983080864,
          "Height": 0.07357288151979446,
          "Left": 0.6390690803527832,
          "Top": 0.4600813090801239
        },
        "Polygon": [
          {
            "X": 0.6390690803527832,
            "Y": 0.46083715558052063
          },
          {
            "X": 0.7283563017845154,
            "Y": 0.4600813090801239
          },
          {
            "X": 0.7285606861114502,
            "Y": 0.5329147577285767
          },
          {
            "X": 0.6392703652381897,
            "Y": 0.5336542129516602
          }
        ]
      },
      "Id": "160ab27f-cef1-4beb-8790-6fc0d1f59eab",
      "Page": 1
    },
    {
      "BlockType": "WORD",
      "Confidence": 99.88098907470703,
      "Text": "Size",
      "TextType": "PRINTED",
      "Geometry": {
        "BoundingBox": {
          "Width": 0.04426724463701248,
          "Height": 0.07531756162643433,
          "Left": 0.02490854635834694,
          "Top": 0.6012706160545349
        },
        "Polygon": [
          {
            "X": 0.02490854635834694,
            "Y": 0.6016286015510559
          },
          {
            "X": 0.0689883753657341,
            "Y": 0.6012706160545349
          },
          {
            "X": 0.06917579472064972,
            "Y": 0.6762385368347168
          },
          {
            "X": 0.0250944085419178,
            "Y": 0.6765881776809692
          }
        ]
      },
      "Id": "592f3dfa-4bdc-4297-b802-c1df54044af0",
      "Page": 1
    },
    {
      "BlockType": "WORD",
      "Confidence": 99.95024871826172,
      "Text": "10",
      "TextType": "PRINTED",
      "Geometry": {
        "BoundingBox": {
          "Width": 0.024917667731642723,
          "Height": 0.06888086348772049,
          "Left": 0.29401275515556335,
          "Top": 0.6034432649612427
        },
        "Polygon": [
          {
            "X": 0.29401275515556335,
            "Y": 0.6036438941955566
          },
          {
            "X": 0.3187507688999176,
            "Y": 0.6034432649612427
          },
          {
            "X": 0.318930447101593,
            "Y": 0.6721277832984924
          },
          {
            "X": 0.2941916286945343,
            "Y": 0.6723241209983826
          }
        ]
      },
      "Id": "09f266f5-34d1-4605-bcd7-4a6b062db11c",
      "Page": 1
    },
    {
      "BlockType": "WORD",
      "Confidence": 99.97648620605469,
      "Text": "123",
      "TextType": "PRINTED",
      "Geometry": {
        "BoundingBox": {
          "Width": 0.03760998696088791,
          "Height": 0.07066495716571808,
          "Left": 0.4651360511779785,
          "Top": 0.5977683067321777
        },
        "Polygon": [
          {
            "X": 0.4651360511779785,
            "Y": 0.5980721712112427
          },
          {
            "X": 0.5025559663772583,
            "Y": 0.5977683067321777
          },
          {
            "X": 0.502746045589447,
            "Y": 0.6681360006332397
          },
          {
            "X": 0.46532487869262695,
            "Y": 0.6684332489967346
          }
        ]
      },
      "Id": "7f764e99-b8b8-4298-a10d-401128861fa9",
      "Page": 1
    },
    {
      "BlockType": "WORD",
      "Confidence": 99.69759368896484,
      "Text": "30.016",
      "TextType": "PRINTED",
      "Geometry": {
        "BoundingBox": {
          "Width": 0.07509606331586838,
          "Height": 0.07138202339410782,
          "Left": 0.6469365954399109,
          "Top": 0.5942070484161377
        },
        "Polygon": [
          {
            "X": 0.6469365954399109,
            "Y": 0.5948156714439392
          },
          {
            "X": 0.7218343019485474,
            "Y": 0.5942070484161377
          },
          {
            "X": 0.7220326662063599,
            "Y": 0.6649938821792603
          },
          {
            "X": 0.6471325159072876,
            "Y": 0.6655890941619873
          }
        ]
      },
      "Id": "e976b236-c478-43a1-8cbc-c884b359137d",
      "Page": 1
    },
    {
      "BlockType": "WORD",
      "Confidence": 99.66374969482422,
      "Text": "0.000",
      "TextType": "PRINTED",
      "Geometry": {
        "BoundingBox": {
          "Width": 0.061183687299489975,
          "Height": 0.07106563448905945,
          "Left": 0.8789433240890503,
          "Top": 0.5905115604400635
        },
        "Polygon": [
          {
            "X": 0.8789433240890503,
            "Y": 0.5910073518753052
          },
          {
            "X": 0.9399220943450928,
            "Y": 0.5905115604400635
          },
          {
            "X": 0.9401270151138306,
            "Y": 0.661092221736908
          },
          {
            "X": 0.8791462779045105,
            "Y": 0.6615771651268005
          }
        ]
      },
      "Id": "1284e5a4-e63d-4ba6-bf53-a28d51ea0901",
      "Page": 1
    },
    {
      "BlockType": "WORD",
      "Confidence": 99.85755920410156,
      "Text": "Shape",
      "TextType": "PRINTED",
      "Geometry": {
        "BoundingBox": {
          "Width": 0.06794224679470062,
          "Height": 0.0976792573928833,
          "Left": 0.02481868490576744,
          "Top": 0.7119851112365723
        },
        "Polygon": [
          {
            "X": 0.02481868490576744,
            "Y": 0.7125158905982971
          },
          {
            "X": 0.09251697361469269,
            "Y": 0.7119851112365723
          },
          {
            "X": 0.09276093542575836,
            "Y": 0.809150218963623
          },
          {
            "X": 0.025059547275304794,
            "Y": 0.8096643686294556
          }
        ]
      },
      "Id": "865a5b55-c045-4459-9189-2105edefb1e7",
      "Page": 1
    },
    {
      "BlockType": "WORD",
      "Confidence": 99.93647003173828,
      "Text": "10",
      "TextType": "PRINTED",
      "Geometry": {
        "BoundingBox": {
          "Width": 0.025094201788306236,
          "Height": 0.06900244951248169,
          "Left": 0.29402074217796326,
          "Top": 0.7156367301940918
        },
        "Polygon": [
          {
            "X": 0.29402074217796326,
            "Y": 0.7158317565917969
          },
          {
            "X": 0.31893494725227356,
            "Y": 0.7156367301940918
          },
          {
            "X": 0.31911495327949524,
            "Y": 0.784448504447937
          },
          {
            "X": 0.29419994354248047,
            "Y": 0.7846391797065735
          }
        ]
      },
      "Id": "54ab62b8-0c4e-47de-8e36-c8b411e7b9db",
      "Page": 1
    },
    {
      "BlockType": "WORD",
      "Confidence": 99.95388793945312,
      "Text": "123",
      "TextType": "PRINTED",
      "Geometry": {
        "BoundingBox": {
          "Width": 0.03797975182533264,
          "Height": 0.07049383223056793,
          "Left": 0.46529221534729004,
          "Top": 0.7107560634613037
        },
        "Polygon": [
          {
            "X": 0.46529221534729004,
            "Y": 0.7110521793365479
          },
          {
            "X": 0.5030823349952698,
            "Y": 0.7107560634613037
          },
          {
            "X": 0.5032719373703003,
            "Y": 0.7809605002403259
          },
          {
            "X": 0.46548059582710266,
            "Y": 0.7812498807907104
          }
        ]
      },
      "Id": "0be1bd2c-33c6-4355-816b-8e4685260206",
      "Page": 1
    },
    {
      "BlockType": "WORD",
      "Confidence": 99.03665924072266,
      "Text": "16.644",
      "TextType": "PRINTED",
      "Geometry": {
        "BoundingBox": {
          "Width": 0.07325032353401184,
          "Height": 0.07167280465364456,
          "Left": 0.6485832929611206,
          "Top": 0.706203043460846
        },
        "Polygon": [
          {
            "X": 0.6485832929611206,
            "Y": 0.706775963306427
          },
          {
            "X": 0.7216343283653259,
            "Y": 0.706203043460846
          },
          {
            "X": 0.7218336462974548,
            "Y": 0.7773160934448242
          },
          {
            "X": 0.6487801671028137,
            "Y": 0.7778758406639099
          }
        ]
      },
      "Id": "d8138ad3-911b-4126-ab86-1dcc23c36214",
      "Page": 1
    },
    {
      "BlockType": "WORD",
      "Confidence": 97.38015747070312,
      "Text": "0.055",
      "TextType": "PRINTED",
      "Geometry": {
        "BoundingBox": {
          "Width": 0.06078207865357399,
          "Height": 0.06947755813598633,
          "Left": 0.8787939548492432,
          "Top": 0.7039487957954407
        },
        "Polygon": [
          {
            "X": 0.8787939548492432,
            "Y": 0.7044240236282349
          },
          {
            "X": 0.9393756985664368,
            "Y": 0.7039487957954407
          },
          {
            "X": 0.9395760297775269,
            "Y": 0.7729617357254028
          },
          {
            "X": 0.8789923787117004,
            "Y": 0.773426353931427
          }
        ]
      },
      "Id": "42d3790d-c6a8-442c-babc-a5056c934640",
      "Page": 1
    },
    {
      "BlockType": "WORD",
      "Confidence": 99.50057220458984,
      "Text": "Orientation",
      "TextType": "PRINTED",
      "Geometry": {
        "BoundingBox": {
          "Width": 0.13361339271068573,
          "Height": 0.07649341225624084,
          "Left": 0.024958955124020576,
          "Top": 0.8265835046768188
        },
        "Polygon": [
          {
            "X": 0.024958955124020576,
            "Y": 0.8275907039642334
          },
          {
            "X": 0.15838046371936798,
            "Y": 0.8265835046768188
          },
          {
            "X": 0.15857234597206116,
            "Y": 0.9020951986312866
          },
          {
            "X": 0.025146104395389557,
            "Y": 0.9030769467353821
          }
        ]
      },
      "Id": "cf9b8e0c-e38e-48a0-9d4d-c58d1df353e9",
      "Page": 1
    },
    {
      "BlockType": "WORD",
      "Confidence": 99.94092559814453,
      "Text": "10",
      "TextType": "PRINTED",
      "Geometry": {
        "BoundingBox": {
          "Width": 0.02467213198542595,
          "Height": 0.07090168446302414,
          "Left": 0.2947857975959778,
          "Top": 0.8280993700027466
        },
        "Polygon": [
          {
            "X": 0.2947857975959778,
            "Y": 0.8282840251922607
          },
          {
            "X": 0.3192729353904724,
            "Y": 0.8280993700027466
          },
          {
            "X": 0.31945791840553284,
            "Y": 0.8988207578659058
          },
          {
            "X": 0.29496997594833374,
            "Y": 0.8990010619163513
          }
        ]
      },
      "Id": "c6a9f909-4faa-4d47-8120-8eaca58c7d07",
      "Page": 1
    },
    {
      "BlockType": "WORD",
      "Confidence": 99.8737564086914,
      "Text": "123",
      "TextType": "PRINTED",
      "Geometry": {
        "BoundingBox": {
          "Width": 0.03745817020535469,
          "Height": 0.06997674703598022,
          "Left": 0.46624159812927246,
          "Top": 0.8240766525268555
        },
        "Polygon": [
          {
            "X": 0.46624159812927246,
            "Y": 0.8243579864501953
          },
          {
            "X": 0.5035114884376526,
            "Y": 0.8240766525268555
          },
          {
            "X": 0.503699779510498,
            "Y": 0.8937786221504211
          },
          {
            "X": 0.46642863750457764,
            "Y": 0.8940533995628357
          }
        ]
      },
      "Id": "eac7bf5b-2dd7-4394-aadd-562fb2054e01",
      "Page": 1
    },
    {
      "BlockType": "WORD",
      "Confidence": 99.03890228271484,
      "Text": "6.187",
      "TextType": "PRINTED",
      "Geometry": {
        "BoundingBox": {
          "Width": 0.061463311314582825,
          "Height": 0.07278627902269363,
          "Left": 0.6613686084747314,
          "Top": 0.8195188045501709
        },
        "Polygon": [
          {
            "X": 0.6613686084747314,
            "Y": 0.8199816942214966
          },
          {
            "X": 0.722629189491272,
            "Y": 0.8195188045501709
          },
          {
            "X": 0.7228319644927979,
            "Y": 0.891853392124176
          },
          {
            "X": 0.6615692973136902,
            "Y": 0.8923050761222839
          }
        ]
      },
      "Id": "867be012-c9db-418e-afdd-0683308ec3fe",
      "Page": 1
    },
    {
      "BlockType": "WORD",
      "Confidence": 98.26656341552734,
      "Text": "0.721",
      "TextType": "PRINTED",
      "Geometry": {
        "BoundingBox": {
          "Width": 0.05815558508038521,
          "Height": 0.06925370544195175,
          "Left": 0.8789573311805725,
          "Top": 0.8179125785827637
        },
        "Polygon": [
          {
            "X": 0.8789573311805725,
            "Y": 0.8183504343032837
          },
          {
            "X": 0.9369131326675415,
            "Y": 0.8179125785827637
          },
          {
            "X": 0.9371129274368286,
            "Y": 0.8867384195327759
          },
          {
            "X": 0.879155158996582,
            "Y": 0.8871662616729736
          }
        ]
      },
      "Id": "85bf74f6-813a-4e1d-b58a-c4713fc08031",
      "Page": 1
    },
    {
      "BlockType": "TABLE",
      "Confidence": 98.046875,
      "Geometry": {
        "BoundingBox": {
          "Width": 0.9549703001976013,
          "Height": 0.6147838234901428,
          "Left": 0.021003320813179016,
          "Top": 0.32053056359291077
        },
        "Polygon": [
          {
            "X": 0.021003320813179016,
            "Y": 0.3289308249950409
          },
          {
            "X": 0.974198579788208,
            "Y": 0.32053056359291077
          },
          {
            "X": 0.9759736061096191,
            "Y": 0.9283770322799683
          },
          {
            "X": 0.02250593900680542,
            "Y": 0.9353143572807312
          }
        ]
      },
      "Id": "66d91c41-9056-4023-9a5e-f7c54f918110",
      "Relationships": [
        {
          "Type": "CHILD",
          "Ids": [
            "ccf63ce2-e804-44c1-bf52-142b5cabb727",
            "458b8eae-20ca-4262-ad44-925e71b671d1",
            "09f92a37-f88d-4997-a446-0b227a1a957e",
            "858c546c-0af2-426f-85a5-8b016225a79e",
            "2de89c3a-d02c-4c7d-9fc8-453a6b0a036b",
            "b1e1e3ad-b9e0-4ef0-99e4-a4c5620d230a",
            "0237a89a-92f1-4dac-8d1c-0ccfdd59b4f5",
            "fb9bf68c-60f6-47ac-a4d8-c1e11d985244",
            "6bae522e-bfb7-49bf-a9e9-d2039d029f96",
            "e9e27cca-8b83-45af-bf6c-d5f79cb9f0b9",
            "9c6f5dd2-0e28-4e3f-814b-3fc9c8e1e518",
            "f695977d-fb32-4650-8160-6e44a6866ee5",
            "2b18d3e6-7abf-4cb6-b418-7776e8d9b063",
            "e5d58e0b-8419-44d7-b3be-994a0aa5cff7",
            "5315a8f6-4738-495e-ab45-da8d16e2823d",
            "3cf7e797-a702-47a6-8525-46220d770fb5",
            "12e2e638-713b-4587-98ef-7e0fcd4209db",
            "e3116e91-f395-4beb-8710-9ddb97219070",
            "40884f41-8fc1-4605-ae1e-c6f6da702874",
            "30aa8da2-3350-426b-aaeb-af90a51e08a9"
          ]
        },
        {
          "Type": "TABLE_TITLE",
          "Ids": [
            "3c0778c1-2578-4ce4-a1cf-3340008d61db"
          ]
        }
      ],
      "EntityTypes": [
        "STRUCTURED_TABLE"
      ],
      "Page": 1
    },
    {
      "BlockType": "CELL",
      "Confidence": 92.3828125,
      "RowIndex": 1,
      "ColumnIndex": 1,
      "RowSpan": 1,
      "ColumnSpan": 1,
      "Geometry": {
        "BoundingBox": {
          "Width": 0.19768771529197693,
          "Height": 0.24513891339302063,
          "Left": 0.021003320813179016,
          "Top": 0.3271941542625427
        },
        "Polygon": [
          {
            "X": 0.021003320813179016,
            "Y": 0.3289308249950409
          },
          {
            "X": 0.2180653214454651,
            "Y": 0.3271941542625427
          },
          {
            "X": 0.21869103610515594,
            "Y": 0.5707178115844727
          },
          {
            "X": 0.02160647138953209,
            "Y": 0.5723330974578857
          }
        ]
      },
      "Id": "ccf63ce2-e804-44c1-bf52-142b5cabb727",
      "Relationships": [
        {
          "Type": "CHILD",
          "Ids": [
            "ceae5c4b-5e03-4891-ab6b-ac8e9b79e2d6"
          ]
        }
      ],
      "EntityTypes": [
        "COLUMN_HEADER"
      ],
      "Page": 1
    },
    {
      "BlockType": "CELL",
      "Confidence": 91.845703125,
      "RowIndex": 1,
      "ColumnIndex": 2,
      "RowSpan": 1,
      "ColumnSpan": 1,
      "Geometry": {
        "BoundingBox": {
          "Width": 0.17907258868217468,
          "Height": 0.24509605765342712,
          "Left": 0.2180653214454651,
          "Top": 0.32562172412872314
        },
        "Polygon": [
          {
            "X": 0.2180653214454651,
            "Y": 0.3271941542625427
          },
          {
            "X": 0.39649173617362976,
            "Y": 0.32562172412872314
          },
          {
            "X": 0.39713791012763977,
            "Y": 0.5692552924156189
          },
          {
            "X": 0.21869103610515594,
            "Y": 0.5707178115844727
          }
        ]
      },
      "Id": "458b8eae-20ca-4262-ad44-925e71b671d1",
      "Relationships": [
        {
          "Type": "CHILD",
          "Ids": [
            "144747a7-1919-4c22-bb5c-4a11fe73e00b",
            "7121c307-2ebc-49b1-8aff-b831b0c03c43"
          ]
        }
      ],
      "EntityTypes": [
        "COLUMN_HEADER"
      ],
      "Page": 1
    },
    {
      "BlockType": "CELL",
      "Confidence": 92.041015625,
      "RowIndex": 1,
      "ColumnIndex": 3,
      "RowSpan": 1,
      "ColumnSpan": 1,
      "Geometry": {
        "BoundingBox": {
          "Width": 0.17287278175354004,
          "Height": 0.24515114724636078,
          "Left": 0.39649173617362976,
          "Top": 0.3241041302680969
        },
        "Polygon": [
          {
            "X": 0.39649173617362976,
            "Y": 0.32562172412872314
          },
          {
            "X": 0.5686985850334167,
            "Y": 0.3241041302680969
          },
          {
            "X": 0.5693645477294922,
            "Y": 0.5678437352180481
          },
          {
            "X": 0.39713791012763977,
            "Y": 0.5692552924156189
          }
        ]
      },
      "Id": "09f92a37-f88d-4997-a446-0b227a1a957e",
      "Relationships": [
        {
          "Type": "CHILD",
          "Ids": [
            "ef06d6f3-e39f-4c9e-8df9-aff0aec0203a"
          ]
        }
      ],
      "EntityTypes": [
        "COLUMN_HEADER"
      ],
      "Page": 1
    },
    {
      "BlockType": "CELL",
      "Confidence": 93.9453125,
      "RowIndex": 1,
      "ColumnIndex": 4,
      "RowSpan": 1,
      "ColumnSpan": 1,
      "Geometry": {
        "BoundingBox": {
          "Width": 0.24118377268314362,
          "Height": 0.24585898220539093,
          "Left": 0.5686985850334167,
          "Top": 0.32198473811149597
        },
        "Polygon": [
          {
            "X": 0.5686985850334167,
            "Y": 0.3241041302680969
          },
          {
            "X": 0.8091888427734375,
            "Y": 0.32198473811149597
          },
          {
            "X": 0.8098823428153992,
            "Y": 0.5658724904060364
          },
          {
            "X": 0.5693645477294922,
            "Y": 0.5678437352180481
          }
        ]
      },
      "Id": "858c546c-0af2-426f-85a5-8b016225a79e",
      "Relationships": [
        {
          "Type": "CHILD",
          "Ids": [
            "9085872e-b47d-4bf8-8010-26e1dec55daa",
            "160ab27f-cef1-4beb-8790-6fc0d1f59eab"
          ]
        }
      ],
      "EntityTypes": [
        "COLUMN_HEADER"
      ],
      "Page": 1
    },
    {
      "BlockType": "CELL",
      "Confidence": 90.0390625,
      "RowIndex": 1,
      "ColumnIndex": 5,
      "RowSpan": 1,
      "ColumnSpan": 1,
      "Geometry": {
        "BoundingBox": {
          "Width": 0.16572225093841553,
          "Height": 0.2453419268131256,
          "Left": 0.8091888427734375,
          "Top": 0.32053056359291077
        },
        "Polygon": [
          {
            "X": 0.8091888427734375,
            "Y": 0.32198473811149597
          },
          {
            "X": 0.974198579788208,
            "Y": 0.32053056359291077
          },
          {
            "X": 0.974911093711853,
            "Y": 0.5645199418067932
          },
          {
            "X": 0.8098823428153992,
            "Y": 0.5658724904060364
          }
        ]
      },
      "Id": "2de89c3a-d02c-4c7d-9fc8-453a6b0a036b",
      "Relationships": [
        {
          "Type": "CHILD",
          "Ids": [
            "22c88197-a7de-4d6b-981a-8e328d49e2cf"
          ]
        }
      ],
      "EntityTypes": [
        "COLUMN_HEADER"
      ],
      "Page": 1
    },
    {
      "BlockType": "CELL",
      "Confidence": 87.646484375,
      "RowIndex": 2,
      "ColumnIndex": 1,
      "RowSpan": 1,
      "ColumnSpan": 1,
      "Geometry": {
        "BoundingBox": {
          "Width": 0.1973879486322403,
          "Height": 0.11963170766830444,
          "Left": 0.02160647138953209,
          "Top": 0.5707178115844727
        },
        "Polygon": [
          {
            "X": 0.02160647138953209,
            "Y": 0.5723330974578857
          },
          {
            "X": 0.21869103610515594,
            "Y": 0.5707178115844727
          },
          {
            "X": 0.21899442374706268,
            "Y": 0.6887930631637573
          },
          {
            "X": 0.021898915991187096,
            "Y": 0.6903495192527771
          }
        ]
      },
      "Id": "b1e1e3ad-b9e0-4ef0-99e4-a4c5620d230a",
      "Relationships": [
        {
          "Type": "CHILD",
          "Ids": [
            "592f3dfa-4bdc-4297-b802-c1df54044af0"
          ]
        }
      ],
      "Page": 1
    },
    {
      "BlockType": "CELL",
      "Confidence": 87.158203125,
      "RowIndex": 2,
      "ColumnIndex": 2,
      "RowSpan": 1,
      "ColumnSpan": 1,
      "Geometry": {
        "BoundingBox": {
          "Width": 0.17876017093658447,
          "Height": 0.11953781545162201,
          "Left": 0.21869103610515594,
          "Top": 0.5692552924156189
        },
        "Polygon": [
          {
            "X": 0.21869103610515594,
            "Y": 0.5707178115844727
          },
          {
            "X": 0.39713791012763977,
            "Y": 0.5692552924156189
          },
          {
            "X": 0.3974511921405792,
            "Y": 0.6873838305473328
          },
          {
            "X": 0.21899442374706268,
            "Y": 0.6887930631637573
          }
        ]
      },
      "Id": "0237a89a-92f1-4dac-8d1c-0ccfdd59b4f5",
      "Relationships": [
        {
          "Type": "CHILD",
          "Ids": [
            "09f266f5-34d1-4605-bcd7-4a6b062db11c"
          ]
        }
      ],
      "Page": 1
    },
    {
      "BlockType": "CELL",
      "Confidence": 87.3046875,
      "RowIndex": 2,
      "ColumnIndex": 3,
      "RowSpan": 1,
      "ColumnSpan": 1,
      "Geometry": {
        "BoundingBox": {
          "Width": 0.17254950106143951,
          "Height": 0.11954013258218765,
          "Left": 0.39713791012763977,
          "Top": 0.5678437352180481
        },
        "Polygon": [
          {
            "X": 0.39713791012763977,
            "Y": 0.5692552924156189
          },
          {
            "X": 0.5693645477294922,
            "Y": 0.5678437352180481
          },
          {
            "X": 0.5696874260902405,
            "Y": 0.6860237717628479
          },
          {
            "X": 0.3974511921405792,
            "Y": 0.6873838305473328
          }
        ]
      },
      "Id": "fb9bf68c-60f6-47ac-a4d8-c1e11d985244",
      "Relationships": [
        {
          "Type": "CHILD",
          "Ids": [
            "7f764e99-b8b8-4298-a10d-401128861fa9"
          ]
        }
      ],
      "Page": 1
    },
    {
      "BlockType": "CELL",
      "Confidence": 89.111328125,
      "RowIndex": 2,
      "ColumnIndex": 4,
      "RowSpan": 1,
      "ColumnSpan": 1,
      "Geometry": {
        "BoundingBox": {
          "Width": 0.24085412919521332,
          "Height": 0.12015127390623093,
          "Left": 0.5693645477294922,
          "Top": 0.5658724904060364
        },
        "Polygon": [
          {
            "X": 0.5693645477294922,
            "Y": 0.5678437352180481
          },
          {
            "X": 0.8098823428153992,
            "Y": 0.5658724904060364
          },
          {
            "X": 0.8102186322212219,
            "Y": 0.6841243505477905
          },
          {
            "X": 0.5696874260902405,
            "Y": 0.6860237717628479
          }
        ]
      },
      "Id": "6bae522e-bfb7-49bf-a9e9-d2039d029f96",
      "Relationships": [
        {
          "Type": "CHILD",
          "Ids": [
            "e976b236-c478-43a1-8cbc-c884b359137d"
          ]
        }
      ],
      "Page": 1
    },
    {
      "BlockType": "CELL",
      "Confidence": 85.44921875,
      "RowIndex": 2,
      "ColumnIndex": 5,
      "RowSpan": 1,
      "ColumnSpan": 1,
      "Geometry": {
        "BoundingBox": {
          "Width": 0.16537417471408844,
          "Height": 0.11960440874099731,
          "Left": 0.8098823428153992,
          "Top": 0.5645199418067932
        },
        "Polygon": [
          {
            "X": 0.8098823428153992,
            "Y": 0.5658724904060364
          },
          {
            "X": 0.974911093711853,
            "Y": 0.5645199418067932
          },
          {
            "X": 0.9752565622329712,
            "Y": 0.6828210949897766
          },
          {
            "X": 0.8102186322212219,
            "Y": 0.6841243505477905
          }
        ]
      },
      "Id": "e9e27cca-8b83-45af-bf6c-d5f79cb9f0b9",
      "Relationships": [
        {
          "Type": "CHILD",
          "Ids": [
            "1284e5a4-e63d-4ba6-bf53-a28d51ea0901"
          ]
        }
      ],
      "Page": 1
    },
    {
      "BlockType": "CELL",
      "Confidence": 87.841796875,
      "RowIndex": 3,
      "ColumnIndex": 1,
      "RowSpan": 1,
      "ColumnSpan": 1,
      "Geometry": {
        "BoundingBox": {
          "Width": 0.19739893078804016,
          "Height": 0.11958576738834381,
          "Left": 0.021898915991187096,
          "Top": 0.6887930631637573
        },
        "Polygon": [
          {
            "X": 0.021898915991187096,
            "Y": 0.6903495192527771
          },
          {
            "X": 0.21899442374706268,
            "Y": 0.6887930631637573
          },
          {
            "X": 0.2192978411912918,
            "Y": 0.806881308555603
          },
          {
            "X": 0.02219139225780964,
            "Y": 0.8083788752555847
          }
        ]
      },
      "Id": "9c6f5dd2-0e28-4e3f-814b-3fc9c8e1e518",
      "Relationships": [
        {
          "Type": "CHILD",
          "Ids": [
            "865a5b55-c045-4459-9189-2105edefb1e7"
          ]
        }
      ],
      "Page": 1
    },
    {
      "BlockType": "CELL",
      "Confidence": 87.353515625,
      "RowIndex": 3,
      "ColumnIndex": 2,
      "RowSpan": 1,
      "ColumnSpan": 1,
      "Geometry": {
        "BoundingBox": {
          "Width": 0.17877012491226196,
          "Height": 0.11949745565652847,
          "Left": 0.21899442374706268,
          "Top": 0.6873838305473328
        },
        "Polygon": [
          {
            "X": 0.21899442374706268,
            "Y": 0.6887930631637573
          },
          {
            "X": 0.3974511921405792,
            "Y": 0.6873838305473328
          },
          {
            "X": 0.39776453375816345,
            "Y": 0.8055253624916077
          },
          {
            "X": 0.2192978411912918,
            "Y": 0.806881308555603
          }
        ]
      },
      "Id": "f695977d-fb32-4650-8160-6e44a6866ee5",
      "Relationships": [
        {
          "Type": "CHILD",
          "Ids": [
            "54ab62b8-0c4e-47de-8e36-c8b411e7b9db"
          ]
        }
      ],
      "Page": 1
    },
    {
      "BlockType": "CELL",
      "Confidence": 87.5,
      "RowIndex": 3,
      "ColumnIndex": 3,
      "RowSpan": 1,
      "ColumnSpan": 1,
      "Geometry": {
        "BoundingBox": {
          "Width": 0.17255911231040955,
          "Height": 0.11950164288282394,
          "Left": 0.3974511921405792,
          "Top": 0.6860237717628479
        },
        "Polygon": [
          {
            "X": 0.3974511921405792,
            "Y": 0.6873838305473328
          },
          {
            "X": 0.5696874260902405,
            "Y": 0.6860237717628479
          },
          {
            "X": 0.5700103044509888,
            "Y": 0.804216742515564
          },
          {
            "X": 0.39776453375816345,
            "Y": 0.8055253624916077
          }
        ]
      },
      "Id": "2b18d3e6-7abf-4cb6-b418-7776e8d9b063",
      "Relationships": [
        {
          "Type": "CHILD",
          "Ids": [
            "0be1bd2c-33c6-4355-816b-8e4685260206"
          ]
        }
      ],
      "Page": 1
    },
    {
      "BlockType": "CELL",
      "Confidence": 89.306640625,
      "RowIndex": 3,
      "ColumnIndex": 4,
      "RowSpan": 1,
      "ColumnSpan": 1,
      "Geometry": {
        "BoundingBox": {
          "Width": 0.24086755514144897,
          "Height": 0.12009239941835403,
          "Left": 0.5696874260902405,
          "Top": 0.6841243505477905
        },
        "Polygon": [
          {
            "X": 0.5696874260902405,
            "Y": 0.6860237717628479
          },
          {
            "X": 0.8102186322212219,
            "Y": 0.6841243505477905
          },
          {
            "X": 0.8105549216270447,
            "Y": 0.8023891448974609
          },
          {
            "X": 0.5700103044509888,
            "Y": 0.804216742515564
          }
        ]
      },
      "Id": "e5d58e0b-8419-44d7-b3be-994a0aa5cff7",
      "Relationships": [
        {
          "Type": "CHILD",
          "Ids": [
            "d8138ad3-911b-4126-ab86-1dcc23c36214"
          ]
        }
      ],
      "Page": 1
    },
    {
      "BlockType": "CELL",
      "Confidence": 85.595703125,
      "RowIndex": 3,
      "ColumnIndex": 5,
      "RowSpan": 1,
      "ColumnSpan": 1,
      "Geometry": {
        "BoundingBox": {
          "Width": 0.16538341343402863,
          "Height": 0.11956809461116791,
          "Left": 0.8102186322212219,
          "Top": 0.6828210949897766
        },
        "Polygon": [
          {
            "X": 0.8102186322212219,
            "Y": 0.6841243505477905
          },
          {
            "X": 0.9752565622329712,
            "Y": 0.6828210949897766
          },
          {
            "X": 0.9756020307540894,
            "Y": 0.8011351823806763
          },
          {
            "X": 0.8105549216270447,
            "Y": 0.8023891448974609
          }
        ]
      },
      "Id": "5315a8f6-4738-495e-ab45-da8d16e2823d",
      "Relationships": [
        {
          "Type": "CHILD",
          "Ids": [
            "42d3790d-c6a8-442c-babc-a5056c934640"
          ]
        }
      ],
      "Page": 1
    },
    {
      "BlockType": "CELL",
      "Confidence": 86.71875,
      "RowIndex": 4,
      "ColumnIndex": 1,
      "RowSpan": 1,
      "ColumnSpan": 1,
      "Geometry": {
        "BoundingBox": {
          "Width": 0.1974327713251114,
          "Height": 0.12843304872512817,
          "Left": 0.02219139225780964,
          "Top": 0.806881308555603
        },
        "Polygon": [
          {
            "X": 0.02219139225780964,
            "Y": 0.8083788752555847
          },
          {
            "X": 0.2192978411912918,
            "Y": 0.806881308555603
          },
          {
            "X": 0.21962416172027588,
            "Y": 0.9338801503181458
          },
          {
            "X": 0.02250593900680542,
            "Y": 0.9353143572807312
          }
        ]
      },
      "Id": "3cf7e797-a702-47a6-8525-46220d770fb5",
      "Relationships": [
        {
          "Type": "CHILD",
          "Ids": [
            "cf9b8e0c-e38e-48a0-9d4d-c58d1df353e9"
          ]
        }
      ],
      "Page": 1
    },
    {
      "BlockType": "CELL",
      "Confidence": 86.23046875,
      "RowIndex": 4,
      "ColumnIndex": 2,
      "RowSpan": 1,
      "ColumnSpan": 1,
      "Geometry": {
        "BoundingBox": {
          "Width": 0.1788036823272705,
          "Height": 0.1283547580242157,
          "Left": 0.2192978411912918,
          "Top": 0.8055253624916077
        },
        "Polygon": [
          {
            "X": 0.2192978411912918,
            "Y": 0.806881308555603
          },
          {
            "X": 0.39776453375816345,
            "Y": 0.8055253624916077
          },
          {
            "X": 0.3981015086174011,
            "Y": 0.9325815439224243
          },
          {
            "X": 0.21962416172027588,
            "Y": 0.9338801503181458
          }
        ]
      },
      "Id": "12e2e638-713b-4587-98ef-7e0fcd4209db",
      "Relationships": [
        {
          "Type": "CHILD",
          "Ids": [
            "c6a9f909-4faa-4d47-8120-8eaca58c7d07"
          ]
        }
      ],
      "Page": 1
    },
    {
      "BlockType": "CELL",
      "Confidence": 86.42578125,
      "RowIndex": 4,
      "ColumnIndex": 3,
      "RowSpan": 1,
      "ColumnSpan": 1,
      "Geometry": {
        "BoundingBox": {
          "Width": 0.17259305715560913,
          "Height": 0.12836483120918274,
          "Left": 0.39776453375816345,
          "Top": 0.804216742515564
        },
        "Polygon": [
          {
            "X": 0.39776453375816345,
            "Y": 0.8055253624916077
          },
          {
            "X": 0.5700103044509888,
            "Y": 0.804216742515564
          },
          {
            "X": 0.570357620716095,
            "Y": 0.9313282370567322
          },
          {
            "X": 0.3981015086174011,
            "Y": 0.9325815439224243
          }
        ]
      },
      "Id": "e3116e91-f395-4beb-8710-9ddb97219070",
      "Relationships": [
        {
          "Type": "CHILD",
          "Ids": [
            "eac7bf5b-2dd7-4394-aadd-562fb2054e01"
          ]
        }
      ],
      "Page": 1
    },
    {
      "BlockType": "CELL",
      "Confidence": 88.18359375,
      "RowIndex": 4,
      "ColumnIndex": 4,
      "RowSpan": 1,
      "ColumnSpan": 1,
      "Geometry": {
        "BoundingBox": {
          "Width": 0.24090631306171417,
          "Height": 0.12893907725811005,
          "Left": 0.5700103044509888,
          "Top": 0.8023891448974609
        },
        "Polygon": [
          {
            "X": 0.5700103044509888,
            "Y": 0.804216742515564
          },
          {
            "X": 0.8105549216270447,
            "Y": 0.8023891448974609
          },
          {
            "X": 0.8109166622161865,
            "Y": 0.9295779466629028
          },
          {
            "X": 0.570357620716095,
            "Y": 0.9313282370567322
          }
        ]
      },
      "Id": "40884f41-8fc1-4605-ae1e-c6f6da702874",
      "Relationships": [
        {
          "Type": "CHILD",
          "Ids": [
            "867be012-c9db-418e-afdd-0683308ec3fe"
          ]
        }
      ],
      "Page": 1
    },
    {
      "BlockType": "CELL",
      "Confidence": 84.521484375,
      "RowIndex": 4,
      "ColumnIndex": 5,
      "RowSpan": 1,
      "ColumnSpan": 1,
      "Geometry": {
        "BoundingBox": {
          "Width": 0.16541868448257446,
          "Height": 0.12844276428222656,
          "Left": 0.8105549216270447,
          "Top": 0.8011351823806763
        },
        "Polygon": [
          {
            "X": 0.8105549216270447,
            "Y": 0.8023891448974609
          },
          {
            "X": 0.9756020307540894,
            "Y": 0.8011351823806763
          },
          {
            "X": 0.9759736061096191,
            "Y": 0.9283770322799683
          },
          {
            "X": 0.8109166622161865,
            "Y": 0.9295779466629028
          }
        ]
      },
      "Id": "30aa8da2-3350-426b-aaeb-af90a51e08a9",
      "Relationships": [
        {
          "Type": "CHILD",
          "Ids": [
            "85bf74f6-813a-4e1d-b58a-c4713fc08031"
          ]
        }
      ],
      "Page": 1
    },
    {
      "BlockType": "TABLE_TITLE",
      "Confidence": 93.75,
      "Geometry": {
        "BoundingBox": {
          "Width": 0.9119150042533875,
          "Height": 0.27713367342948914,
          "Left": 0.050195761024951935,
          "Top": 0.02940511889755726
        },
        "Polygon": [
          {
            "X": 0.050195761024951935,
            "Y": 0.03810560703277588
          },
          {
            "X": 0.9613265991210938,
            "Y": 0.02940511889755726
          },
          {
            "X": 0.9621107578277588,
            "Y": 0.2984571158885956
          },
          {
            "X": 0.05086466297507286,
            "Y": 0.30653879046440125
          }
        ]
      },
      "Id": "3c0778c1-2578-4ce4-a1cf-3340008d61db",
      "Relationships": [
        {
          "Type": "CHILD",
          "Ids": [
            "bf882eba-1720-4b3e-92ae-1783e70cfd29",
            "8e5c54f9-6ff3-4011-bf72-9900cc894eba",
            "54a047b8-9927-4511-9ff8-3f8724ebc2ab",
            "1e565de6-ff00-4f3a-b14d-a4b2c5b9debd",
            "33ac933d-0744-4afb-bc1f-24a50377a27e",
            "0276c020-2d60-44cc-97e5-a6334cf7fec9",
            "09c82424-a048-46f2-8014-3929ea309751",
            "620d300a-846b-475e-878d-a764a6ecf543",
            "55a87266-a5ad-4e3a-8385-4a2011e30a30",
            "1b9c5452-78aa-426f-ba6f-b00393195efd",
            "a4929ab4-67be-4144-8835-963e831d80e1",
            "de143c5a-4856-4065-ad2e-39544e37162b"
          ]
        }
      ],
      "Page": 1
    }
  ],
  "AnalyzeDocumentModelVersion": "1.0"
}