{
  "DocumentMetadata": {
    "Pages": 1
  },
  "JobStatus": "SUCCEEDED",
  "Blocks": [
    {
      "BlockType": "PAGE",
      "Geometry": {
        "BoundingBox": {
          "Width": 1,
          "Height": 1,
          "Left": 0,
          "Top": 0
        },
        "Polygon": [
          {
            "X": 0,
            "Y": 5.5357855899274e-7
          },
          {
            "X": 1,
            "Y": 0
          },
          {
            "X": 1,
            "Y": 1
          },
          {
            "X": 0.0003511749382596463,
            "Y": 1
          }
        ]
      },
      "Id": "2ca659b9-adfa-48c8-b040-fdcabbd5e9bd",
      "Relationships": [
        {
          "Type": "CHILD",
          "Ids": [
            "f37bae99-ff6a-4273-9540-fee741624a7d",
            "9b7dce16-d641-448f-b43c-97406b50e655",
            "8dc0d42b-25fa-43a5-a17d-315b294fd6c7",
            "3f4eb7ec-8042-4672-8b3c-24ecc22fc428",
            "abc722c2-c145-471a-b6b4-07ce125e170b",
            "3a427b42-1acb-4e22-9e8a-7cf88ccf7d06",
            "10d46427-3fc5-48e4-806a-d52aa86c7839",
            "50d4899e-00aa-4ef5-8b00-35bcc2c30b1b",
            "c4f86169-b00c-409c-a6e4-cdc8f35b9628",
            "dc49f2fc-1ee9-44d4-8749-5db0719e2b59",
            "b3a4d96f-550d-433d-975a-dea5734ce27d",
            "b93f8686-2166-4c1b-8fa3-09549630bf18",
            "06bc7e4c-5885-4e50-b703-b7bfc047457a",
            "724c5c1d-85dd-48dd-9158-527add5b6b8f",
            "1fbd5b09-c040-4434-ad1a-b600b5892182",
            "f461fcff-31ab-40c2-8dd6-f099466121e0",
            "a5ae180b-0c94-4df0-9300-c52d7fc27e11",
            "fafbdd2a-f8bb-44e4-839a-153dc356e35c",
            "5c52d069-b29f-4373-adba-adf6bdd7df62",
            "9c2843b6-f8b4-4cbf-92f1-6c63dad0dab2"
          ]
        }
      ],
      "Page": 1
    },
    {
      "BlockType": "LINE",
      "Confidence": 99.30342864990234,
      "Text": "TABLE 5.9.",
      "Geometry": {
        "BoundingBox": {
          "Width": 0.1276928037405014,
          "Height": 0.08513485640287399,
          "Left": 0.44679659605026245,
          "Top": 0.06524673104286194
        },
        "Polygon": [
          {
            "X": 0.44679659605026245,
            "Y": 0.06534892320632935
          },
          {
            "X": 0.5743687748908997,
            "Y": 0.06524673104286194
          },
          {
            "X": 0.574489414691925,
            "Y": 0.15027716755867004
          },
          {
            "X": 0.44691261649131775,
            "Y": 0.15038157999515533
          }
        ]
      },
      "Id": "f37bae99-ff6a-4273-9540-fee741624a7d",
      "Relationships": [
        {
          "Type": "CHILD",
          "Ids": [
            "35672ca7-d756-445b-8e75-6d9b504dd648",
            "055efd65-42d4-47d4-a9f5-4525a888057c"
          ]
        }
      ],
      "Page": 1
    },
    {
      "BlockType": "LINE",
      "Confidence": 99.92467498779297,
      "Text": "Distribution of Construction Wood Species by Village (Expected Values",
      "Geometry": {
        "BoundingBox": {
          "Width": 0.9090760350227356,
          "Height": 0.09866981208324432,
          "Left": 0.05501813068985939,
          "Top": 0.17682388424873352
        },
        "Polygon": [
          {
            "X": 0.05501813068985939,
            "Y": 0.1775728315114975
          },
          {
            "X": 0.9639389514923096,
            "Y": 0.17682388424873352
          },
          {
            "X": 0.9640941619873047,
            "Y": 0.2747265100479126
          },
          {
            "X": 0.05513530597090721,
            "Y": 0.27549371123313904
          }
        ]
      },
      "Id": "9b7dce16-d641-448f-b43c-97406b50e655",
      "Relationships": [
        {
          "Type": "CHILD",
          "Ids": [
            "442340bb-cf28-416b-8561-46cb502e3706",
            "677b7a45-90b0-4c4f-8b2a-bba3fd3db5ab",
            "46141a2e-0436-4978-8ca0-ae74af1e63da",
            "8c2a831d-3e52-491f-81c7-b428d200e23e",
            "e60e2722-2636-468f-a4cb-34676070b349",
            "c3500e23-f1e0-4ccb-908c-7361b69aec7b",
            "3fcbc806-8829-4c79-8aad-47f66abed1f3",
            "7b3802ce-4f8c-41fc-9e5f-31d5a2d09506",
            "f12c13bf-cdba-4fa6-a660-23ec9e161ed3"
          ]
        }
      ],
      "Page": 1
    },
    {
      "BlockType": "LINE",
      "Confidence": 98.83357238769531,
      "Text": "Shown in Parentheses)",
      "Geometry": {
        "BoundingBox": {
          "Width": 0.28811025619506836,
          "Height": 0.08470810204744339,
          "Left": 0.36408621072769165,
          "Top": 0.3012036681175232
        },
        "Polygon": [
          {
            "X": 0.36408621072769165,
            "Y": 0.301448255777359
          },
          {
            "X": 0.652073860168457,
            "Y": 0.3012036681175232
          },
          {
            "X": 0.65219646692276,
            "Y": 0.38566216826438904
          },
          {
            "X": 0.3641984462738037,
            "Y": 0.385911762714386
          }
        ]
      },
      "Id": "8dc0d42b-25fa-43a5-a17d-315b294fd6c7",
      "Relationships": [
        {
          "Type": "CHILD",
          "Ids": [
            "7f62b262-dd12-4640-bf9d-a0c0cf6d5817",
            "a642caed-e1ec-4b63-881a-3e587dce9ebb",
            "32c75a84-ad63-4e02-afd1-56fac3e1ec14"
          ]
        }
      ],
      "Page": 1
    },
    {
      "BlockType": "LINE",
      "Confidence": 98.70860290527344,
      "Text": "Ponderosa/Douglas fir",
      "Geometry": {
        "BoundingBox": {
          "Width": 0.26112115383148193,
          "Height": 0.08753285557031631,
          "Left": 0.26714831590652466,
          "Top": 0.4315471649169922
        },
        "Polygon": [
          {
            "X": 0.26714831590652466,
            "Y": 0.4317758083343506
          },
          {
            "X": 0.5281473398208618,
            "Y": 0.4315471649169922
          },
          {
            "X": 0.5282694697380066,
            "Y": 0.5188466906547546
          },
          {
            "X": 0.26726070046424866,
            "Y": 0.5190800428390503
          }
        ]
      },
      "Id": "3f4eb7ec-8042-4672-8b3c-24ecc22fc428",
      "Relationships": [
        {
          "Type": "CHILD",
          "Ids": [
            "0964b4be-6406-4e00-8a83-22e4f4c6d7d2",
            "c40b9408-e831-43f0-ba4a-83ebf0e0e34d"
          ]
        }
      ],
      "Page": 1
    },
    {
      "BlockType": "LINE",
      "Confidence": 93.73802185058594,
      "Text": "Piñon/Juniper",
      "Geometry": {
        "BoundingBox": {
          "Width": 0.16414295136928558,
          "Height": 0.08201254904270172,
          "Left": 0.6400459408760071,
          "Top": 0.43299031257629395
        },
        "Polygon": [
          {
            "X": 0.6400459408760071,
            "Y": 0.4331340491771698
          },
          {
            "X": 0.8040646910667419,
            "Y": 0.43299031257629395
          },
          {
            "X": 0.8041889071464539,
            "Y": 0.5148563385009766
          },
          {
            "X": 0.6401643753051758,
            "Y": 0.5150028467178345
          }
        ]
      },
      "Id": "abc722c2-c145-471a-b6b4-07ce125e170b",
      "Relationships": [
        {
          "Type": "CHILD",
          "Ids": [
            "eaf7ac7d-254c-4216-bccc-03aa8520bc5a"
          ]
        }
      ],
      "Page": 1
    },
    {
      "BlockType": "LINE",
      "Confidence": 99.96253204345703,
      "Text": "Total",
      "Geometry": {
        "BoundingBox": {
          "Width": 0.05814239755272865,
          "Height": 0.06495092809200287,
          "Left": 0.9078029990196228,
          "Top": 0.4292166531085968
        },
        "Polygon": [
          {
            "X": 0.9078029990196228,
            "Y": 0.4292674958705902
          },
          {
            "X": 0.9658424258232117,
            "Y": 0.4292166531085968
          },
          {
            "X": 0.9659453630447388,
            "Y": 0.4941159784793854
          },
          {
            "X": 0.907904326915741,
            "Y": 0.49416759610176086
          }
        ]
      },
      "Id": "3a427b42-1acb-4e22-9e8a-7cf88ccf7d06",
      "Relationships": [
        {
          "Type": "CHILD",
          "Ids": [
            "eddb3d77-6f12-466b-af45-8bdc133f9b30"
          ]
        }
      ],
      "Page": 1
    },
    {
      "BlockType": "LINE",
      "Confidence": 99.87987518310547,
      "Text": "East Village",
      "Geometry": {
        "BoundingBox": {
          "Width": 0.1320149004459381,
          "Height": 0.08402632921934128,
          "Left": 0.02298853173851967,
          "Top": 0.5545879602432251
        },
        "Polygon": [
          {
            "X": 0.02298853173851967,
            "Y": 0.554706871509552
          },
          {
            "X": 0.154899463057518,
            "Y": 0.5545879602432251
          },
          {
            "X": 0.15500344336032867,
            "Y": 0.6384931802749634
          },
          {
            "X": 0.023087771609425545,
            "Y": 0.638614296913147
          }
        ]
      },
      "Id": "10d46427-3fc5-48e4-806a-d52aa86c7839",
      "Relationships": [
        {
          "Type": "CHILD",
          "Ids": [
            "696811ed-1f35-4793-b9ca-7b5d3cb8179e",
            "2e332f6e-f648-44a6-a720-ae861c45ece0"
          ]
        }
      ],
      "Page": 1
    },
    {
      "BlockType": "LINE",
      "Confidence": 99.84950256347656,
      "Text": "11 (20.90)",
      "Geometry": {
        "BoundingBox": {
          "Width": 0.11413893848657608,
          "Height": 0.07815037667751312,
          "Left": 0.34109342098236084,
          "Top": 0.5490560531616211
        },
        "Polygon": [
          {
            "X": 0.34109342098236084,
            "Y": 0.5491586923599243
          },
          {
            "X": 0.4551256000995636,
            "Y": 0.5490560531616211
          },
          {
            "X": 0.4552323520183563,
            "Y": 0.6271019577980042
          },
          {
            "X": 0.34119635820388794,
            "Y": 0.6272064447402954
          }
        ]
      },
      "Id": "50d4899e-00aa-4ef5-8b00-35bcc2c30b1b",
      "Relationships": [
        {
          "Type": "CHILD",
          "Ids": [
            "e32d0f57-17d6-4ea2-86a5-d2168331f0c8",
            "f0fef05b-e832-4906-87a7-18b44bc168e3"
          ]
        }
      ],
      "Page": 1
    },
    {
      "BlockType": "LINE",
      "Confidence": 99.79328918457031,
      "Text": "15 (5.10)",
      "Geometry": {
        "BoundingBox": {
          "Width": 0.10018555819988251,
          "Height": 0.07788437604904175,
          "Left": 0.6580175757408142,
          "Top": 0.5463605523109436
        },
        "Polygon": [
          {
            "X": 0.6580175757408142,
            "Y": 0.5464505553245544
          },
          {
            "X": 0.758086621761322,
            "Y": 0.5463605523109436
          },
          {
            "X": 0.7582031488418579,
            "Y": 0.6241533160209656
          },
          {
            "X": 0.6581307053565979,
            "Y": 0.6242449283599854
          }
        ]
      },
      "Id": "c4f86169-b00c-409c-a6e4-cdc8f35b9628",
      "Relationships": [
        {
          "Type": "CHILD",
          "Ids": [
            "b67e0bdd-33a1-42f2-ad1c-3f5275bdcbd9",
            "5bde7d26-7553-407c-bdea-e6a8a279fd70"
          ]
        }
      ],
      "Page": 1
    },
    {
      "BlockType": "LINE",
      "Confidence": 99.96343231201172,
      "Text": "26",
      "Geometry": {
        "BoundingBox": {
          "Width": 0.027899106964468956,
          "Height": 0.06147840619087219,
          "Left": 0.930248498916626,
          "Top": 0.5484142899513245
        },
        "Polygon": [
          {
            "X": 0.930248498916626,
            "Y": 0.5484393239021301
          },
          {
            "X": 0.9580503106117249,
            "Y": 0.5484142899513245
          },
          {
            "X": 0.9581475853919983,
            "Y": 0.6098673343658447
          },
          {
            "X": 0.9303450584411621,
            "Y": 0.609892725944519
          }
        ]
      },
      "Id": "dc49f2fc-1ee9-44d4-8749-5db0719e2b59",
      "Relationships": [
        {
          "Type": "CHILD",
          "Ids": [
            "de434c21-bc33-4972-9c67-3f07f5a427b2"
          ]
        }
      ],
      "Page": 1
    },
    {
      "BlockType": "LINE",
      "Confidence": 99.9374771118164,
      "Text": "West Village",
      "Geometry": {
        "BoundingBox": {
          "Width": 0.1420929878950119,
          "Height": 0.08558540791273117,
          "Left": 0.021322226151823997,
          "Top": 0.6511246562004089
        },
        "Polygon": [
          {
            "X": 0.021322226151823997,
            "Y": 0.6512553691864014
          },
          {
            "X": 0.1633090227842331,
            "Y": 0.6511246562004089
          },
          {
            "X": 0.16341522336006165,
            "Y": 0.7365767955780029
          },
          {
            "X": 0.021423229947686195,
            "Y": 0.7367100119590759
          }
        ]
      },
      "Id": "b3a4d96f-550d-433d-975a-dea5734ce27d",
      "Relationships": [
        {
          "Type": "CHILD",
          "Ids": [
            "f2033d4c-896f-4aa3-887a-bc8787ed6a30",
            "bf69886b-1867-4a1c-b61e-dc97781e43c8"
          ]
        }
      ],
      "Page": 1
    },
    {
      "BlockType": "LINE",
      "Confidence": 99.79591369628906,
      "Text": "75 (65.10)",
      "Geometry": {
        "BoundingBox": {
          "Width": 0.11645295470952988,
          "Height": 0.07577016949653625,
          "Left": 0.3385910093784332,
          "Top": 0.6485288143157959
        },
        "Polygon": [
          {
            "X": 0.3385910093784332,
            "Y": 0.6486359238624573
          },
          {
            "X": 0.4549404978752136,
            "Y": 0.6485288143157959
          },
          {
            "X": 0.4550439715385437,
            "Y": 0.7241901159286499
          },
          {
            "X": 0.33869069814682007,
            "Y": 0.7242990136146545
          }
        ]
      },
      "Id": "b93f8686-2166-4c1b-8fa3-09549630bf18",
      "Relationships": [
        {
          "Type": "CHILD",
          "Ids": [
            "1c3f47a9-9654-42cb-8b52-b5b0a28962d1",
            "2a84a547-944a-48d6-aba6-c3779f5480b0"
          ]
        }
      ],
      "Page": 1
    },
    {
      "BlockType": "LINE",
      "Confidence": 95.67543029785156,
      "Text": "6 (15.90)",
      "Geometry": {
        "BoundingBox": {
          "Width": 0.10280966758728027,
          "Height": 0.07390791177749634,
          "Left": 0.669445276260376,
          "Top": 0.6466559767723083
        },
        "Polygon": [
          {
            "X": 0.669445276260376,
            "Y": 0.6467505097389221
          },
          {
            "X": 0.7721440196037292,
            "Y": 0.6466559767723083
          },
          {
            "X": 0.7722549438476562,
            "Y": 0.7204678654670715
          },
          {
            "X": 0.6695529818534851,
            "Y": 0.7205638885498047
          }
        ]
      },
      "Id": "06bc7e4c-5885-4e50-b703-b7bfc047457a",
      "Relationships": [
        {
          "Type": "CHILD",
          "Ids": [
            "faba06e5-c964-4602-900b-c83b258c033f",
            "659a740d-89e9-48d6-9749-e30453721c8a"
          ]
        }
      ],
      "Page": 1
    },
    {
      "BlockType": "LINE",
      "Confidence": 99.82737731933594,
      "Text": "81",
      "Geometry": {
        "BoundingBox": {
          "Width": 0.024287359789013863,
          "Height": 0.06199166178703308,
          "Left": 0.9304715991020203,
          "Top": 0.6452951431274414
        },
        "Polygon": [
          {
            "X": 0.9304715991020203,
            "Y": 0.6453173756599426
          },
          {
            "X": 0.954660952091217,
            "Y": 0.6452951431274414
          },
          {
            "X": 0.9547589421272278,
            "Y": 0.707264244556427
          },
          {
            "X": 0.9305689334869385,
            "Y": 0.7072867751121521
          }
        ]
      },
      "Id": "724c5c1d-85dd-48dd-9158-527add5b6b8f",
      "Relationships": [
        {
          "Type": "CHILD",
          "Ids": [
            "ec3d264f-ff02-439a-9706-fa5c044a7ec1"
          ]
        }
      ],
      "Page": 1
    },
    {
      "BlockType": "LINE",
      "Confidence": 99.80267333984375,
      "Text": "Total",
      "Geometry": {
        "BoundingBox": {
          "Width": 0.05914238095283508,
          "Height": 0.06615971773862839,
          "Left": 0.05041799694299698,
          "Top": 0.750116229057312
        },
        "Polygon": [
          {
            "X": 0.05041799694299698,
            "Y": 0.7501718401908875
          },
          {
            "X": 0.10947975516319275,
            "Y": 0.750116229057312
          },
          {
            "X": 0.10956037789583206,
            "Y": 0.8162195682525635
          },
          {
            "X": 0.05049695074558258,
            "Y": 0.816275954246521
          }
        ]
      },
      "Id": "1fbd5b09-c040-4434-ad1a-b600b5892182",
      "Relationships": [
        {
          "Type": "CHILD",
          "Ids": [
            "290b01d1-2822-4b8a-9b26-ec0fc6b8dc12"
          ]
        }
      ],
      "Page": 1
    },
    {
      "BlockType": "LINE",
      "Confidence": 99.9443588256836,
      "Text": "86",
      "Geometry": {
        "BoundingBox": {
          "Width": 0.026967491954565048,
          "Height": 0.061893876641988754,
          "Left": 0.3413291871547699,
          "Top": 0.7506823539733887
        },
        "Polygon": [
          {
            "X": 0.3413291871547699,
            "Y": 0.7507076859474182
          },
          {
            "X": 0.36821436882019043,
            "Y": 0.7506823539733887
          },
          {
            "X": 0.36829665303230286,
            "Y": 0.8125506043434143
          },
          {
            "X": 0.341410756111145,
            "Y": 0.8125762343406677
          }
        ]
      },
      "Id": "f461fcff-31ab-40c2-8dd6-f099466121e0",
      "Relationships": [
        {
          "Type": "CHILD",
          "Ids": [
            "b370fd77-f86e-4722-b772-2614d7508a9b"
          ]
        }
      ],
      "Page": 1
    },
    {
      "BlockType": "LINE",
      "Confidence": 99.89513397216797,
      "Text": "21",
      "Geometry": {
        "BoundingBox": {
          "Width": 0.025389080867171288,
          "Height": 0.061269085854291916,
          "Left": 0.6576877236366272,
          "Top": 0.7474391460418701
        },
        "Polygon": [
          {
            "X": 0.6576877236366272,
            "Y": 0.7474629282951355
          },
          {
            "X": 0.6829870939254761,
            "Y": 0.7474391460418701
          },
          {
            "X": 0.683076798915863,
            "Y": 0.8086841106414795
          },
          {
            "X": 0.6577767729759216,
            "Y": 0.8087081909179688
          }
        ]
      },
      "Id": "a5ae180b-0c94-4df0-9300-c52d7fc27e11",
      "Relationships": [
        {
          "Type": "CHILD",
          "Ids": [
            "883b18cf-693d-4498-ba57-b0f3c285e5fd"
          ]
        }
      ],
      "Page": 1
    },
    {
      "BlockType": "LINE",
      "Confidence": 99.90442657470703,
      "Text": "107",
      "Geometry": {
        "BoundingBox": {
          "Width": 0.03958364576101303,
          "Height": 0.061594221740961075,
          "Left": 0.9182335138320923,
          "Top": 0.7442023754119873
        },
        "Polygon": [
          {
            "X": 0.9182335138320923,
            "Y": 0.7442395091056824
          },
          {
            "X": 0.9577197432518005,
            "Y": 0.7442023754119873
          },
          {
            "X": 0.9578171968460083,
            "Y": 0.8057589530944824
          },
          {
            "X": 0.9183298945426941,
            "Y": 0.8057965636253357
          }
        ]
      },
      "Id": "fafbdd2a-f8bb-44e4-839a-153dc356e35c",
      "Relationships": [
        {
          "Type": "CHILD",
          "Ids": [
            "ac34e04a-21a6-4b06-8525-b4acab5fa8b3"
          ]
        }
      ],
      "Page": 1
    },
    {
      "BlockType": "LINE",
      "Confidence": 96.46392822265625,
      "Text": "Note: x2 = 31.55; df=1; P = 0.000; = - 0.543; Yule's Q = - 0.889",
      "Geometry": {
        "BoundingBox": {
          "Width": 0.6320202946662903,
          "Height": 0.08037618547677994,
          "Left": 0.022255850955843925,
          "Top": 0.8631236553192139
        },
        "Polygon": [
          {
            "X": 0.022255850955843925,
            "Y": 0.8637330532073975
          },
          {
            "X": 0.6541602611541748,
            "Y": 0.8631236553192139
          },
          {
            "X": 0.6542761325836182,
            "Y": 0.9428801536560059
          },
          {
            "X": 0.02235015667974949,
            "Y": 0.9434998631477356
          }
        ]
      },
      "Id": "5c52d069-b29f-4373-adba-adf6bdd7df62",
      "Relationships": [
        {
          "Type": "CHILD",
          "Ids": [
            "ce998629-809f-40f9-a2ba-51aef8c0c5aa",
            "6fa0dfbd-9d0e-4854-b6cf-e5f7d7220ab8",
            "0f640f18-f540-4f0d-8a8b-3821088815bf",
            "68337137-5172-494f-8328-98056830fc45",
            "6fba7301-095d-43a5-ba3b-f39625a486ec",
            "adbd44d5-0a78-41e9-802a-efa45ed54743",
            "2dd939a1-b5fe-4703-b4ca-7ba963dc6f5f",
            "c43b5554-84b8-4e0b-b35e-929b2761a2e5",
            "7ed6cd9a-5812-462b-bfd9-acdaa1db6068",
            "38b2a9a9-1134-4939-b02d-6f51008f2f97",
            "cd26fe06-d6ad-44ac-9f98-8228f174815e",
            "13ad332a-b18a-4fd3-8e52-557c7eb88af4",
            "5314937e-d353-4feb-94c7-230b23c82446",
            "2e781f2a-c388-4c69-81cc-a900848aa657",
            "0e1ad19a-0a41-4fb0-b75d-48cc9c320b9b",
            "4e134d17-625d-4592-9ce2-dc9c8f4748e0"
          ]
        }
      ],
      "Page": 1
    },
    {
      "BlockType": "WORD",
      "Confidence": 99.31333923339844,
      "Text": "TABLE",
      "TextType": "PRINTED",
      "Geometry": {
        "BoundingBox": {
          "Width": 0.0780215859413147,
          "Height": 0.06952323019504547,
          "Left": 0.44679659605026245,
          "Top": 0.06528650224208832
        },
        "Polygon": [
          {
            "X": 0.44679659605026245,
            "Y": 0.06534892320632935
          },
          {
            "X": 0.524721086025238,
            "Y": 0.06528650224208832
          },
          {
            "X": 0.5248181819915771,
            "Y": 0.13474619388580322
          },
          {
            "X": 0.4468913674354553,
            "Y": 0.1348097324371338
          }
        ]
      },
      "Id": "35672ca7-d756-445b-8e75-6d9b504dd648",
      "Page": 1
    },
    {
      "BlockType": "WORD",
      "Confidence": 99.29353332519531,
      "Text": "5.9.",
      "TextType": "PRINTED",
      "Geometry": {
        "BoundingBox": {
          "Width": 0.041331999003887177,
          "Height": 0.06736035645008087,
          "Left": 0.5331574082374573,
          "Top": 0.08295056223869324
        },
        "Polygon": [
          {
            "X": 0.5331574082374573,
            "Y": 0.08298374712467194
          },
          {
            "X": 0.5743938684463501,
            "Y": 0.08295056223869324
          },
          {
            "X": 0.574489414691925,
            "Y": 0.15027716755867004
          },
          {
            "X": 0.5332517623901367,
            "Y": 0.1503109186887741
          }
        ]
      },
      "Id": "055efd65-42d4-47d4-a9f5-4525a888057c",
      "Page": 1
    },
    {
      "BlockType": "WORD",
      "Confidence": 99.87738037109375,
      "Text": "Distribution",
      "TextType": "PRINTED",
      "Geometry": {
        "BoundingBox": {
          "Width": 0.15882214903831482,
          "Height": 0.07235698401927948,
          "Left": 0.055032506585121155,
          "Top": 0.18945741653442383
        },
        "Polygon": [
          {
            "X": 0.055032506585121155,
            "Y": 0.18958859145641327
          },
          {
            "X": 0.21376332640647888,
            "Y": 0.18945741653442383
          },
          {
            "X": 0.21385465562343597,
            "Y": 0.26168087124824524
          },
          {
            "X": 0.05511893704533577,
            "Y": 0.2618143856525421
          }
        ]
      },
      "Id": "442340bb-cf28-416b-8561-46cb502e3706",
      "Page": 1
    },
    {
      "BlockType": "WORD",
      "Confidence": 99.9930419921875,
      "Text": "of",
      "TextType": "PRINTED",
      "Geometry": {
        "BoundingBox": {
          "Width": 0.029521362856030464,
          "Height": 0.07337381690740585,
          "Left": 0.22180280089378357,
          "Top": 0.18594685196876526
        },
        "Polygon": [
          {
            "X": 0.22180280089378357,
            "Y": 0.18597115576267242
          },
          {
            "X": 0.25123023986816406,
            "Y": 0.18594685196876526
          },
          {
            "X": 0.2513241767883301,
            "Y": 0.2592959403991699
          },
          {
            "X": 0.22189581394195557,
            "Y": 0.2593206763267517
          }
        ]
      },
      "Id": "677b7a45-90b0-4c4f-8b2a-bba3fd3db5ab",
      "Page": 1
    },
    {
      "BlockType": "WORD",
      "Confidence": 99.88565826416016,
      "Text": "Construction",
      "TextType": "PRINTED",
      "Geometry": {
        "BoundingBox": {
          "Width": 0.17037324607372284,
          "Height": 0.07247483730316162,
          "Left": 0.25633174180984497,
          "Top": 0.1867501139640808
        },
        "Polygon": [
          {
            "X": 0.25633174180984497,
            "Y": 0.18689075112342834
          },
          {
            "X": 0.4266069233417511,
            "Y": 0.1867501139640808
          },
          {
            "X": 0.4267049729824066,
            "Y": 0.25908178091049194
          },
          {
            "X": 0.25642451643943787,
            "Y": 0.25922495126724243
          }
        ]
      },
      "Id": "46141a2e-0436-4978-8ca0-ae74af1e63da",
      "Page": 1
    },
    {
      "BlockType": "WORD",
      "Confidence": 99.95864868164062,
      "Text": "Wood",
      "TextType": "PRINTED",
      "Geometry": {
        "BoundingBox": {
          "Width": 0.07501067221164703,
          "Height": 0.06897982209920883,
          "Left": 0.4344020187854767,
          "Top": 0.1863175928592682
        },
        "Polygon": [
          {
            "X": 0.4344020187854767,
            "Y": 0.18637946248054504
          },
          {
            "X": 0.5093168020248413,
            "Y": 0.1863175928592682
          },
          {
            "X": 0.5094127058982849,
            "Y": 0.2552344799041748
          },
          {
            "X": 0.4344956874847412,
            "Y": 0.2552974224090576
          }
        ]
      },
      "Id": "8c2a831d-3e52-491f-81c7-b428d200e23e",
      "Page": 1
    },
    {
      "BlockType": "WORD",
      "Confidence": 99.85527801513672,
      "Text": "Species",
      "TextType": "PRINTED",
      "Geometry": {
        "BoundingBox": {
          "Width": 0.09219435602426529,
          "Height": 0.09162501245737076,
          "Left": 0.5174218416213989,
          "Top": 0.18347840011119843
        },
        "Polygon": [
          {
            "X": 0.5174218416213989,
            "Y": 0.18355438113212585
          },
          {
            "X": 0.6094849109649658,
            "Y": 0.18347840011119843
          },
          {
            "X": 0.6096161603927612,
            "Y": 0.27502569556236267
          },
          {
            "X": 0.5175495147705078,
            "Y": 0.2751034200191498
          }
        ]
      },
      "Id": "e60e2722-2636-468f-a4cb-34676070b349",
      "Page": 1
    },
    {
      "BlockType": "WORD",
      "Confidence": 99.98689270019531,
      "Text": "by",
      "TextType": "PRINTED",
      "Geometry": {
        "BoundingBox": {
          "Width": 0.031041843816637993,
          "Height": 0.09086256474256516,
          "Left": 0.6166186928749084,
          "Top": 0.1817808896303177
        },
        "Polygon": [
          {
            "X": 0.6166186928749084,
            "Y": 0.18180640041828156
          },
          {
            "X": 0.6475288271903992,
            "Y": 0.1817808896303177
          },
          {
            "X": 0.6476605534553528,
            "Y": 0.2726173996925354
          },
          {
            "X": 0.6167492270469666,
            "Y": 0.27264347672462463
          }
        ]
      },
      "Id": "c3500e23-f1e0-4ccb-908c-7361b69aec7b",
      "Page": 1
    },
    {
      "BlockType": "WORD",
      "Confidence": 99.89891815185547,
      "Text": "Village",
      "TextType": "PRINTED",
      "Geometry": {
        "BoundingBox": {
          "Width": 0.08683210611343384,
          "Height": 0.09309130162000656,
          "Left": 0.6536932587623596,
          "Top": 0.18145465850830078
        },
        "Polygon": [
          {
            "X": 0.6536932587623596,
            "Y": 0.18152616918087006
          },
          {
            "X": 0.7403867840766907,
            "Y": 0.18145465850830078
          },
          {
            "X": 0.7405253648757935,
            "Y": 0.27447280287742615
          },
          {
            "X": 0.6538284420967102,
            "Y": 0.27454596757888794
          }
        ]
      },
      "Id": "3fcbc806-8829-4c79-8aad-47f66abed1f3",
      "Page": 1
    },
    {
      "BlockType": "WORD",
      "Confidence": 99.93834686279297,
      "Text": "(Expected",
      "TextType": "PRINTED",
      "Geometry": {
        "BoundingBox": {
          "Width": 0.12695112824440002,
          "Height": 0.09607082605361938,
          "Left": 0.7487027645111084,
          "Top": 0.17689675092697144
        },
        "Polygon": [
          {
            "X": 0.7487027645111084,
            "Y": 0.1770012378692627
          },
          {
            "X": 0.8755053877830505,
            "Y": 0.17689675092697144
          },
          {
            "X": 0.8756539225578308,
            "Y": 0.2728606164455414
          },
          {
            "X": 0.7488461136817932,
            "Y": 0.2729675769805908
          }
        ]
      },
      "Id": "7b3802ce-4f8c-41fc-9e5f-31d5a2d09506",
      "Page": 1
    },
    {
      "BlockType": "WORD",
      "Confidence": 99.9278793334961,
      "Text": "Values",
      "TextType": "PRINTED",
      "Geometry": {
        "BoundingBox": {
          "Width": 0.08248271048069,
          "Height": 0.07193681597709656,
          "Left": 0.8815744519233704,
          "Top": 0.17952825129032135
        },
        "Polygon": [
          {
            "X": 0.8815744519233704,
            "Y": 0.1795961707830429
          },
          {
            "X": 0.9639432430267334,
            "Y": 0.17952825129032135
          },
          {
            "X": 0.964057207107544,
            "Y": 0.25139594078063965
          },
          {
            "X": 0.8816859126091003,
            "Y": 0.2514650821685791
          }
        ]
      },
      "Id": "f12c13bf-cdba-4fa6-a660-23ec9e161ed3",
      "Page": 1
    },
    {
      "BlockType": "WORD",
      "Confidence": 99.98041534423828,
      "Text": "Shown",
      "TextType": "PRINTED",
      "Geometry": {
        "BoundingBox": {
          "Width": 0.08744847029447556,
          "Height": 0.07184363901615143,
          "Left": 0.3640906810760498,
          "Top": 0.30472567677497864
        },
        "Polygon": [
          {
            "X": 0.3640906810760498,
            "Y": 0.3047999143600464
          },
          {
            "X": 0.45144107937812805,
            "Y": 0.30472567677497864
          },
          {
            "X": 0.45153912901878357,
            "Y": 0.37649378180503845
          },
          {
            "X": 0.36418604850769043,
            "Y": 0.37656930088996887
          }
        ]
      },
      "Id": "7f62b262-dd12-4640-bf9d-a0c0cf6d5817",
      "Page": 1
    },
    {
      "BlockType": "WORD",
      "Confidence": 99.97412872314453,
      "Text": "in",
      "TextType": "PRINTED",
      "Geometry": {
        "BoundingBox": {
          "Width": 0.024177607148885727,
          "Height": 0.06988499313592911,
          "Left": 0.4604908227920532,
          "Top": 0.3055301606655121
        },
        "Polygon": [
          {
            "X": 0.4604908227920532,
            "Y": 0.30555063486099243
          },
          {
            "X": 0.4845719635486603,
            "Y": 0.3055301606655121
          },
          {
            "X": 0.48466840386390686,
            "Y": 0.375394344329834
          },
          {
            "X": 0.4605865180492401,
            "Y": 0.3754151463508606
          }
        ]
      },
      "Id": "a642caed-e1ec-4b63-881a-3e587dce9ebb",
      "Page": 1
    },
    {
      "BlockType": "WORD",
      "Confidence": 96.54618835449219,
      "Text": "Parentheses)",
      "TextType": "PRINTED",
      "Geometry": {
        "BoundingBox": {
          "Width": 0.15757165849208832,
          "Height": 0.0845949649810791,
          "Left": 0.4946248233318329,
          "Top": 0.3012036681175232
        },
        "Polygon": [
          {
            "X": 0.4946248233318329,
            "Y": 0.3013373911380768
          },
          {
            "X": 0.652073860168457,
            "Y": 0.3012036681175232
          },
          {
            "X": 0.65219646692276,
            "Y": 0.38566216826438904
          },
          {
            "X": 0.4947417676448822,
            "Y": 0.3857986032962799
          }
        ]
      },
      "Id": "32c75a84-ad63-4e02-afd1-56fac3e1ec14",
      "Page": 1
    },
    {
      "BlockType": "WORD",
      "Confidence": 97.80382537841797,
      "Text": "Ponderosa/Douglas",
      "TextType": "PRINTED",
      "Geometry": {
        "BoundingBox": {
          "Width": 0.22594143450260162,
          "Height": 0.08459218591451645,
          "Left": 0.2671520709991455,
          "Top": 0.43448784947395325
        },
        "Polygon": [
          {
            "X": 0.2671520709991455,
            "Y": 0.4346857964992523
          },
          {
            "X": 0.49297669529914856,
            "Y": 0.43448784947395325
          },
          {
            "X": 0.49309349060058594,
            "Y": 0.518878161907196
          },
          {
            "X": 0.26726070046424866,
            "Y": 0.5190800428390503
          }
        ]
      },
      "Id": "0964b4be-6406-4e00-8a83-22e4f4c6d7d2",
      "Page": 1
    },
    {
      "BlockType": "WORD",
      "Confidence": 99.61338806152344,
      "Text": "fir",
      "TextType": "PRINTED",
      "Geometry": {
        "BoundingBox": {
          "Width": 0.027050714939832687,
          "Height": 0.06851691007614136,
          "Left": 0.5011924505233765,
          "Top": 0.4315471649169922
        },
        "Polygon": [
          {
            "X": 0.5011924505233765,
            "Y": 0.43157079815864563
          },
          {
            "X": 0.5281473398208618,
            "Y": 0.4315471649169922
          },
          {
            "X": 0.5282431840896606,
            "Y": 0.5000401139259338
          },
          {
            "X": 0.5012874603271484,
            "Y": 0.5000640749931335
          }
        ]
      },
      "Id": "c40b9408-e831-43f0-ba4a-83ebf0e0e34d",
      "Page": 1
    },
    {
      "BlockType": "WORD",
      "Confidence": 93.73802185058594,
      "Text": "Piñon/Juniper",
      "TextType": "PRINTED",
      "Geometry": {
        "BoundingBox": {
          "Width": 0.16414295136928558,
          "Height": 0.08201254904270172,
          "Left": 0.6400459408760071,
          "Top": 0.43299031257629395
        },
        "Polygon": [
          {
            "X": 0.6400459408760071,
            "Y": 0.4331340491771698
          },
          {
            "X": 0.8040646910667419,
            "Y": 0.43299031257629395
          },
          {
            "X": 0.8041889071464539,
            "Y": 0.5148563385009766
          },
          {
            "X": 0.6401643753051758,
            "Y": 0.5150028467178345
          }
        ]
      },
      "Id": "eaf7ac7d-254c-4216-bccc-03aa8520bc5a",
      "Page": 1
    },
    {
      "BlockType": "WORD",
      "Confidence": 99.96253204345703,
      "Text": "Total",
      "TextType": "PRINTED",
      "Geometry": {
        "BoundingBox": {
          "Width": 0.05814239755272865,
          "Height": 0.06495092809200287,
          "Left": 0.9078029990196228,
          "Top": 0.4292166531085968
        },
        "Polygon": [
          {
            "X": 0.9078029990196228,
            "Y": 0.4292674958705902
          },
          {
            "X": 0.9658424258232117,
            "Y": 0.4292166531085968
          },
          {
            "X": 0.9659453630447388,
            "Y": 0.4941159784793854
          },
          {
            "X": 0.907904326915741,
            "Y": 0.49416759610176086
          }
        ]
      },
      "Id": "eddb3d77-6f12-466b-af45-8bdc133f9b30",
      "Page": 1
    },
    {
      "BlockType": "WORD",
      "Confidence": 99.92141723632812,
      "Text": "East",
      "TextType": "PRINTED",
      "Geometry": {
        "BoundingBox": {
          "Width": 0.047017425298690796,
          "Height": 0.06504586338996887,
          "Left": 0.022989634424448013,
          "Top": 0.5555968880653381
        },
        "Polygon": [
          {
            "X": 0.022989634424448013,
            "Y": 0.5556392073631287
          },
          {
            "X": 0.06992887705564499,
            "Y": 0.5555968880653381
          },
          {
            "X": 0.07000706344842911,
            "Y": 0.6205998063087463
          },
          {
            "X": 0.02306651696562767,
            "Y": 0.6206427216529846
          }
        ]
      },
      "Id": "696811ed-1f35-4793-b9ca-7b5d3cb8179e",
      "Page": 1
    },
    {
      "BlockType": "WORD",
      "Confidence": 99.83832550048828,
      "Text": "Village",
      "TextType": "PRINTED",
      "Geometry": {
        "BoundingBox": {
          "Width": 0.07886212319135666,
          "Height": 0.08397752046585083,
          "Left": 0.07614131271839142,
          "Top": 0.5545879602432251
        },
        "Polygon": [
          {
            "X": 0.07614131271839142,
            "Y": 0.5546589493751526
          },
          {
            "X": 0.154899463057518,
            "Y": 0.5545879602432251
          },
          {
            "X": 0.15500344336032867,
            "Y": 0.6384931802749634
          },
          {
            "X": 0.07624246180057526,
            "Y": 0.6385654807090759
          }
        ]
      },
      "Id": "2e332f6e-f648-44a6-a720-ae861c45ece0",
      "Page": 1
    },
    {
      "BlockType": "WORD",
      "Confidence": 99.77613830566406,
      "Text": "11",
      "TextType": "PRINTED",
      "Geometry": {
        "BoundingBox": {
          "Width": 0.02259213663637638,
          "Height": 0.05925396457314491,
          "Left": 0.34110262989997864,
          "Top": 0.5561268925666809
        },
        "Polygon": [
          {
            "X": 0.34110262989997864,
            "Y": 0.5561472177505493
          },
          {
            "X": 0.36361607909202576,
            "Y": 0.5561268925666809
          },
          {
            "X": 0.3636947572231293,
            "Y": 0.6153603196144104
          },
          {
            "X": 0.3411807417869568,
            "Y": 0.6153808832168579
          }
        ]
      },
      "Id": "e32d0f57-17d6-4ea2-86a5-d2168331f0c8",
      "Page": 1
    },
    {
      "BlockType": "WORD",
      "Confidence": 99.9228744506836,
      "Text": "(20.90)",
      "TextType": "PRINTED",
      "Geometry": {
        "BoundingBox": {
          "Width": 0.08091187477111816,
          "Height": 0.07811993360519409,
          "Left": 0.37432047724723816,
          "Top": 0.5490560531616211
        },
        "Polygon": [
          {
            "X": 0.37432047724723816,
            "Y": 0.5491287708282471
          },
          {
            "X": 0.4551256000995636,
            "Y": 0.5490560531616211
          },
          {
            "X": 0.4552323520183563,
            "Y": 0.6271019577980042
          },
          {
            "X": 0.3744245171546936,
            "Y": 0.6271759867668152
          }
        ]
      },
      "Id": "f0fef05b-e832-4906-87a7-18b44bc168e3",
      "Page": 1
    },
    {
      "BlockType": "WORD",
      "Confidence": 99.87676239013672,
      "Text": "15",
      "TextType": "PRINTED",
      "Geometry": {
        "BoundingBox": {
          "Width": 0.02412315271794796,
          "Height": 0.06067044287919998,
          "Left": 0.6580262184143066,
          "Top": 0.5523597598075867
        },
        "Polygon": [
          {
            "X": 0.6580262184143066,
            "Y": 0.5523813962936401
          },
          {
            "X": 0.6820604801177979,
            "Y": 0.5523597598075867
          },
          {
            "X": 0.682149350643158,
            "Y": 0.6130082607269287
          },
          {
            "X": 0.6581144332885742,
            "Y": 0.613030195236206
          }
        ]
      },
      "Id": "b67e0bdd-33a1-42f2-ad1c-3f5275bdcbd9",
      "Page": 1
    },
    {
      "BlockType": "WORD",
      "Confidence": 99.7098159790039,
      "Text": "(5.10)",
      "TextType": "PRINTED",
      "Geometry": {
        "BoundingBox": {
          "Width": 0.06707751005887985,
          "Height": 0.07785406708717346,
          "Left": 0.6911256313323975,
          "Top": 0.5463605523109436
        },
        "Polygon": [
          {
            "X": 0.6911256313323975,
            "Y": 0.5464207530021667
          },
          {
            "X": 0.758086621761322,
            "Y": 0.5463605523109436
          },
          {
            "X": 0.7582031488418579,
            "Y": 0.6241533160209656
          },
          {
            "X": 0.6912398934364319,
            "Y": 0.6242145895957947
          }
        ]
      },
      "Id": "5bde7d26-7553-407c-bdea-e6a8a279fd70",
      "Page": 1
    },
    {
      "BlockType": "WORD",
      "Confidence": 99.96343231201172,
      "Text": "26",
      "TextType": "PRINTED",
      "Geometry": {
        "BoundingBox": {
          "Width": 0.027899106964468956,
          "Height": 0.06147840619087219,
          "Left": 0.930248498916626,
          "Top": 0.5484142899513245
        },
        "Polygon": [
          {
            "X": 0.930248498916626,
            "Y": 0.5484393239021301
          },
          {
            "X": 0.9580503106117249,
            "Y": 0.5484142899513245
          },
          {
            "X": 0.9581475853919983,
            "Y": 0.6098673343658447
          },
          {
            "X": 0.9303450584411621,
            "Y": 0.609892725944519
          }
        ]
      },
      "Id": "de434c21-bc33-4972-9c67-3f07f5a427b2",
      "Page": 1
    },
    {
      "BlockType": "WORD",
      "Confidence": 99.96712493896484,
      "Text": "West",
      "TextType": "PRINTED",
      "Geometry": {
        "BoundingBox": {
          "Width": 0.05645158514380455,
          "Height": 0.06472156196832657,
          "Left": 0.021325113251805305,
          "Top": 0.65364670753479
        },
        "Polygon": [
          {
            "X": 0.021325113251805305,
            "Y": 0.6536986231803894
          },
          {
            "X": 0.07769870012998581,
            "Y": 0.65364670753479
          },
          {
            "X": 0.077776700258255,
            "Y": 0.7183155417442322
          },
          {
            "X": 0.021401550620794296,
            "Y": 0.7183682322502136
          }
        ]
      },
      "Id": "f2033d4c-896f-4aa3-887a-bc8787ed6a30",
      "Page": 1
    },
    {
      "BlockType": "WORD",
      "Confidence": 99.9078140258789,
      "Text": "Village",
      "TextType": "PRINTED",
      "Geometry": {
        "BoundingBox": {
          "Width": 0.07949087768793106,
          "Height": 0.08552666008472443,
          "Left": 0.08392433822154999,
          "Top": 0.6511246562004089
        },
        "Polygon": [
          {
            "X": 0.08392433822154999,
            "Y": 0.6511977314949036
          },
          {
            "X": 0.1633090227842331,
            "Y": 0.6511246562004089
          },
          {
            "X": 0.16341522336006165,
            "Y": 0.7365767955780029
          },
          {
            "X": 0.08402763307094574,
            "Y": 0.7366513013839722
          }
        ]
      },
      "Id": "bf69886b-1867-4a1c-b61e-dc97781e43c8",
      "Page": 1
    },
    {
      "BlockType": "WORD",
      "Confidence": 99.72794342041016,
      "Text": "75",
      "TextType": "PRINTED",
      "Geometry": {
        "BoundingBox": {
          "Width": 0.02656554989516735,
          "Height": 0.06097908318042755,
          "Left": 0.33859580755233765,
          "Top": 0.652262806892395
        },
        "Polygon": [
          {
            "X": 0.33859580755233765,
            "Y": 0.6522872447967529
          },
          {
            "X": 0.3650803565979004,
            "Y": 0.652262806892395
          },
          {
            "X": 0.36516135931015015,
            "Y": 0.7132171988487244
          },
          {
            "X": 0.3386761546134949,
            "Y": 0.7132419347763062
          }
        ]
      },
      "Id": "1c3f47a9-9654-42cb-8b52-b5b0a28962d1",
      "Page": 1
    },
    {
      "BlockType": "WORD",
      "Confidence": 99.86388397216797,
      "Text": "(65.10)",
      "TextType": "PRINTED",
      "Geometry": {
        "BoundingBox": {
          "Width": 0.08078267425298691,
          "Height": 0.07573678344488144,
          "Left": 0.3742612898349762,
          "Top": 0.6485288143157959
        },
        "Polygon": [
          {
            "X": 0.3742612898349762,
            "Y": 0.648603081703186
          },
          {
            "X": 0.4549404978752136,
            "Y": 0.6485288143157959
          },
          {
            "X": 0.4550439715385437,
            "Y": 0.7241901159286499
          },
          {
            "X": 0.37436214089393616,
            "Y": 0.7242655754089355
          }
        ]
      },
      "Id": "2a84a547-944a-48d6-aba6-c3779f5480b0",
      "Page": 1
    },
    {
      "BlockType": "WORD",
      "Confidence": 91.45458221435547,
      "Text": "6",
      "TextType": "PRINTED",
      "Geometry": {
        "BoundingBox": {
          "Width": 0.013854687102138996,
          "Height": 0.0626671314239502,
          "Left": 0.669445276260376,
          "Top": 0.646737813949585
        },
        "Polygon": [
          {
            "X": 0.669445276260376,
            "Y": 0.6467505097389221
          },
          {
            "X": 0.683208167552948,
            "Y": 0.646737813949585
          },
          {
            "X": 0.6832999587059021,
            "Y": 0.7093921303749084
          },
          {
            "X": 0.6695367097854614,
            "Y": 0.7094049453735352
          }
        ]
      },
      "Id": "faba06e5-c964-4602-900b-c83b258c033f",
      "Page": 1
    },
    {
      "BlockType": "WORD",
      "Confidence": 99.89628601074219,
      "Text": "(15.90)",
      "TextType": "PRINTED",
      "Geometry": {
        "BoundingBox": {
          "Width": 0.08052784949541092,
          "Height": 0.07320897281169891,
          "Left": 0.6917271018028259,
          "Top": 0.647334098815918
        },
        "Polygon": [
          {
            "X": 0.6917271018028259,
            "Y": 0.647408127784729
          },
          {
            "X": 0.7721450328826904,
            "Y": 0.647334098815918
          },
          {
            "X": 0.7722549438476562,
            "Y": 0.7204678654670715
          },
          {
            "X": 0.6918345093727112,
            "Y": 0.7205430865287781
          }
        ]
      },
      "Id": "659a740d-89e9-48d6-9749-e30453721c8a",
      "Page": 1
    },
    {
      "BlockType": "WORD",
      "Confidence": 99.82737731933594,
      "Text": "81",
      "TextType": "PRINTED",
      "Geometry": {
        "BoundingBox": {
          "Width": 0.024287359789013863,
          "Height": 0.06199166178703308,
          "Left": 0.9304715991020203,
          "Top": 0.6452951431274414
        },
        "Polygon": [
          {
            "X": 0.9304715991020203,
            "Y": 0.6453173756599426
          },
          {
            "X": 0.954660952091217,
            "Y": 0.6452951431274414
          },
          {
            "X": 0.9547589421272278,
            "Y": 0.707264244556427
          },
          {
            "X": 0.9305689334869385,
            "Y": 0.7072867751121521
          }
        ]
      },
      "Id": "ec3d264f-ff02-439a-9706-fa5c044a7ec1",
      "Page": 1
    },
    {
      "BlockType": "WORD",
      "Confidence": 99.80267333984375,
      "Text": "Total",
      "TextType": "PRINTED",
      "Geometry": {
        "BoundingBox": {
          "Width": 0.05914238095283508,
          "Height": 0.06615971773862839,
          "Left": 0.05041799694299698,
          "Top": 0.750116229057312
        },
        "Polygon": [
          {
            "X": 0.05041799694299698,
            "Y": 0.7501718401908875
          },
          {
            "X": 0.10947975516319275,
            "Y": 0.750116229057312
          },
          {
            "X": 0.10956037789583206,
            "Y": 0.8162195682525635
          },
          {
            "X": 0.05049695074558258,
            "Y": 0.816275954246521
          }
        ]
      },
      "Id": "290b01d1-2822-4b8a-9b26-ec0fc6b8dc12",
      "Page": 1
    },
    {
      "BlockType": "WORD",
      "Confidence": 99.9443588256836,
      "Text": "86",
      "TextType": "PRINTED",
      "Geometry": {
        "BoundingBox": {
          "Width": 0.026967491954565048,
          "Height": 0.061893876641988754,
          "Left": 0.3413291871547699,
          "Top": 0.7506823539733887
        },
        "Polygon": [
          {
            "X": 0.3413291871547699,
            "Y": 0.7507076859474182
          },
          {
            "X": 0.36821436882019043,
            "Y": 0.7506823539733887
          },
          {
            "X": 0.36829665303230286,
            "Y": 0.8125506043434143
          },
          {
            "X": 0.341410756111145,
            "Y": 0.8125762343406677
          }
        ]
      },
      "Id": "b370fd77-f86e-4722-b772-2614d7508a9b",
      "Page": 1
    },
    {
      "BlockType": "WORD",
      "Confidence": 99.89513397216797,
      "Text": "21",
      "TextType": "PRINTED",
      "Geometry": {
        "BoundingBox": {
          "Width": 0.025389080867171288,
          "Height": 0.061269085854291916,
          "Left": 0.6576877236366272,
          "Top": 0.7474391460418701
        },
        "Polygon": [
          {
            "X": 0.6576877236366272,
            "Y": 0.7474629282951355
          },
          {
            "X": 0.6829870939254761,
            "Y": 0.7474391460418701
          },
          {
            "X": 0.683076798915863,
            "Y": 0.8086841106414795
          },
          {
            "X": 0.6577767729759216,
            "Y": 0.8087081909179688
          }
        ]
      },
      "Id": "883b18cf-693d-4498-ba57-b0f3c285e5fd",
      "Page": 1
    },
    {
      "BlockType": "WORD",
      "Confidence": 99.90442657470703,
      "Text": "107",
      "TextType": "PRINTED",
      "Geometry": {
        "BoundingBox": {
          "Width": 0.03958364576101303,
          "Height": 0.061594221740961075,
          "Left": 0.9182335138320923,
          "Top": 0.7442023754119873
        },
        "Polygon": [
          {
            "X": 0.9182335138320923,
            "Y": 0.7442395091056824
          },
          {
            "X": 0.9577197432518005,
            "Y": 0.7442023754119873
          },
          {
            "X": 0.9578171968460083,
            "Y": 0.8057589530944824
          },
          {
            "X": 0.9183298945426941,
            "Y": 0.8057965636253357
          }
        ]
      },
      "Id": "ac34e04a-21a6-4b06-8525-b4acab5fa8b3",
      "Page": 1
    },
    {
      "BlockType": "WORD",
      "Confidence": 99.94754028320312,
      "Text": "Note:",
      "TextType": "PRINTED",
      "Geometry": {
        "BoundingBox": {
          "Width": 0.05006583780050278,
          "Height": 0.056192636489868164,
          "Left": 0.0222658459097147,
          "Top": 0.8721386790275574
        },
        "Polygon": [
          {
            "X": 0.0222658459097147,
            "Y": 0.8721869587898254
          },
          {
            "X": 0.07226410508155823,
            "Y": 0.8721386790275574
          },
          {
            "X": 0.07233168184757233,
            "Y": 0.9282824397087097
          },
          {
            "X": 0.022332223132252693,
            "Y": 0.9283313155174255
          }
        ]
      },
      "Id": "ce998629-809f-40f9-a2ba-51aef8c0c5aa",
      "Page": 1
    },
    {
      "BlockType": "WORD",
      "Confidence": 68.47966766357422,
      "Text": "x2",
      "TextType": "PRINTED",
      "Geometry": {
        "BoundingBox": {
          "Width": 0.02007543109357357,
          "Height": 0.07493466883897781,
          "Left": 0.07732254266738892,
          "Top": 0.8685111999511719
        },
        "Polygon": [
          {
            "X": 0.07732254266738892,
            "Y": 0.8685305118560791
          },
          {
            "X": 0.0973070040345192,
            "Y": 0.8685111999511719
          },
          {
            "X": 0.09739797562360764,
            "Y": 0.943426251411438
          },
          {
            "X": 0.07741288095712662,
            "Y": 0.9434458613395691
          }
        ]
      },
      "Id": "6fa0dfbd-9d0e-4854-b6cf-e5f7d7220ab8",
      "Page": 1
    },
    {
      "BlockType": "WORD",
      "Confidence": 98.9828109741211,
      "Text": "=",
      "TextType": "PRINTED",
      "Geometry": {
        "BoundingBox": {
          "Width": 0.014585522934794426,
          "Height": 0.027716998010873795,
          "Left": 0.1038302630186081,
          "Top": 0.888087809085846
        },
        "Polygon": [
          {
            "X": 0.1038302630186081,
            "Y": 0.8881018757820129
          },
          {
            "X": 0.11838189512491226,
            "Y": 0.888087809085846
          },
          {
            "X": 0.11841578781604767,
            "Y": 0.9157906174659729
          },
          {
            "X": 0.10386397689580917,
            "Y": 0.9158048033714294
          }
        ]
      },
      "Id": "0f640f18-f540-4f0d-8a8b-3821088815bf",
      "Page": 1
    },
    {
      "BlockType": "WORD",
      "Confidence": 99.55985260009766,
      "Text": "31.55;",
      "TextType": "PRINTED",
      "Geometry": {
        "BoundingBox": {
          "Width": 0.05805811285972595,
          "Height": 0.05947229266166687,
          "Left": 0.12451551854610443,
          "Top": 0.8728593587875366
        },
        "Polygon": [
          {
            "X": 0.12451551854610443,
            "Y": 0.8729153871536255
          },
          {
            "X": 0.18249931931495667,
            "Y": 0.8728593587875366
          },
          {
            "X": 0.18257363140583038,
            "Y": 0.9322748780250549
          },
          {
            "X": 0.12458836287260056,
            "Y": 0.9323316216468811
          }
        ]
      },
      "Id": "68337137-5172-494f-8328-98056830fc45",
      "Page": 1
    },
    {
      "BlockType": "WORD",
      "Confidence": 93.30770111083984,
      "Text": "df=1;",
      "TextType": "PRINTED",
      "Geometry": {
        "BoundingBox": {
          "Width": 0.061198849231004715,
          "Height": 0.07179921120405197,
          "Left": 0.1891002207994461,
          "Top": 0.8685101270675659
        },
        "Polygon": [
          {
            "X": 0.1891002207994461,
            "Y": 0.8685690760612488
          },
          {
            "X": 0.25020724534988403,
            "Y": 0.8685101270675659
          },
          {
            "X": 0.2502990663051605,
            "Y": 0.9402494430541992
          },
          {
            "X": 0.18919016420841217,
            "Y": 0.9403092861175537
          }
        ]
      },
      "Id": "6fba7301-095d-43a5-ba3b-f39625a486ec",
      "Page": 1
    },
    {
      "BlockType": "WORD",
      "Confidence": 93.77254486083984,
      "Text": "P",
      "TextType": "PRINTED",
      "Geometry": {
        "BoundingBox": {
          "Width": 0.01289164088666439,
          "Height": 0.05712728947401047,
          "Left": 0.2549745440483093,
          "Top": 0.8837048411369324
        },
        "Polygon": [
          {
            "X": 0.2549745440483093,
            "Y": 0.8837172389030457
          },
          {
            "X": 0.267792671918869,
            "Y": 0.8837048411369324
          },
          {
            "X": 0.26786619424819946,
            "Y": 0.9408195614814758
          },
          {
            "X": 0.2550477683544159,
            "Y": 0.9408321380615234
          }
        ]
      },
      "Id": "adbd44d5-0a78-41e9-802a-efa45ed54743",
      "Page": 1
    },
    {
      "BlockType": "WORD",
      "Confidence": 99.27812194824219,
      "Text": "=",
      "TextType": "PRINTED",
      "Geometry": {
        "BoundingBox": {
          "Width": 0.013596653938293457,
          "Height": 0.026428569108247757,
          "Left": 0.2738344371318817,
          "Top": 0.8887510299682617
        },
        "Polygon": [
          {
            "X": 0.2738344371318817,
            "Y": 0.8887641429901123
          },
          {
            "X": 0.2873968780040741,
            "Y": 0.8887510299682617
          },
          {
            "X": 0.28743109107017517,
            "Y": 0.9151663780212402
          },
          {
            "X": 0.27386853098869324,
            "Y": 0.9151796102523804
          }
        ]
      },
      "Id": "2dd939a1-b5fe-4703-b4ca-7ba963dc6f5f",
      "Page": 1
    },
    {
      "BlockType": "WORD",
      "Confidence": 99.54561614990234,
      "Text": "0.000;",
      "TextType": "PRINTED",
      "Geometry": {
        "BoundingBox": {
          "Width": 0.05827922374010086,
          "Height": 0.05889191851019859,
          "Left": 0.2935306429862976,
          "Top": 0.8712101578712463
        },
        "Polygon": [
          {
            "X": 0.2935306429862976,
            "Y": 0.8712663650512695
          },
          {
            "X": 0.3517320156097412,
            "Y": 0.8712101578712463
          },
          {
            "X": 0.35180985927581787,
            "Y": 0.9300451278686523
          },
          {
            "X": 0.29360702633857727,
            "Y": 0.9301020503044128
          }
        ]
      },
      "Id": "c43b5554-84b8-4e0b-b35e-929b2761a2e5",
      "Page": 1
    },
    {
      "BlockType": "WORD",
      "Confidence": 99.07428741455078,
      "Text": "=",
      "TextType": "PRINTED",
      "Geometry": {
        "BoundingBox": {
          "Width": 0.014899073168635368,
          "Height": 0.02403094433248043,
          "Left": 0.3788187503814697,
          "Top": 0.8868026733398438
        },
        "Polygon": [
          {
            "X": 0.3788187503814697,
            "Y": 0.8868170976638794
          },
          {
            "X": 0.39368560910224915,
            "Y": 0.8868026733398438
          },
          {
            "X": 0.39371782541275024,
            "Y": 0.9108191728591919
          },
          {
            "X": 0.3788507878780365,
            "Y": 0.9108336567878723
          }
        ]
      },
      "Id": "7ed6cd9a-5812-462b-bfd9-acdaa1db6068",
      "Page": 1
    },
    {
      "BlockType": "WORD",
      "Confidence": 96.86692810058594,
      "Text": "-",
      "TextType": "PRINTED",
      "Geometry": {
        "BoundingBox": {
          "Width": 0.013914965093135834,
          "Height": 0.012351104989647865,
          "Left": 0.398790568113327,
          "Top": 0.8958835601806641
        },
        "Polygon": [
          {
            "X": 0.398790568113327,
            "Y": 0.8958970308303833
          },
          {
            "X": 0.41268888115882874,
            "Y": 0.8958835601806641
          },
          {
            "X": 0.41270554065704346,
            "Y": 0.9082211256027222
          },
          {
            "X": 0.3988071382045746,
            "Y": 0.9082346558570862
          }
        ]
      },
      "Id": "38b2a9a9-1134-4939-b02d-6f51008f2f97",
      "Page": 1
    },
    {
      "BlockType": "WORD",
      "Confidence": 99.67445373535156,
      "Text": "0.543;",
      "TextType": "PRINTED",
      "Geometry": {
        "BoundingBox": {
          "Width": 0.05854933336377144,
          "Height": 0.060788724571466446,
          "Left": 0.41728562116622925,
          "Top": 0.8682852983474731
        },
        "Polygon": [
          {
            "X": 0.41728562116622925,
            "Y": 0.8683417439460754
          },
          {
            "X": 0.4757513701915741,
            "Y": 0.8682852983474731
          },
          {
            "X": 0.4758349359035492,
            "Y": 0.9290168881416321
          },
          {
            "X": 0.41736769676208496,
            "Y": 0.9290740489959717
          }
        ]
      },
      "Id": "cd26fe06-d6ad-44ac-9f98-8228f174815e",
      "Page": 1
    },
    {
      "BlockType": "WORD",
      "Confidence": 99.91627502441406,
      "Text": "Yule's",
      "TextType": "PRINTED",
      "Geometry": {
        "BoundingBox": {
          "Width": 0.05461736023426056,
          "Height": 0.05792303383350372,
          "Left": 0.48070022463798523,
          "Top": 0.8632383346557617
        },
        "Polygon": [
          {
            "X": 0.48070022463798523,
            "Y": 0.8632909655570984
          },
          {
            "X": 0.5352364778518677,
            "Y": 0.8632383346557617
          },
          {
            "X": 0.535317599773407,
            "Y": 0.9211081266403198
          },
          {
            "X": 0.4807800054550171,
            "Y": 0.921161413192749
          }
        ]
      },
      "Id": "13ad332a-b18a-4fd3-8e52-557c7eb88af4",
      "Page": 1
    },
    {
      "BlockType": "WORD",
      "Confidence": 99.86888122558594,
      "Text": "Q",
      "TextType": "PRINTED",
      "Geometry": {
        "BoundingBox": {
          "Width": 0.017928235232830048,
          "Height": 0.06642824411392212,
          "Left": 0.5407969355583191,
          "Top": 0.864166796207428
        },
        "Polygon": [
          {
            "X": 0.5407969355583191,
            "Y": 0.8641839623451233
          },
          {
            "X": 0.558631420135498,
            "Y": 0.864166796207428
          },
          {
            "X": 0.5587251782417297,
            "Y": 0.9305775761604309
          },
          {
            "X": 0.5408902168273926,
            "Y": 0.9305950403213501
          }
        ]
      },
      "Id": "5314937e-d353-4feb-94c7-230b23c82446",
      "Page": 1
    },
    {
      "BlockType": "WORD",
      "Confidence": 99.39324951171875,
      "Text": "=",
      "TextType": "PRINTED",
      "Geometry": {
        "BoundingBox": {
          "Width": 0.014668656513094902,
          "Height": 0.024267280474305153,
          "Left": 0.5642574429512024,
          "Top": 0.8819373250007629
        },
        "Polygon": [
          {
            "X": 0.5642574429512024,
            "Y": 0.8819515109062195
          },
          {
            "X": 0.5788916349411011,
            "Y": 0.8819373250007629
          },
          {
            "X": 0.5789260864257812,
            "Y": 0.9061903357505798
          },
          {
            "X": 0.5642917156219482,
            "Y": 0.9062045812606812
          }
        ]
      },
      "Id": "2e781f2a-c388-4c69-81cc-a900848aa657",
      "Page": 1
    },
    {
      "BlockType": "WORD",
      "Confidence": 95.80155944824219,
      "Text": "-",
      "TextType": "PRINTED",
      "Geometry": {
        "BoundingBox": {
          "Width": 0.01294624526053667,
          "Height": 0.013921447098255157,
          "Left": 0.5844887495040894,
          "Top": 0.8917969465255737
        },
        "Polygon": [
          {
            "X": 0.5844887495040894,
            "Y": 0.8918094635009766
          },
          {
            "X": 0.5974151492118835,
            "Y": 0.8917969465255737
          },
          {
            "X": 0.5974349975585938,
            "Y": 0.9057058095932007
          },
          {
            "X": 0.5845085382461548,
            "Y": 0.9057183861732483
          }
        ]
      },
      "Id": "0e1ad19a-0a41-4fb0-b75d-48cc9c320b9b",
      "Page": 1
    },
    {
      "BlockType": "WORD",
      "Confidence": 99.95342254638672,
      "Text": "0.889",
      "TextType": "PRINTED",
      "Geometry": {
        "BoundingBox": {
          "Width": 0.05212615057826042,
          "Height": 0.05504047870635986,
          "Left": 0.6021170616149902,
          "Top": 0.8652151823043823
        },
        "Polygon": [
          {
            "X": 0.6021170616149902,
            "Y": 0.865265429019928
          },
          {
            "X": 0.6541633009910583,
            "Y": 0.8652151823043823
          },
          {
            "X": 0.6542431712150574,
            "Y": 0.9202048778533936
          },
          {
            "X": 0.602195680141449,
            "Y": 0.9202556610107422
          }
        ]
      },
      "Id": "4e134d17-625d-4592-9ce2-dc9c8f4748e0",
      "Page": 1
    },
    {
      "BlockType": "TABLE",
      "Confidence": 99.658203125,
      "Geometry": {
        "BoundingBox": {
          "Width": 0.974323570728302,
          "Height": 0.4198618233203888,
          "Left": 0.01957809180021286,
          "Top": 0.4119047224521637
        },
        "Polygon": [
          {
            "X": 0.01957809180021286,
            "Y": 0.4127538502216339
          },
          {
            "X": 0.9932321906089783,
            "Y": 0.4119047224521637
          },
          {
            "X": 0.9939016699790955,
            "Y": 0.8308337926864624
          },
          {
            "X": 0.020073089748620987,
            "Y": 0.8317665457725525
          }
        ]
      },
      "Id": "9c2843b6-f8b4-4cbf-92f1-6c63dad0dab2",
      "Relationships": [
        {
          "Type": "CHILD",
          "Ids": [
            "2b68bdd5-ec1b-4ab5-979e-1dfdca55ca0f",
            "5fc3aac2-2c59-4c07-9e3c-ee0a7eb0cbfb",
            "f498ae23-4049-4061-b27f-1b6f33c6e44e",
            "e3c0f04d-5031-4720-9835-321343343a3f",
            "a082b285-193d-42c9-b927-b00880e99470",
            "597a6617-f54d-49f1-a518-b9c9a8af9505",
            "b0e361fd-02dc-4464-8291-5374231ea15e",
            "17a2172b-f88e-47c4-96cc-4254def0cc0e",
            "6e8cbc23-287c-4e3f-990d-364ee6de8ed0",
            "51652954-a25b-40b4-9983-c1b63b41a621",
            "2e0b4cf8-0d61-40b7-8412-95789a7182da",
            "ed35c2ca-512f-4d9c-8d53-322987a9cd97",
            "5e27e109-ed28-4b7b-b03b-da2e399ec988",
            "80cb047a-56f0-43b5-b411-74cde3a4da56",
            "376db923-9f9f-47c0-afe2-ae7823f4db85",
            "9753cf81-8bd3-4ce9-9bd5-840af838c95a"
          ]
        },
        {
          "Type": "TABLE_TITLE",
          "Ids": [
            "ccd4e6f1-247d-437e-bbf0-78186ecc90cf"
          ]
        },
        {
          "Type": "TABLE_FOOTER",
          "Ids": [
            "3476aae9-30f3-451e-a070-00350ffb85af"
          ]
        }
      ],
      "EntityTypes": [
        "STRUCTURED_TABLE"
      ],
      "Page": 1
    },
    {
      "BlockType": "CELL",
      "Confidence": 88.818359375,
      "RowIndex": 1,
      "ColumnIndex": 1,
      "RowSpan": 1,
      "ColumnSpan": 1,
      "Geometry": {
        "BoundingBox": {
          "Width": 0.21822525560855865,
          "Height": 0.1134742870926857,
          "Left": 0.01957809180021286,
          "Top": 0.41256365180015564
        },
        "Polygon": [
          {
            "X": 0.01957809180021286,
            "Y": 0.4127538502216339
          },
          {
            "X": 0.23765894770622253,
            "Y": 0.41256365180015564
          },
          {
            "X": 0.2378033548593521,
            "Y": 0.5258427262306213
          },
          {
            "X": 0.019711919128894806,
            "Y": 0.5260379314422607
          }
        ]
      },
      "Id": "2b68bdd5-ec1b-4ab5-979e-1dfdca55ca0f",
      "EntityTypes": [
        "COLUMN_HEADER"
      ],
      "Page": 1
    },
    {
      "BlockType": "CELL",
      "Confidence": 91.259765625,
      "RowIndex": 1,
      "ColumnIndex": 2,
      "RowSpan": 1,
      "ColumnSpan": 1,
      "Geometry": {
        "BoundingBox": {
          "Width": 0.3391912877559662,
          "Height": 0.11357470601797104,
          "Left": 0.23765894770622253,
          "Top": 0.4122679829597473
        },
        "Polygon": [
          {
            "X": 0.23765894770622253,
            "Y": 0.41256365180015564
          },
          {
            "X": 0.5766894221305847,
            "Y": 0.4122679829597473
          },
          {
            "X": 0.5768502354621887,
            "Y": 0.5255391597747803
          },
          {
            "X": 0.2378033548593521,
            "Y": 0.5258427262306213
          }
        ]
      },
      "Id": "5fc3aac2-2c59-4c07-9e3c-ee0a7eb0cbfb",
      "Relationships": [
        {
          "Type": "CHILD",
          "Ids": [
            "0964b4be-6406-4e00-8a83-22e4f4c6d7d2",
            "c40b9408-e831-43f0-ba4a-83ebf0e0e34d"
          ]
        }
      ],
      "EntityTypes": [
        "COLUMN_HEADER"
      ],
      "Page": 1
    },
    {
      "BlockType": "CELL",
      "Confidence": 91.015625,
      "RowIndex": 1,
      "ColumnIndex": 3,
      "RowSpan": 1,
      "ColumnSpan": 1,
      "Geometry": {
        "BoundingBox": {
          "Width": 0.27831801772117615,
          "Height": 0.11351373046636581,
          "Left": 0.5766894221305847,
          "Top": 0.41202542185783386
        },
        "Polygon": [
          {
            "X": 0.5766894221305847,
            "Y": 0.4122679829597473
          },
          {
            "X": 0.85483318567276,
            "Y": 0.41202542185783386
          },
          {
            "X": 0.8550074696540833,
            "Y": 0.5252901315689087
          },
          {
            "X": 0.5768502354621887,
            "Y": 0.5255391597747803
          }
        ]
      },
      "Id": "f498ae23-4049-4061-b27f-1b6f33c6e44e",
      "Relationships": [
        {
          "Type": "CHILD",
          "Ids": [
            "eaf7ac7d-254c-4216-bccc-03aa8520bc5a"
          ]
        }
      ],
      "EntityTypes": [
        "COLUMN_HEADER"
      ],
      "Page": 1
    },
    {
      "BlockType": "CELL",
      "Confidence": 82.275390625,
      "RowIndex": 1,
      "ColumnIndex": 4,
      "RowSpan": 1,
      "ColumnSpan": 1,
      "Geometry": {
        "BoundingBox": {
          "Width": 0.13858003914356232,
          "Height": 0.1133854016661644,
          "Left": 0.85483318567276,
          "Top": 0.4119047224521637
        },
        "Polygon": [
          {
            "X": 0.85483318567276,
            "Y": 0.41202542185783386
          },
          {
            "X": 0.9932321906089783,
            "Y": 0.4119047224521637
          },
          {
            "X": 0.9934132099151611,
            "Y": 0.5251662135124207
          },
          {
            "X": 0.8550074696540833,
            "Y": 0.5252901315689087
          }
        ]
      },
      "Id": "e3c0f04d-5031-4720-9835-321343343a3f",
      "Relationships": [
        {
          "Type": "CHILD",
          "Ids": [
            "eddb3d77-6f12-466b-af45-8bdc133f9b30"
          ]
        }
      ],
      "EntityTypes": [
        "COLUMN_HEADER"
      ],
      "Page": 1
    },
    {
      "BlockType": "CELL",
      "Confidence": 87.20703125,
      "RowIndex": 2,
      "ColumnIndex": 1,
      "RowSpan": 1,
      "ColumnSpan": 1,
      "Geometry": {
        "BoundingBox": {
          "Width": 0.2182345688343048,
          "Height": 0.1124933585524559,
          "Left": 0.019711919128894806,
          "Top": 0.5258427262306213
        },
        "Polygon": [
          {
            "X": 0.019711919128894806,
            "Y": 0.5260379314422607
          },
          {
            "X": 0.2378033548593521,
            "Y": 0.5258427262306213
          },
          {
            "X": 0.23794648051261902,
            "Y": 0.6381357908248901
          },
          {
            "X": 0.019844582304358482,
            "Y": 0.6383360624313354
          }
        ]
      },
      "Id": "a082b285-193d-42c9-b927-b00880e99470",
      "Relationships": [
        {
          "Type": "CHILD",
          "Ids": [
            "696811ed-1f35-4793-b9ca-7b5d3cb8179e",
            "2e332f6e-f648-44a6-a720-ae861c45ece0"
          ]
        }
      ],
      "Page": 1
    },
    {
      "BlockType": "CELL",
      "Confidence": 89.599609375,
      "RowIndex": 2,
      "ColumnIndex": 2,
      "RowSpan": 1,
      "ColumnSpan": 1,
      "Geometry": {
        "BoundingBox": {
          "Width": 0.339206337928772,
          "Height": 0.11259662359952927,
          "Left": 0.2378033548593521,
          "Top": 0.5255391597747803
        },
        "Polygon": [
          {
            "X": 0.2378033548593521,
            "Y": 0.5258427262306213
          },
          {
            "X": 0.5768502354621887,
            "Y": 0.5255391597747803
          },
          {
            "X": 0.5770096778869629,
            "Y": 0.6378244161605835
          },
          {
            "X": 0.23794648051261902,
            "Y": 0.6381357908248901
          }
        ]
      },
      "Id": "597a6617-f54d-49f1-a518-b9c9a8af9505",
      "Relationships": [
        {
          "Type": "CHILD",
          "Ids": [
            "e32d0f57-17d6-4ea2-86a5-d2168331f0c8",
            "f0fef05b-e832-4906-87a7-18b44bc168e3"
          ]
        }
      ],
      "Page": 1
    },
    {
      "BlockType": "CELL",
      "Confidence": 89.404296875,
      "RowIndex": 2,
      "ColumnIndex": 3,
      "RowSpan": 1,
      "ColumnSpan": 1,
      "Geometry": {
        "BoundingBox": {
          "Width": 0.2783299684524536,
          "Height": 0.1125343069434166,
          "Left": 0.5768502354621887,
          "Top": 0.5252901315689087
        },
        "Polygon": [
          {
            "X": 0.5768502354621887,
            "Y": 0.5255391597747803
          },
          {
            "X": 0.8550074696540833,
            "Y": 0.5252901315689087
          },
          {
            "X": 0.8551802635192871,
            "Y": 0.637569010257721
          },
          {
            "X": 0.5770096778869629,
            "Y": 0.6378244161605835
          }
        ]
      },
      "Id": "b0e361fd-02dc-4464-8291-5374231ea15e",
      "Relationships": [
        {
          "Type": "CHILD",
          "Ids": [
            "b67e0bdd-33a1-42f2-ad1c-3f5275bdcbd9",
            "5bde7d26-7553-407c-bdea-e6a8a279fd70"
          ]
        }
      ],
      "Page": 1
    },
    {
      "BlockType": "CELL",
      "Confidence": 80.810546875,
      "RowIndex": 2,
      "ColumnIndex": 4,
      "RowSpan": 1,
      "ColumnSpan": 1,
      "Geometry": {
        "BoundingBox": {
          "Width": 0.138585165143013,
          "Height": 0.1124027892947197,
          "Left": 0.8550074696540833,
          "Top": 0.5251662135124207
        },
        "Polygon": [
          {
            "X": 0.8550074696540833,
            "Y": 0.5252901315689087
          },
          {
            "X": 0.9934132099151611,
            "Y": 0.5251662135124207
          },
          {
            "X": 0.9935926198959351,
            "Y": 0.637441873550415
          },
          {
            "X": 0.8551802635192871,
            "Y": 0.637569010257721
          }
        ]
      },
      "Id": "17a2172b-f88e-47c4-96cc-4254def0cc0e",
      "Relationships": [
        {
          "Type": "CHILD",
          "Ids": [
            "de434c21-bc33-4972-9c67-3f07f5a427b2"
          ]
        }
      ],
      "Page": 1
    },
    {
      "BlockType": "CELL",
      "Confidence": 84.814453125,
      "RowIndex": 3,
      "ColumnIndex": 1,
      "RowSpan": 1,
      "ColumnSpan": 1,
      "Geometry": {
        "BoundingBox": {
          "Width": 0.21822869777679443,
          "Height": 0.0996733233332634,
          "Left": 0.019844582304358482,
          "Top": 0.6381357908248901
        },
        "Polygon": [
          {
            "X": 0.019844582304358482,
            "Y": 0.6383360624313354
          },
          {
            "X": 0.23794648051261902,
            "Y": 0.6381357908248901
          },
          {
            "X": 0.23807327449321747,
            "Y": 0.7376043796539307
          },
          {
            "X": 0.019962092861533165,
            "Y": 0.7378091216087341
          }
        ]
      },
      "Id": "6e8cbc23-287c-4e3f-990d-364ee6de8ed0",
      "Relationships": [
        {
          "Type": "CHILD",
          "Ids": [
            "f2033d4c-896f-4aa3-887a-bc8787ed6a30",
            "bf69886b-1867-4a1c-b61e-dc97781e43c8"
          ]
        }
      ],
      "Page": 1
    },
    {
      "BlockType": "CELL",
      "Confidence": 87.158203125,
      "RowIndex": 3,
      "ColumnIndex": 2,
      "RowSpan": 1,
      "ColumnSpan": 1,
      "Geometry": {
        "BoundingBox": {
          "Width": 0.3392044007778168,
          "Height": 0.09977994859218597,
          "Left": 0.23794648051261902,
          "Top": 0.6378244161605835
        },
        "Polygon": [
          {
            "X": 0.23794648051261902,
            "Y": 0.6381357908248901
          },
          {
            "X": 0.5770096778869629,
            "Y": 0.6378244161605835
          },
          {
            "X": 0.5771508812904358,
            "Y": 0.7372860908508301
          },
          {
            "X": 0.23807327449321747,
            "Y": 0.7376043796539307
          }
        ]
      },
      "Id": "51652954-a25b-40b4-9983-c1b63b41a621",
      "Relationships": [
        {
          "Type": "CHILD",
          "Ids": [
            "1c3f47a9-9654-42cb-8b52-b5b0a28962d1",
            "2a84a547-944a-48d6-aba6-c3779f5480b0"
          ]
        }
      ],
      "Page": 1
    },
    {
      "BlockType": "CELL",
      "Confidence": 86.9140625,
      "RowIndex": 3,
      "ColumnIndex": 3,
      "RowSpan": 1,
      "ColumnSpan": 1,
      "Geometry": {
        "BoundingBox": {
          "Width": 0.27832359075546265,
          "Height": 0.09971711784601212,
          "Left": 0.5770096778869629,
          "Top": 0.637569010257721
        },
        "Polygon": [
          {
            "X": 0.5770096778869629,
            "Y": 0.6378244161605835
          },
          {
            "X": 0.8551802635192871,
            "Y": 0.637569010257721
          },
          {
            "X": 0.8553332686424255,
            "Y": 0.7370250225067139
          },
          {
            "X": 0.5771508812904358,
            "Y": 0.7372860908508301
          }
        ]
      },
      "Id": "2e0b4cf8-0d61-40b7-8412-95789a7182da",
      "Relationships": [
        {
          "Type": "CHILD",
          "Ids": [
            "faba06e5-c964-4602-900b-c83b258c033f",
            "659a740d-89e9-48d6-9749-e30453721c8a"
          ]
        }
      ],
      "Page": 1
    },
    {
      "BlockType": "CELL",
      "Confidence": 78.564453125,
      "RowIndex": 3,
      "ColumnIndex": 4,
      "RowSpan": 1,
      "ColumnSpan": 1,
      "Geometry": {
        "BoundingBox": {
          "Width": 0.13857132196426392,
          "Height": 0.09958311170339584,
          "Left": 0.8551802635192871,
          "Top": 0.637441873550415
        },
        "Polygon": [
          {
            "X": 0.8551802635192871,
            "Y": 0.637569010257721
          },
          {
            "X": 0.9935926198959351,
            "Y": 0.637441873550415
          },
          {
            "X": 0.993751585483551,
            "Y": 0.7368950843811035
          },
          {
            "X": 0.8553332686424255,
            "Y": 0.7370250225067139
          }
        ]
      },
      "Id": "ed35c2ca-512f-4d9c-8d53-322987a9cd97",
      "Relationships": [
        {
          "Type": "CHILD",
          "Ids": [
            "ec3d264f-ff02-439a-9706-fa5c044a7ec1"
          ]
        }
      ],
      "Page": 1
    },
    {
      "BlockType": "CELL",
      "Confidence": 89.990234375,
      "RowIndex": 4,
      "ColumnIndex": 1,
      "RowSpan": 1,
      "ColumnSpan": 1,
      "Geometry": {
        "BoundingBox": {
          "Width": 0.2182309478521347,
          "Height": 0.09416218101978302,
          "Left": 0.019962092861533165,
          "Top": 0.7376043796539307
        },
        "Polygon": [
          {
            "X": 0.019962092861533165,
            "Y": 0.7378091216087341
          },
          {
            "X": 0.23807327449321747,
            "Y": 0.7376043796539307
          },
          {
            "X": 0.23819303512573242,
            "Y": 0.8315576314926147
          },
          {
            "X": 0.020073089748620987,
            "Y": 0.8317665457725525
          }
        ]
      },
      "Id": "5e27e109-ed28-4b7b-b03b-da2e399ec988",
      "Relationships": [
        {
          "Type": "CHILD",
          "Ids": [
            "290b01d1-2822-4b8a-9b26-ec0fc6b8dc12"
          ]
        }
      ],
      "Page": 1
    },
    {
      "BlockType": "CELL",
      "Confidence": 92.48046875,
      "RowIndex": 4,
      "ColumnIndex": 2,
      "RowSpan": 1,
      "ColumnSpan": 1,
      "Geometry": {
        "BoundingBox": {
          "Width": 0.33921098709106445,
          "Height": 0.09427151829004288,
          "Left": 0.23807327449321747,
          "Top": 0.7372860908508301
        },
        "Polygon": [
          {
            "X": 0.23807327449321747,
            "Y": 0.7376043796539307
          },
          {
            "X": 0.5771508812904358,
            "Y": 0.7372860908508301
          },
          {
            "X": 0.5772842764854431,
            "Y": 0.8312328457832336
          },
          {
            "X": 0.23819303512573242,
            "Y": 0.8315576314926147
          }
        ]
      },
      "Id": "80cb047a-56f0-43b5-b411-74cde3a4da56",
      "Relationships": [
        {
          "Type": "CHILD",
          "Ids": [
            "b370fd77-f86e-4722-b772-2614d7508a9b"
          ]
        }
      ],
      "Page": 1
    },
    {
      "BlockType": "CELL",
      "Confidence": 92.236328125,
      "RowIndex": 4,
      "ColumnIndex": 3,
      "RowSpan": 1,
      "ColumnSpan": 1,
      "Geometry": {
        "BoundingBox": {
          "Width": 0.27832695841789246,
          "Height": 0.09420783072710037,
          "Left": 0.5771508812904358,
          "Top": 0.7370250225067139
        },
        "Polygon": [
          {
            "X": 0.5771508812904358,
            "Y": 0.7372860908508301
          },
          {
            "X": 0.8553332686424255,
            "Y": 0.7370250225067139
          },
          {
            "X": 0.8554778099060059,
            "Y": 0.8309664130210876
          },
          {
            "X": 0.5772842764854431,
            "Y": 0.8312328457832336
          }
        ]
      },
      "Id": "376db923-9f9f-47c0-afe2-ae7823f4db85",
      "Relationships": [
        {
          "Type": "CHILD",
          "Ids": [
            "883b18cf-693d-4498-ba57-b0f3c285e5fd"
          ]
        }
      ],
      "Page": 1
    },
    {
      "BlockType": "CELL",
      "Confidence": 83.3984375,
      "RowIndex": 4,
      "ColumnIndex": 4,
      "RowSpan": 1,
      "ColumnSpan": 1,
      "Geometry": {
        "BoundingBox": {
          "Width": 0.13856840133666992,
          "Height": 0.09407129138708115,
          "Left": 0.8553332686424255,
          "Top": 0.7368950843811035
        },
        "Polygon": [
          {
            "X": 0.8553332686424255,
            "Y": 0.7370250225067139
          },
          {
            "X": 0.993751585483551,
            "Y": 0.7368950843811035
          },
          {
            "X": 0.9939016699790955,
            "Y": 0.8308337926864624
          },
          {
            "X": 0.8554778099060059,
            "Y": 0.8309664130210876
          }
        ]
      },
      "Id": "9753cf81-8bd3-4ce9-9bd5-840af838c95a",
      "Relationships": [
        {
          "Type": "CHILD",
          "Ids": [
            "ac34e04a-21a6-4b06-8525-b4acab5fa8b3"
          ]
        }
      ],
      "Page": 1
    },
    {
      "BlockType": "TABLE_TITLE",
      "Confidence": 69.287109375,
      "Geometry": {
        "BoundingBox": {
          "Width": 0.9342640042304993,
          "Height": 0.37749776244163513,
          "Left": 0.0514434278011322,
          "Top": 0.02857816219329834
        },
        "Polygon": [
          {
            "X": 0.0514434278011322,
            "Y": 0.029319172725081444
          },
          {
            "X": 0.9851066470146179,
            "Y": 0.02857816219329834
          },
          {
            "X": 0.9857074022293091,
            "Y": 0.40526282787323
          },
          {
            "X": 0.05189371854066849,
            "Y": 0.40607592463493347
          }
        ]
      },
      "Id": "ccd4e6f1-247d-437e-bbf0-78186ecc90cf",
      "Relationships": [
        {
          "Type": "CHILD",
          "Ids": [
            "35672ca7-d756-445b-8e75-6d9b504dd648",
            "055efd65-42d4-47d4-a9f5-4525a888057c",
            "442340bb-cf28-416b-8561-46cb502e3706",
            "677b7a45-90b0-4c4f-8b2a-bba3fd3db5ab",
            "46141a2e-0436-4978-8ca0-ae74af1e63da",
            "8c2a831d-3e52-491f-81c7-b428d200e23e",
            "e60e2722-2636-468f-a4cb-34676070b349",
            "c3500e23-f1e0-4ccb-908c-7361b69aec7b",
            "3fcbc806-8829-4c79-8aad-47f66abed1f3",
            "7b3802ce-4f8c-41fc-9e5f-31d5a2d09506",
            "f12c13bf-cdba-4fa6-a660-23ec9e161ed3",
            "7f62b262-dd12-4640-bf9d-a0c0cf6d5817",
            "a642caed-e1ec-4b63-881a-3e587dce9ebb",
            "32c75a84-ad63-4e02-afd1-56fac3e1ec14"
          ]
        }
      ],
      "Page": 1
    },
    {
      "BlockType": "TABLE_FOOTER",
      "Confidence": 92.724609375,
      "Geometry": {
        "BoundingBox": {
          "Width": 0.6370431780815125,
          "Height": 0.07822719216346741,
          "Left": 0.021047623828053474,
          "Top": 0.8605326414108276
        },
        "Polygon": [
          {
            "X": 0.021047623828053474,
            "Y": 0.8611465692520142
          },
          {
            "X": 0.6579779386520386,
            "Y": 0.8605326414108276
          },
          {
            "X": 0.6580907702445984,
            "Y": 0.9381358027458191
          },
          {
            "X": 0.021139342337846756,
            "Y": 0.9387598633766174
          }
        ]
      },
      "Id": "3476aae9-30f3-451e-a070-00350ffb85af",
      "Relationships": [
        {
          "Type": "CHILD",
          "Ids": [
            "ce998629-809f-40f9-a2ba-51aef8c0c5aa",
            "6fa0dfbd-9d0e-4854-b6cf-e5f7d7220ab8",
            "0f640f18-f540-4f0d-8a8b-3821088815bf",
            "68337137-5172-494f-8328-98056830fc45",
            "6fba7301-095d-43a5-ba3b-f39625a486ec",
            "adbd44d5-0a78-41e9-802a-efa45ed54743",
            "2dd939a1-b5fe-4703-b4ca-7ba963dc6f5f",
            "c43b5554-84b8-4e0b-b35e-929b2761a2e5",
            "7ed6cd9a-5812-462b-bfd9-acdaa1db6068",
            "38b2a9a9-1134-4939-b02d-6f51008f2f97",
            "cd26fe06-d6ad-44ac-9f98-8228f174815e",
            "13ad332a-b18a-4fd3-8e52-557c7eb88af4",
            "5314937e-d353-4feb-94c7-230b23c82446",
            "2e781f2a-c388-4c69-81cc-a900848aa657",
            "0e1ad19a-0a41-4fb0-b75d-48cc9c320b9b",
            "4e134d17-625d-4592-9ce2-dc9c8f4748e0"
          ]
        }
      ],
      "Page": 1
    }
  ],
  "AnalyzeDocumentModelVersion": "1.0"
}