{
  "DocumentMetadata": {
    "Pages": 1
  },
  "JobStatus": "SUCCEEDED",
  "Blocks": [
    {
      "BlockType": "PAGE",
      "Geometry": {
        "BoundingBox": {
          "Width": 1,
          "Height": 1,
          "Left": 0,
          "Top": 0
        },
        "Polygon": [
          {
            "X": 0.00000665175321046263,
            "Y": 0
          },
          {
            "X": 1,
            "Y": 0.000006788190603401745
          },
          {
            "X": 1,
            "Y": 1
          },
          {
            "X": 0,
            "Y": 1
          }
        ]
      },
      "Id": "bef8ab21-3773-496f-8b9d-c7e4ec42ae92",
      "Relationships": [
        {
          "Type": "CHILD",
          "Ids": [
            "e016b524-1ae5-4bf8-867b-ff55ade252e8",
            "8e56cba4-0d5c-41c2-af32-c36321ae2e9c",
            "15d20cfa-b039-4ada-8ebe-a54119786f60",
            "41b63299-e683-462c-b592-332b7a2a1244",
            "f419b6fc-627d-46fd-b28f-03e8b8dd6a5f",
            "2c867a6a-a177-49b7-932a-b6eab48a0452",
            "801c892f-c796-4846-926f-7f0b2e58d725",
            "6e0e0ba1-42b4-41c9-ab48-76f7d8d18cd6",
            "9bcc148b-9b1b-417d-bd8d-b5387949766c",
            "7c671392-9191-496b-8543-2d4486c54b55",
            "80e19888-3645-42dc-8dee-06f0262c368a",
            "9f3ca5ec-9d17-404d-8880-0f33e77d6e33",
            "3680f284-43a1-4a3f-ad53-80952b77aa1a",
            "f88b2898-45e3-4347-9279-ab4ef88c07ac",
            "267c7021-f292-4924-9702-912364bd8384",
            "67e6d32e-a764-4095-9b09-9f0d674d63eb",
            "e85d2256-1481-403f-b0c4-96217596b9ab",
            "b98adf47-2aad-461c-8881-bf08be36261d"
          ]
        }
      ],
      "Page": 1
    },
    {
      "BlockType": "LINE",
      "Confidence": 99.73115539550781,
      "Text": "TABLE 5.12.",
      "Geometry": {
        "BoundingBox": {
          "Width": 0.13522279262542725,
          "Height": 0.06715970486402512,
          "Left": 0.43168559670448303,
          "Top": 0.0324459932744503
        },
        "Polygon": [
          {
            "X": 0.4317760169506073,
            "Y": 0.0324459932744503
          },
          {
            "X": 0.5669084191322327,
            "Y": 0.03294428065419197
          },
          {
            "X": 0.5668271780014038,
            "Y": 0.09960570186376572
          },
          {
            "X": 0.43168559670448303,
            "Y": 0.09910678118467331
          }
        ]
      },
      "Id": "e016b524-1ae5-4bf8-867b-ff55ade252e8",
      "Relationships": [
        {
          "Type": "CHILD",
          "Ids": [
            "8a2d6630-834f-41a4-abf9-00183778159b",
            "8beb26a5-0589-4e75-aa97-6e992347416e"
          ]
        }
      ],
      "Page": 1
    },
    {
      "BlockType": "LINE",
      "Confidence": 99.9421157836914,
      "Text": "Reid and Whittlesey's Room Function and the Reduced Typology",
      "Geometry": {
        "BoundingBox": {
          "Width": 0.8023310303688049,
          "Height": 0.09681037813425064,
          "Left": 0.09846298396587372,
          "Top": 0.10952084511518478
        },
        "Polygon": [
          {
            "X": 0.09862210601568222,
            "Y": 0.10952084511518478
          },
          {
            "X": 0.9007940292358398,
            "Y": 0.1124829351902008
          },
          {
            "X": 0.9007116556167603,
            "Y": 0.20633122324943542
          },
          {
            "X": 0.09846298396587372,
            "Y": 0.20336388051509857
          }
        ]
      },
      "Id": "8e56cba4-0d5c-41c2-af32-c36321ae2e9c",
      "Relationships": [
        {
          "Type": "CHILD",
          "Ids": [
            "f1807f12-82c9-4683-a956-5aebb43a1dcd",
            "d5308cf3-a36d-481e-9e67-565f4ccfdb82",
            "62ab8ee0-9cbf-4ed2-b5ec-d88526992e39",
            "a94d3b04-7e1c-4e8a-9161-6a7f896979d2",
            "2186ac80-17fa-4b45-85f9-207fcd3ba4a2",
            "36983992-3b96-4c1e-b690-cbfc1d77d436",
            "18bcf460-4804-4d6d-a0ca-c6cd9c149c72",
            "0c0c44b1-6af9-4364-bcc3-844a51b7c466",
            "842b8780-0b8a-4f1a-93fb-4b6752f700ff"
          ]
        }
      ],
      "Page": 1
    },
    {
      "BlockType": "LINE",
      "Confidence": 99.92347717285156,
      "Text": "This Study",
      "Geometry": {
        "BoundingBox": {
          "Width": 0.12187543511390686,
          "Height": 0.06563486903905869,
          "Left": 0.026771649718284607,
          "Top": 0.20412327349185944
        },
        "Polygon": [
          {
            "X": 0.02688692882657051,
            "Y": 0.20412327349185944
          },
          {
            "X": 0.14864708483219147,
            "Y": 0.2045736461877823
          },
          {
            "X": 0.14853988587856293,
            "Y": 0.2697581350803375
          },
          {
            "X": 0.026771649718284607,
            "Y": 0.2693071961402893
          }
        ]
      },
      "Id": "15d20cfa-b039-4ada-8ebe-a54119786f60",
      "Relationships": [
        {
          "Type": "CHILD",
          "Ids": [
            "0a6d88eb-198e-4dd7-abc2-4853bd2b11c8",
            "6ef5d0f6-5940-4619-ba36-15cc2fd1255c"
          ]
        }
      ],
      "Page": 1
    },
    {
      "BlockType": "LINE",
      "Confidence": 99.93614959716797,
      "Text": "Reid and Whittlesey (1982)",
      "Geometry": {
        "BoundingBox": {
          "Width": 0.30518490076065063,
          "Height": 0.07157465070486069,
          "Left": 0.39610928297042847,
          "Top": 0.21662724018096924
        },
        "Polygon": [
          {
            "X": 0.39620736241340637,
            "Y": 0.21662724018096924
          },
          {
            "X": 0.7012941837310791,
            "Y": 0.21775592863559723
          },
          {
            "X": 0.7012180089950562,
            "Y": 0.2882018983364105
          },
          {
            "X": 0.39610928297042847,
            "Y": 0.28707167506217957
          }
        ]
      },
      "Id": "41b63299-e683-462c-b592-332b7a2a1244",
      "Relationships": [
        {
          "Type": "CHILD",
          "Ids": [
            "a27a752e-c38c-4def-8f4c-e65ec2be9a0f",
            "7ad2f124-5e02-4db1-9a9f-2e3fa15c85c5",
            "d32264f2-a057-45cd-af47-0a70a221ce47",
            "97101225-d9cf-4d5f-9ff8-335104e85705"
          ]
        }
      ],
      "Page": 1
    },
    {
      "BlockType": "LINE",
      "Confidence": 95.45191955566406,
      "Text": "1-Habitation",
      "Geometry": {
        "BoundingBox": {
          "Width": 0.15892788767814636,
          "Height": 0.05522102862596512,
          "Left": 0.031770337373018265,
          "Top": 0.2935635447502136
        },
        "Polygon": [
          {
            "X": 0.03186666965484619,
            "Y": 0.2935635447502136
          },
          {
            "X": 0.19069822132587433,
            "Y": 0.2941519618034363
          },
          {
            "X": 0.19061073660850525,
            "Y": 0.34878456592559814
          },
          {
            "X": 0.031770337373018265,
            "Y": 0.34819552302360535
          }
        ]
      },
      "Id": "f419b6fc-627d-46fd-b28f-03e8b8dd6a5f",
      "Relationships": [
        {
          "Type": "CHILD",
          "Ids": [
            "ccbc0ffa-b13b-48fd-b4c8-a887e7e0c22a"
          ]
        }
      ],
      "Page": 1
    },
    {
      "BlockType": "LINE",
      "Confidence": 99.08749389648438,
      "Text": "1-Specialized habitation",
      "Geometry": {
        "BoundingBox": {
          "Width": 0.28676170110702515,
          "Height": 0.07009813189506531,
          "Left": 0.3970406651496887,
          "Top": 0.3050876259803772
        },
        "Polygon": [
          {
            "X": 0.39713671803474426,
            "Y": 0.3050876259803772
          },
          {
            "X": 0.6838023662567139,
            "Y": 0.3061498701572418
          },
          {
            "X": 0.6837264895439148,
            "Y": 0.3751857578754425
          },
          {
            "X": 0.3970406651496887,
            "Y": 0.37412217259407043
          }
        ]
      },
      "Id": "2c867a6a-a177-49b7-932a-b6eab48a0452",
      "Relationships": [
        {
          "Type": "CHILD",
          "Ids": [
            "1caaa29a-328b-489f-b3f8-b7d8bbe487fd",
            "cc95421b-9951-495b-abec-bcd896ad9e26"
          ]
        }
      ],
      "Page": 1
    },
    {
      "BlockType": "LINE",
      "Confidence": 97.28485870361328,
      "Text": "2-Generalized habitation",
      "Geometry": {
        "BoundingBox": {
          "Width": 0.2978858947753906,
          "Height": 0.05775156617164612,
          "Left": 0.39573290944099426,
          "Top": 0.3805290460586548
        },
        "Polygon": [
          {
            "X": 0.3958117961883545,
            "Y": 0.3805290460586548
          },
          {
            "X": 0.6936188340187073,
            "Y": 0.38163405656814575
          },
          {
            "X": 0.6935571432113647,
            "Y": 0.4382806122303009
          },
          {
            "X": 0.39573290944099426,
            "Y": 0.4371744394302368
          }
        ]
      },
      "Id": "801c892f-c796-4846-926f-7f0b2e58d725",
      "Relationships": [
        {
          "Type": "CHILD",
          "Ids": [
            "0b4e8f13-aae5-4768-b481-40d5826d31eb",
            "e40f314d-43e5-4c9f-b6e9-eb99c7edfa4d"
          ]
        }
      ],
      "Page": 1
    },
    {
      "BlockType": "LINE",
      "Confidence": 99.1016616821289,
      "Text": "2-Storage Rooms",
      "Geometry": {
        "BoundingBox": {
          "Width": 0.2097083181142807,
          "Height": 0.06604306399822235,
          "Left": 0.027176635339856148,
          "Top": 0.4442193806171417
        },
        "Polygon": [
          {
            "X": 0.027291998267173767,
            "Y": 0.4442193806171417
          },
          {
            "X": 0.2368849515914917,
            "Y": 0.44499796628952026
          },
          {
            "X": 0.23678351938724518,
            "Y": 0.5102624297142029
          },
          {
            "X": 0.027176635339856148,
            "Y": 0.5094829201698303
          }
        ]
      },
      "Id": "6e0e0ba1-42b4-41c9-ab48-76f7d8d18cd6",
      "Relationships": [
        {
          "Type": "CHILD",
          "Ids": [
            "ba1cc27b-bda1-4ed0-8bc3-39103414725b",
            "37e741cf-1d27-46d0-bd17-2a8010f3ee0a"
          ]
        }
      ],
      "Page": 1
    },
    {
      "BlockType": "LINE",
      "Confidence": 95.26173400878906,
      "Text": "3-Storage",
      "Geometry": {
        "BoundingBox": {
          "Width": 0.12492801994085312,
          "Height": 0.06762411445379257,
          "Left": 0.3950331211090088,
          "Top": 0.45400846004486084
        },
        "Polygon": [
          {
            "X": 0.39512667059898376,
            "Y": 0.45400846004486084
          },
          {
            "X": 0.5199611186981201,
            "Y": 0.45447227358818054
          },
          {
            "X": 0.5198761224746704,
            "Y": 0.5216326117515564
          },
          {
            "X": 0.3950331211090088,
            "Y": 0.5211681723594666
          }
        ]
      },
      "Id": "9bcc148b-9b1b-417d-bd8d-b5387949766c",
      "Relationships": [
        {
          "Type": "CHILD",
          "Ids": [
            "7c7317fa-3c19-4c5e-912d-2223a45b19fe"
          ]
        }
      ],
      "Page": 1
    },
    {
      "BlockType": "LINE",
      "Confidence": 98.85008239746094,
      "Text": "4-Storage, manufacturing",
      "Geometry": {
        "BoundingBox": {
          "Width": 0.30734944343566895,
          "Height": 0.07420998066663742,
          "Left": 0.3937705159187317,
          "Top": 0.5278821587562561
        },
        "Polygon": [
          {
            "X": 0.39387238025665283,
            "Y": 0.5278821587562561
          },
          {
            "X": 0.7011199593544006,
            "Y": 0.5290251970291138
          },
          {
            "X": 0.7010409832000732,
            "Y": 0.6020921468734741
          },
          {
            "X": 0.3937705159187317,
            "Y": 0.6009475588798523
          }
        ]
      },
      "Id": "7c671392-9191-496b-8543-2d4486c54b55",
      "Relationships": [
        {
          "Type": "CHILD",
          "Ids": [
            "997e0428-092d-4aac-a9b6-abbeb4b56e21",
            "5c3360a8-b8ac-42b3-8852-68e98538a5e5"
          ]
        }
      ],
      "Page": 1
    },
    {
      "BlockType": "LINE",
      "Confidence": 98.439208984375,
      "Text": "3-Ceremonial",
      "Geometry": {
        "BoundingBox": {
          "Width": 0.16911016404628754,
          "Height": 0.053175222128629684,
          "Left": 0.028668835759162903,
          "Top": 0.591033399105072
        },
        "Polygon": [
          {
            "X": 0.028761625289916992,
            "Y": 0.591033399105072
          },
          {
            "X": 0.19777899980545044,
            "Y": 0.5916629433631897
          },
          {
            "X": 0.19769525527954102,
            "Y": 0.6442086100578308
          },
          {
            "X": 0.028668835759162903,
            "Y": 0.6435785293579102
          }
        ]
      },
      "Id": "80e19888-3645-42dc-8dee-06f0262c368a",
      "Relationships": [
        {
          "Type": "CHILD",
          "Ids": [
            "945e6291-82f6-4c61-aa39-bad6037b7985"
          ]
        }
      ],
      "Page": 1
    },
    {
      "BlockType": "LINE",
      "Confidence": 98.60332489013672,
      "Text": "8-Ceremonial Room",
      "Geometry": {
        "BoundingBox": {
          "Width": 0.2494371086359024,
          "Height": 0.0571819469332695,
          "Left": 0.39270302653312683,
          "Top": 0.6028634309768677
        },
        "Polygon": [
          {
            "X": 0.39278149604797363,
            "Y": 0.6028634309768677
          },
          {
            "X": 0.6421401500701904,
            "Y": 0.6037923693656921
          },
          {
            "X": 0.6420759558677673,
            "Y": 0.6600453853607178
          },
          {
            "X": 0.39270302653312683,
            "Y": 0.6591154932975769
          }
        ]
      },
      "Id": "9f3ca5ec-9d17-404d-8880-0f33e77d6e33",
      "Relationships": [
        {
          "Type": "CHILD",
          "Ids": [
            "84bfed6e-30fe-470c-bf4c-7d13786a08dc",
            "83ed879b-71b9-4c53-aa82-2ce68192f7ce"
          ]
        }
      ],
      "Page": 1
    },
    {
      "BlockType": "LINE",
      "Confidence": 97.07477569580078,
      "Text": "9-Kiva",
      "Geometry": {
        "BoundingBox": {
          "Width": 0.09272544085979462,
          "Height": 0.051560886204242706,
          "Left": 0.3925749957561493,
          "Top": 0.6775513291358948
        },
        "Polygon": [
          {
            "X": 0.392646461725235,
            "Y": 0.6775513291358948
          },
          {
            "X": 0.4853004515171051,
            "Y": 0.6778969764709473
          },
          {
            "X": 0.4852338135242462,
            "Y": 0.7291122078895569
          },
          {
            "X": 0.3925749957561493,
            "Y": 0.7287662625312805
          }
        ]
      },
      "Id": "3680f284-43a1-4a3f-ad53-80952b77aa1a",
      "Relationships": [
        {
          "Type": "CHILD",
          "Ids": [
            "c7419d5a-cfc4-4559-87bf-b8f3dd9518a7"
          ]
        }
      ],
      "Page": 1
    },
    {
      "BlockType": "LINE",
      "Confidence": 99.66813659667969,
      "Text": "4-Other",
      "Geometry": {
        "BoundingBox": {
          "Width": 0.1095428615808487,
          "Height": 0.05020542070269585,
          "Left": 0.024435974657535553,
          "Top": 0.7383791208267212
        },
        "Polygon": [
          {
            "X": 0.024524111300706863,
            "Y": 0.7383791208267212
          },
          {
            "X": 0.13397884368896484,
            "Y": 0.738787829875946
          },
          {
            "X": 0.13389624655246735,
            "Y": 0.7885845303535461
          },
          {
            "X": 0.024435974657535553,
            "Y": 0.7881754636764526
          }
        ]
      },
      "Id": "f88b2898-45e3-4347-9279-ab4ef88c07ac",
      "Relationships": [
        {
          "Type": "CHILD",
          "Ids": [
            "ea0fbea6-e8f9-4149-b616-a7f31426fad5"
          ]
        }
      ],
      "Page": 1
    },
    {
      "BlockType": "LINE",
      "Confidence": 93.84635925292969,
      "Text": "5-Manufacturing",
      "Geometry": {
        "BoundingBox": {
          "Width": 0.21053937077522278,
          "Height": 0.06926135718822479,
          "Left": 0.3934871256351471,
          "Top": 0.7501514554023743
        },
        "Polygon": [
          {
            "X": 0.3935825824737549,
            "Y": 0.7501514554023743
          },
          {
            "X": 0.6040264964103699,
            "Y": 0.7509374022483826
          },
          {
            "X": 0.6039457321166992,
            "Y": 0.8194127678871155
          },
          {
            "X": 0.3934871256351471,
            "Y": 0.818625807762146
          }
        ]
      },
      "Id": "267c7021-f292-4924-9702-912364bd8384",
      "Relationships": [
        {
          "Type": "CHILD",
          "Ids": [
            "b7a0a5ff-b2df-4177-97b2-3d7784834f2b"
          ]
        }
      ],
      "Page": 1
    },
    {
      "BlockType": "LINE",
      "Confidence": 99.85466766357422,
      "Text": "6-Limited activity, food processing",
      "Geometry": {
        "BoundingBox": {
          "Width": 0.4048032760620117,
          "Height": 0.07522783428430557,
          "Left": 0.3940200209617615,
          "Top": 0.8242083191871643
        },
        "Polygon": [
          {
            "X": 0.39412274956703186,
            "Y": 0.8242083191871643
          },
          {
            "X": 0.7988232970237732,
            "Y": 0.8257218599319458
          },
          {
            "X": 0.7987509369850159,
            "Y": 0.8994361758232117
          },
          {
            "X": 0.3940200209617615,
            "Y": 0.8979206085205078
          }
        ]
      },
      "Id": "67e6d32e-a764-4095-9b09-9f0d674d63eb",
      "Relationships": [
        {
          "Type": "CHILD",
          "Ids": [
            "ad1e65c3-65a1-4296-905a-f5253add38d0",
            "3997e5b7-7bbd-4a5d-9110-591d351ef89a",
            "d5c282f7-eada-4a6a-913a-776128157b4d",
            "83c3d2b5-563e-4ebd-b663-80f7adeb4500"
          ]
        }
      ],
      "Page": 1
    },
    {
      "BlockType": "LINE",
      "Confidence": 98.29827880859375,
      "Text": "7-Limited activity, manufacturing",
      "Geometry": {
        "BoundingBox": {
          "Width": 0.39134860038757324,
          "Height": 0.07433587312698364,
          "Left": 0.3988806903362274,
          "Top": 0.8987749218940735
        },
        "Polygon": [
          {
            "X": 0.39898183941841125,
            "Y": 0.8987749218940735
          },
          {
            "X": 0.7902292609214783,
            "Y": 0.9002400636672974
          },
          {
            "X": 0.7901571393013,
            "Y": 0.9731107950210571
          },
          {
            "X": 0.3988806903362274,
            "Y": 0.9716436862945557
          }
        ]
      },
      "Id": "e85d2256-1481-403f-b0c4-96217596b9ab",
      "Relationships": [
        {
          "Type": "CHILD",
          "Ids": [
            "476e43bf-4dfd-4c25-bc32-4be04c499684",
            "63de6209-7994-42fc-ba22-e3069ad7c1f0",
            "c0d14bf7-21a7-4884-8ec7-758f60f7211c"
          ]
        }
      ],
      "Page": 1
    },
    {
      "BlockType": "WORD",
      "Confidence": 99.84552001953125,
      "Text": "TABLE",
      "TextType": "PRINTED",
      "Geometry": {
        "BoundingBox": {
          "Width": 0.0785684585571289,
          "Height": 0.05609486997127533,
          "Left": 0.43170031905174255,
          "Top": 0.0324459932744503
        },
        "Polygon": [
          {
            "X": 0.4317760169506073,
            "Y": 0.0324459932744503
          },
          {
            "X": 0.5102688074111938,
            "Y": 0.0327354297041893
          },
          {
            "X": 0.5101975798606873,
            "Y": 0.08854085952043533
          },
          {
            "X": 0.43170031905174255,
            "Y": 0.08825112134218216
          }
        ]
      },
      "Id": "8a2d6630-834f-41a4-abf9-00183778159b",
      "Page": 1
    },
    {
      "BlockType": "WORD",
      "Confidence": 99.6167984008789,
      "Text": "5.12.",
      "TextType": "PRINTED",
      "Geometry": {
        "BoundingBox": {
          "Width": 0.05114519223570824,
          "Height": 0.05148579180240631,
          "Left": 0.5157445073127747,
          "Top": 0.048119910061359406
        },
        "Polygon": [
          {
            "X": 0.5158096551895142,
            "Y": 0.048119910061359406
          },
          {
            "X": 0.5668897032737732,
            "Y": 0.04830831289291382
          },
          {
            "X": 0.5668271780014038,
            "Y": 0.09960570186376572
          },
          {
            "X": 0.5157445073127747,
            "Y": 0.09941711276769638
          }
        ]
      },
      "Id": "8beb26a5-0589-4e75-aa97-6e992347416e",
      "Page": 1
    },
    {
      "BlockType": "WORD",
      "Confidence": 99.78038024902344,
      "Text": "Reid",
      "TextType": "PRINTED",
      "Geometry": {
        "BoundingBox": {
          "Width": 0.055375177413225174,
          "Height": 0.05457698926329613,
          "Left": 0.09852991253137589,
          "Top": 0.10952084511518478
        },
        "Polygon": [
          {
            "X": 0.09862210601568222,
            "Y": 0.10952084511518478
          },
          {
            "X": 0.15390509366989136,
            "Y": 0.1097249835729599
          },
          {
            "X": 0.15381595492362976,
            "Y": 0.1640978306531906
          },
          {
            "X": 0.09852991253137589,
            "Y": 0.16389349102973938
          }
        ]
      },
      "Id": "f1807f12-82c9-4683-a956-5aebb43a1dcd",
      "Page": 1
    },
    {
      "BlockType": "WORD",
      "Confidence": 99.98893737792969,
      "Text": "and",
      "TextType": "PRINTED",
      "Geometry": {
        "BoundingBox": {
          "Width": 0.046519357711076736,
          "Height": 0.05537218227982521,
          "Left": 0.16094496846199036,
          "Top": 0.11134101450443268
        },
        "Polygon": [
          {
            "X": 0.16103506088256836,
            "Y": 0.11134101450443268
          },
          {
            "X": 0.2074643224477768,
            "Y": 0.11151245981454849
          },
          {
            "X": 0.2073768526315689,
            "Y": 0.1667131930589676
          },
          {
            "X": 0.16094496846199036,
            "Y": 0.16654156148433685
          }
        ]
      },
      "Id": "d5308cf3-a36d-481e-9e67-565f4ccfdb82",
      "Page": 1
    },
    {
      "BlockType": "WORD",
      "Confidence": 99.90672302246094,
      "Text": "Whittlesey's",
      "TextType": "PRINTED",
      "Geometry": {
        "BoundingBox": {
          "Width": 0.14990681409835815,
          "Height": 0.07724788784980774,
          "Left": 0.21317079663276672,
          "Top": 0.11164555698633194
        },
        "Polygon": [
          {
            "X": 0.21329188346862793,
            "Y": 0.11164555698633194
          },
          {
            "X": 0.3630776107311249,
            "Y": 0.11219866573810577
          },
          {
            "X": 0.36296823620796204,
            "Y": 0.18889343738555908
          },
          {
            "X": 0.21317079663276672,
            "Y": 0.18833953142166138
          }
        ]
      },
      "Id": "62ab8ee0-9cbf-4ed2-b5ec-d88526992e39",
      "Page": 1
    },
    {
      "BlockType": "WORD",
      "Confidence": 99.9639663696289,
      "Text": "Room",
      "TextType": "PRINTED",
      "Geometry": {
        "BoundingBox": {
          "Width": 0.07621308416128159,
          "Height": 0.05463341623544693,
          "Left": 0.36908262968063354,
          "Top": 0.12058982998132706
        },
        "Polygon": [
          {
            "X": 0.3691598176956177,
            "Y": 0.12058982998132706
          },
          {
            "X": 0.4452957212924957,
            "Y": 0.12087102234363556
          },
          {
            "X": 0.44522276520729065,
            "Y": 0.175223246216774
          },
          {
            "X": 0.36908262968063354,
            "Y": 0.1749417632818222
          }
        ]
      },
      "Id": "a94d3b04-7e1c-4e8a-9161-6a7f896979d2",
      "Page": 1
    },
    {
      "BlockType": "WORD",
      "Confidence": 99.93990325927734,
      "Text": "Function",
      "TextType": "PRINTED",
      "Geometry": {
        "BoundingBox": {
          "Width": 0.1114543229341507,
          "Height": 0.05746147781610489,
          "Left": 0.4529237449169159,
          "Top": 0.1218356117606163
        },
        "Polygon": [
          {
            "X": 0.45299986004829407,
            "Y": 0.1218356117606163
          },
          {
            "X": 0.5643780827522278,
            "Y": 0.12224696576595306
          },
          {
            "X": 0.5643084049224854,
            "Y": 0.1792970895767212
          },
          {
            "X": 0.4529237449169159,
            "Y": 0.1788852959871292
          }
        ]
      },
      "Id": "2186ac80-17fa-4b45-85f9-207fcd3ba4a2",
      "Page": 1
    },
    {
      "BlockType": "WORD",
      "Confidence": 99.99410247802734,
      "Text": "and",
      "TextType": "PRINTED",
      "Geometry": {
        "BoundingBox": {
          "Width": 0.04710977524518967,
          "Height": 0.05660001188516617,
          "Left": 0.5713533163070679,
          "Top": 0.12420167028903961
        },
        "Polygon": [
          {
            "X": 0.5714218020439148,
            "Y": 0.12420167028903961
          },
          {
            "X": 0.6184630990028381,
            "Y": 0.12437541782855988
          },
          {
            "X": 0.6183972954750061,
            "Y": 0.18080168962478638
          },
          {
            "X": 0.5713533163070679,
            "Y": 0.1806277632713318
          }
        ]
      },
      "Id": "36983992-3b96-4c1e-b690-cbfc1d77d436",
      "Page": 1
    },
    {
      "BlockType": "WORD",
      "Confidence": 99.99649810791016,
      "Text": "the",
      "TextType": "PRINTED",
      "Geometry": {
        "BoundingBox": {
          "Width": 0.039966024458408356,
          "Height": 0.0570254810154438,
          "Left": 0.6253679394721985,
          "Top": 0.12534832954406738
        },
        "Polygon": [
          {
            "X": 0.6254338622093201,
            "Y": 0.12534832954406738
          },
          {
            "X": 0.6653339862823486,
            "Y": 0.12549570202827454
          },
          {
            "X": 0.6652703881263733,
            "Y": 0.1823738068342209
          },
          {
            "X": 0.6253679394721985,
            "Y": 0.1822262853384018
          }
        ]
      },
      "Id": "18bcf460-4804-4d6d-a0ca-c6cd9c149c72",
      "Page": 1
    },
    {
      "BlockType": "WORD",
      "Confidence": 99.98365783691406,
      "Text": "Reduced",
      "TextType": "PRINTED",
      "Geometry": {
        "BoundingBox": {
          "Width": 0.10652477294206619,
          "Height": 0.05963912606239319,
          "Left": 0.6722117066383362,
          "Top": 0.12710745632648468
        },
        "Polygon": [
          {
            "X": 0.672277569770813,
            "Y": 0.12710745632648468
          },
          {
            "X": 0.7787365317344666,
            "Y": 0.12750068306922913
          },
          {
            "X": 0.7786771059036255,
            "Y": 0.18674659729003906
          },
          {
            "X": 0.6722117066383362,
            "Y": 0.18635293841362
          }
        ]
      },
      "Id": "0c0c44b1-6af9-4364-bcc3-844a51b7c466",
      "Page": 1
    },
    {
      "BlockType": "WORD",
      "Confidence": 99.92489624023438,
      "Text": "Typology",
      "TextType": "PRINTED",
      "Geometry": {
        "BoundingBox": {
          "Width": 0.11656611412763596,
          "Height": 0.07469196617603302,
          "Left": 0.784210741519928,
          "Top": 0.1316392570734024
        },
        "Polygon": [
          {
            "X": 0.784284770488739,
            "Y": 0.1316392570734024
          },
          {
            "X": 0.9007768630981445,
            "Y": 0.13206957280635834
          },
          {
            "X": 0.9007116556167603,
            "Y": 0.20633122324943542
          },
          {
            "X": 0.784210741519928,
            "Y": 0.20590031147003174
          }
        ]
      },
      "Id": "842b8780-0b8a-4f1a-93fb-4b6752f700ff",
      "Page": 1
    },
    {
      "BlockType": "WORD",
      "Confidence": 99.98941040039062,
      "Text": "This",
      "TextType": "PRINTED",
      "Geometry": {
        "BoundingBox": {
          "Width": 0.05039912834763527,
          "Height": 0.05247829109430313,
          "Left": 0.026794450357556343,
          "Top": 0.20412327349185944
        },
        "Polygon": [
          {
            "X": 0.02688692882657051,
            "Y": 0.20412327349185944
          },
          {
            "X": 0.07719358056783676,
            "Y": 0.204309344291687
          },
          {
            "X": 0.07710377871990204,
            "Y": 0.25660157203674316
          },
          {
            "X": 0.026794450357556343,
            "Y": 0.25641530752182007
          }
        ]
      },
      "Id": "0a6d88eb-198e-4dd7-abc2-4853bd2b11c8",
      "Page": 1
    },
    {
      "BlockType": "WORD",
      "Confidence": 99.85755157470703,
      "Text": "Study",
      "TextType": "PRINTED",
      "Geometry": {
        "BoundingBox": {
          "Width": 0.06449592858552933,
          "Height": 0.06406127661466599,
          "Left": 0.08414891362190247,
          "Top": 0.20569686591625214
        },
        "Polygon": [
          {
            "X": 0.0842580571770668,
            "Y": 0.20569686591625214
          },
          {
            "X": 0.1486448496580124,
            "Y": 0.2059350162744522
          },
          {
            "X": 0.14853988587856293,
            "Y": 0.2697581350803375
          },
          {
            "X": 0.08414891362190247,
            "Y": 0.2695196866989136
          }
        ]
      },
      "Id": "6ef5d0f6-5940-4619-ba36-15cc2fd1255c",
      "Page": 1
    },
    {
      "BlockType": "WORD",
      "Confidence": 99.85211181640625,
      "Text": "Reid",
      "TextType": "PRINTED",
      "Geometry": {
        "BoundingBox": {
          "Width": 0.050820205360651016,
          "Height": 0.052540067583322525,
          "Left": 0.39613446593284607,
          "Top": 0.21662724018096924
        },
        "Polygon": [
          {
            "X": 0.39620736241340637,
            "Y": 0.21662724018096924
          },
          {
            "X": 0.4469546675682068,
            "Y": 0.21681497991085052
          },
          {
            "X": 0.44688448309898376,
            "Y": 0.26916730403900146
          },
          {
            "X": 0.39613446593284607,
            "Y": 0.26897937059402466
          }
        ]
      },
      "Id": "a27a752e-c38c-4def-8f4c-e65ec2be9a0f",
      "Page": 1
    },
    {
      "BlockType": "WORD",
      "Confidence": 99.99263763427734,
      "Text": "and",
      "TextType": "PRINTED",
      "Geometry": {
        "BoundingBox": {
          "Width": 0.04241218417882919,
          "Height": 0.05096116662025452,
          "Left": 0.45346659421920776,
          "Top": 0.21914292871952057
        },
        "Polygon": [
          {
            "X": 0.453534334897995,
            "Y": 0.21914292871952057
          },
          {
            "X": 0.49587875604629517,
            "Y": 0.2192995846271515
          },
          {
            "X": 0.49581319093704224,
            "Y": 0.2701040804386139
          },
          {
            "X": 0.45346659421920776,
            "Y": 0.2699472904205322
          }
        ]
      },
      "Id": "7ad2f124-5e02-4db1-9a9f-2e3fa15c85c5",
      "Page": 1
    },
    {
      "BlockType": "WORD",
      "Confidence": 99.91648864746094,
      "Text": "Whittlesey",
      "TextType": "PRINTED",
      "Geometry": {
        "BoundingBox": {
          "Width": 0.1206326112151146,
          "Height": 0.06773921102285385,
          "Left": 0.5019192099571228,
          "Top": 0.2201709896326065
        },
        "Polygon": [
          {
            "X": 0.5020056366920471,
            "Y": 0.2201709896326065
          },
          {
            "X": 0.6225518584251404,
            "Y": 0.22061698138713837
          },
          {
            "X": 0.6224736571311951,
            "Y": 0.28791019320487976
          },
          {
            "X": 0.5019192099571228,
            "Y": 0.28746363520622253
          }
        ]
      },
      "Id": "d32264f2-a057-45cd-af47-0a70a221ce47",
      "Page": 1
    },
    {
      "BlockType": "WORD",
      "Confidence": 99.98336029052734,
      "Text": "(1982)",
      "TextType": "PRINTED",
      "Geometry": {
        "BoundingBox": {
          "Width": 0.0718078464269638,
          "Height": 0.06305234879255295,
          "Left": 0.6294795870780945,
          "Top": 0.2236996740102768
        },
        "Polygon": [
          {
            "X": 0.6295521259307861,
            "Y": 0.2236996740102768
          },
          {
            "X": 0.7012874484062195,
            "Y": 0.2239650934934616
          },
          {
            "X": 0.7012195587158203,
            "Y": 0.28675201535224915
          },
          {
            "X": 0.6294795870780945,
            "Y": 0.28648629784584045
          }
        ]
      },
      "Id": "97101225-d9cf-4d5f-9ff8-335104e85705",
      "Page": 1
    },
    {
      "BlockType": "WORD",
      "Confidence": 95.45191955566406,
      "Text": "1-Habitation",
      "TextType": "PRINTED",
      "Geometry": {
        "BoundingBox": {
          "Width": 0.15892788767814636,
          "Height": 0.05522102862596512,
          "Left": 0.031770337373018265,
          "Top": 0.2935635447502136
        },
        "Polygon": [
          {
            "X": 0.03186666965484619,
            "Y": 0.2935635447502136
          },
          {
            "X": 0.19069822132587433,
            "Y": 0.2941519618034363
          },
          {
            "X": 0.19061073660850525,
            "Y": 0.34878456592559814
          },
          {
            "X": 0.031770337373018265,
            "Y": 0.34819552302360535
          }
        ]
      },
      "Id": "ccbc0ffa-b13b-48fd-b4c8-a887e7e0c22a",
      "Page": 1
    },
    {
      "BlockType": "WORD",
      "Confidence": 99.16870880126953,
      "Text": "1-Specialized",
      "TextType": "PRINTED",
      "Geometry": {
        "BoundingBox": {
          "Width": 0.1630566120147705,
          "Height": 0.06963914632797241,
          "Left": 0.3970406651496887,
          "Top": 0.3050876259803772
        },
        "Polygon": [
          {
            "X": 0.39713671803474426,
            "Y": 0.3050876259803772
          },
          {
            "X": 0.5600972771644592,
            "Y": 0.3056914806365967
          },
          {
            "X": 0.560012698173523,
            "Y": 0.374726802110672
          },
          {
            "X": 0.3970406651496887,
            "Y": 0.37412217259407043
          }
        ]
      },
      "Id": "1caaa29a-328b-489f-b3f8-b7d8bbe487fd",
      "Page": 1
    },
    {
      "BlockType": "WORD",
      "Confidence": 99.00628662109375,
      "Text": "habitation",
      "TextType": "PRINTED",
      "Geometry": {
        "BoundingBox": {
          "Width": 0.11640964448451996,
          "Height": 0.05581226572394371,
          "Left": 0.5673899054527283,
          "Top": 0.30830079317092896
        },
        "Polygon": [
          {
            "X": 0.5674573183059692,
            "Y": 0.30830079317092896
          },
          {
            "X": 0.6837995648384094,
            "Y": 0.30873191356658936
          },
          {
            "X": 0.683738648891449,
            "Y": 0.36411306262016296
          },
          {
            "X": 0.5673899054527283,
            "Y": 0.36368149518966675
          }
        ]
      },
      "Id": "cc95421b-9951-495b-abec-bcd896ad9e26",
      "Page": 1
    },
    {
      "BlockType": "WORD",
      "Confidence": 95.31907653808594,
      "Text": "2-Generalized",
      "TextType": "PRINTED",
      "Geometry": {
        "BoundingBox": {
          "Width": 0.17378222942352295,
          "Height": 0.054356109350919724,
          "Left": 0.3957369923591614,
          "Top": 0.3805290460586548
        },
        "Polygon": [
          {
            "X": 0.3958117961883545,
            "Y": 0.3805290460586548
          },
          {
            "X": 0.5695192217826843,
            "Y": 0.38117358088493347
          },
          {
            "X": 0.5694539546966553,
            "Y": 0.434885174036026
          },
          {
            "X": 0.3957369923591614,
            "Y": 0.4342399835586548
          }
        ]
      },
      "Id": "0b4e8f13-aae5-4768-b481-40d5826d31eb",
      "Page": 1
    },
    {
      "BlockType": "WORD",
      "Confidence": 99.25064086914062,
      "Text": "habitation",
      "TextType": "PRINTED",
      "Geometry": {
        "BoundingBox": {
          "Width": 0.11625318974256516,
          "Height": 0.054567381739616394,
          "Left": 0.5773628950119019,
          "Top": 0.3837132453918457
        },
        "Polygon": [
          {
            "X": 0.5774282217025757,
            "Y": 0.3837132453918457
          },
          {
            "X": 0.6936160922050476,
            "Y": 0.3841443657875061
          },
          {
            "X": 0.6935571432113647,
            "Y": 0.4382806122303009
          },
          {
            "X": 0.5773628950119019,
            "Y": 0.4378490447998047
          }
        ]
      },
      "Id": "e40f314d-43e5-4c9f-b6e9-eb99c7edfa4d",
      "Page": 1
    },
    {
      "BlockType": "WORD",
      "Confidence": 98.249755859375,
      "Text": "2-Storage",
      "TextType": "PRINTED",
      "Geometry": {
        "BoundingBox": {
          "Width": 0.12389279156923294,
          "Height": 0.06572388857603073,
          "Left": 0.027176635339856148,
          "Top": 0.4442193806171417
        },
        "Polygon": [
          {
            "X": 0.027291998267173767,
            "Y": 0.4442193806171417
          },
          {
            "X": 0.15106943249702454,
            "Y": 0.4446792006492615
          },
          {
            "X": 0.15096229314804077,
            "Y": 0.5099433064460754
          },
          {
            "X": 0.027176635339856148,
            "Y": 0.5094829201698303
          }
        ]
      },
      "Id": "ba1cc27b-bda1-4ed0-8bc3-39103414725b",
      "Page": 1
    },
    {
      "BlockType": "WORD",
      "Confidence": 99.95356750488281,
      "Text": "Rooms",
      "TextType": "PRINTED",
      "Geometry": {
        "BoundingBox": {
          "Width": 0.07839888334274292,
          "Height": 0.05211010202765465,
          "Left": 0.15848344564437866,
          "Top": 0.4463929533958435
        },
        "Polygon": [
          {
            "X": 0.1585681140422821,
            "Y": 0.4463929533958435
          },
          {
            "X": 0.23688232898712158,
            "Y": 0.4466838538646698
          },
          {
            "X": 0.23680180311203003,
            "Y": 0.49850305914878845
          },
          {
            "X": 0.15848344564437866,
            "Y": 0.4982118308544159
          }
        ]
      },
      "Id": "37e741cf-1d27-46d0-bd17-2a8010f3ee0a",
      "Page": 1
    },
    {
      "BlockType": "WORD",
      "Confidence": 95.26173400878906,
      "Text": "3-Storage",
      "TextType": "PRINTED",
      "Geometry": {
        "BoundingBox": {
          "Width": 0.12492801994085312,
          "Height": 0.06762411445379257,
          "Left": 0.3950331211090088,
          "Top": 0.45400846004486084
        },
        "Polygon": [
          {
            "X": 0.39512667059898376,
            "Y": 0.45400846004486084
          },
          {
            "X": 0.5199611186981201,
            "Y": 0.45447227358818054
          },
          {
            "X": 0.5198761224746704,
            "Y": 0.5216326117515564
          },
          {
            "X": 0.3950331211090088,
            "Y": 0.5211681723594666
          }
        ]
      },
      "Id": "7c7317fa-3c19-4c5e-912d-2223a45b19fe",
      "Page": 1
    },
    {
      "BlockType": "WORD",
      "Confidence": 97.78694152832031,
      "Text": "4-Storage,",
      "TextType": "PRINTED",
      "Geometry": {
        "BoundingBox": {
          "Width": 0.13090890645980835,
          "Height": 0.06830858439207077,
          "Left": 0.39377784729003906,
          "Top": 0.5278821587562561
        },
        "Polygon": [
          {
            "X": 0.39387238025665283,
            "Y": 0.5278821587562561
          },
          {
            "X": 0.5246867537498474,
            "Y": 0.5283688306808472
          },
          {
            "X": 0.5246012210845947,
            "Y": 0.5961907505989075
          },
          {
            "X": 0.39377784729003906,
            "Y": 0.5957034826278687
          }
        ]
      },
      "Id": "997e0428-092d-4aac-a9b6-abbeb4b56e21",
      "Page": 1
    },
    {
      "BlockType": "WORD",
      "Confidence": 99.91322326660156,
      "Text": "manufacturing",
      "TextType": "PRINTED",
      "Geometry": {
        "BoundingBox": {
          "Width": 0.16856002807617188,
          "Height": 0.07024795562028885,
          "Left": 0.5325562357902527,
          "Top": 0.5318441987037659
        },
        "Polygon": [
          {
            "X": 0.5326434373855591,
            "Y": 0.5318441987037659
          },
          {
            "X": 0.7011162638664246,
            "Y": 0.5324710011482239
          },
          {
            "X": 0.7010409832000732,
            "Y": 0.6020921468734741
          },
          {
            "X": 0.5325562357902527,
            "Y": 0.601464569568634
          }
        ]
      },
      "Id": "5c3360a8-b8ac-42b3-8852-68e98538a5e5",
      "Page": 1
    },
    {
      "BlockType": "WORD",
      "Confidence": 98.439208984375,
      "Text": "3-Ceremonial",
      "TextType": "PRINTED",
      "Geometry": {
        "BoundingBox": {
          "Width": 0.16911016404628754,
          "Height": 0.053175222128629684,
          "Left": 0.028668835759162903,
          "Top": 0.591033399105072
        },
        "Polygon": [
          {
            "X": 0.028761625289916992,
            "Y": 0.591033399105072
          },
          {
            "X": 0.19777899980545044,
            "Y": 0.5916629433631897
          },
          {
            "X": 0.19769525527954102,
            "Y": 0.6442086100578308
          },
          {
            "X": 0.028668835759162903,
            "Y": 0.6435785293579102
          }
        ]
      },
      "Id": "945e6291-82f6-4c61-aa39-bad6037b7985",
      "Page": 1
    },
    {
      "BlockType": "WORD",
      "Confidence": 97.23272705078125,
      "Text": "8-Ceremonial",
      "TextType": "PRINTED",
      "Geometry": {
        "BoundingBox": {
          "Width": 0.17337724566459656,
          "Height": 0.05501575395464897,
          "Left": 0.39270564913749695,
          "Top": 0.6028634309768677
        },
        "Polygon": [
          {
            "X": 0.39278149604797363,
            "Y": 0.6028634309768677
          },
          {
            "X": 0.5660828948020935,
            "Y": 0.6035090088844299
          },
          {
            "X": 0.5660166144371033,
            "Y": 0.6578792333602905
          },
          {
            "X": 0.39270564913749695,
            "Y": 0.657232940196991
          }
        ]
      },
      "Id": "84bfed6e-30fe-470c-bf4c-7d13786a08dc",
      "Page": 1
    },
    {
      "BlockType": "WORD",
      "Confidence": 99.97392272949219,
      "Text": "Room",
      "TextType": "PRINTED",
      "Geometry": {
        "BoundingBox": {
          "Width": 0.0693041980266571,
          "Height": 0.05172232910990715,
          "Left": 0.5728304386138916,
          "Top": 0.6083230376243591
        },
        "Polygon": [
          {
            "X": 0.5728928446769714,
            "Y": 0.6083230376243591
          },
          {
            "X": 0.6421346664428711,
            "Y": 0.608581006526947
          },
          {
            "X": 0.6420759558677673,
            "Y": 0.6600453853607178
          },
          {
            "X": 0.5728304386138916,
            "Y": 0.6597871780395508
          }
        ]
      },
      "Id": "83ed879b-71b9-4c53-aa82-2ce68192f7ce",
      "Page": 1
    },
    {
      "BlockType": "WORD",
      "Confidence": 97.07477569580078,
      "Text": "9-Kiva",
      "TextType": "PRINTED",
      "Geometry": {
        "BoundingBox": {
          "Width": 0.09272544085979462,
          "Height": 0.051560886204242706,
          "Left": 0.3925749957561493,
          "Top": 0.6775513291358948
        },
        "Polygon": [
          {
            "X": 0.392646461725235,
            "Y": 0.6775513291358948
          },
          {
            "X": 0.4853004515171051,
            "Y": 0.6778969764709473
          },
          {
            "X": 0.4852338135242462,
            "Y": 0.7291122078895569
          },
          {
            "X": 0.3925749957561493,
            "Y": 0.7287662625312805
          }
        ]
      },
      "Id": "c7419d5a-cfc4-4559-87bf-b8f3dd9518a7",
      "Page": 1
    },
    {
      "BlockType": "WORD",
      "Confidence": 99.66813659667969,
      "Text": "4-Other",
      "TextType": "PRINTED",
      "Geometry": {
        "BoundingBox": {
          "Width": 0.1095428615808487,
          "Height": 0.05020542070269585,
          "Left": 0.024435974657535553,
          "Top": 0.7383791208267212
        },
        "Polygon": [
          {
            "X": 0.024524111300706863,
            "Y": 0.7383791208267212
          },
          {
            "X": 0.13397884368896484,
            "Y": 0.738787829875946
          },
          {
            "X": 0.13389624655246735,
            "Y": 0.7885845303535461
          },
          {
            "X": 0.024435974657535553,
            "Y": 0.7881754636764526
          }
        ]
      },
      "Id": "ea0fbea6-e8f9-4149-b616-a7f31426fad5",
      "Page": 1
    },
    {
      "BlockType": "WORD",
      "Confidence": 93.84635925292969,
      "Text": "5-Manufacturing",
      "TextType": "PRINTED",
      "Geometry": {
        "BoundingBox": {
          "Width": 0.21053937077522278,
          "Height": 0.06926135718822479,
          "Left": 0.3934871256351471,
          "Top": 0.7501514554023743
        },
        "Polygon": [
          {
            "X": 0.3935825824737549,
            "Y": 0.7501514554023743
          },
          {
            "X": 0.6040264964103699,
            "Y": 0.7509374022483826
          },
          {
            "X": 0.6039457321166992,
            "Y": 0.8194127678871155
          },
          {
            "X": 0.3934871256351471,
            "Y": 0.818625807762146
          }
        ]
      },
      "Id": "b7a0a5ff-b2df-4177-97b2-3d7784834f2b",
      "Page": 1
    },
    {
      "BlockType": "WORD",
      "Confidence": 99.56776428222656,
      "Text": "6-Limited",
      "TextType": "PRINTED",
      "Geometry": {
        "BoundingBox": {
          "Width": 0.1271210014820099,
          "Height": 0.053428780287504196,
          "Left": 0.3940489590167999,
          "Top": 0.8242083191871643
        },
        "Polygon": [
          {
            "X": 0.39412274956703186,
            "Y": 0.8242083191871643
          },
          {
            "X": 0.5211699604988098,
            "Y": 0.8246834874153137
          },
          {
            "X": 0.521103024482727,
            "Y": 0.8776371479034424
          },
          {
            "X": 0.3940489590167999,
            "Y": 0.8771615028381348
          }
        ]
      },
      "Id": "ad1e65c3-65a1-4296-905a-f5253add38d0",
      "Page": 1
    },
    {
      "BlockType": "WORD",
      "Confidence": 99.91569519042969,
      "Text": "activity,",
      "TextType": "PRINTED",
      "Geometry": {
        "BoundingBox": {
          "Width": 0.08737249672412872,
          "Height": 0.06644381582736969,
          "Left": 0.5280677080154419,
          "Top": 0.8275604844093323
        },
        "Polygon": [
          {
            "X": 0.5281507968902588,
            "Y": 0.8275604844093323
          },
          {
            "X": 0.6154401898384094,
            "Y": 0.8278869390487671
          },
          {
            "X": 0.6153630018234253,
            "Y": 0.8940042853355408
          },
          {
            "X": 0.5280677080154419,
            "Y": 0.8936774134635925
          }
        ]
      },
      "Id": "3997e5b7-7bbd-4a5d-9110-591d351ef89a",
      "Page": 1
    },
    {
      "BlockType": "WORD",
      "Confidence": 99.97355651855469,
      "Text": "food",
      "TextType": "PRINTED",
      "Geometry": {
        "BoundingBox": {
          "Width": 0.05251184478402138,
          "Height": 0.05207539722323418,
          "Left": 0.6213451623916626,
          "Top": 0.8286081552505493
        },
        "Polygon": [
          {
            "X": 0.6214054226875305,
            "Y": 0.8286081552505493
          },
          {
            "X": 0.6738569736480713,
            "Y": 0.8288043141365051
          },
          {
            "X": 0.673799455165863,
            "Y": 0.8806835412979126
          },
          {
            "X": 0.6213451623916626,
            "Y": 0.8804872035980225
          }
        ]
      },
      "Id": "d5c282f7-eada-4a6a-913a-776128157b4d",
      "Page": 1
    },
    {
      "BlockType": "WORD",
      "Confidence": 99.9616470336914,
      "Text": "processing",
      "TextType": "PRINTED",
      "Geometry": {
        "BoundingBox": {
          "Width": 0.11804044246673584,
          "Height": 0.06464092433452606,
          "Left": 0.6807734966278076,
          "Top": 0.8347952365875244
        },
        "Polygon": [
          {
            "X": 0.680844247341156,
            "Y": 0.8347952365875244
          },
          {
            "X": 0.7988139390945435,
            "Y": 0.8352364897727966
          },
          {
            "X": 0.7987509369850159,
            "Y": 0.8994361758232117
          },
          {
            "X": 0.6807734966278076,
            "Y": 0.8989943861961365
          }
        ]
      },
      "Id": "83c3d2b5-563e-4ebd-b663-80f7adeb4500",
      "Page": 1
    },
    {
      "BlockType": "WORD",
      "Confidence": 95.08567810058594,
      "Text": "7-Limited",
      "TextType": "PRINTED",
      "Geometry": {
        "BoundingBox": {
          "Width": 0.12181831151247025,
          "Height": 0.05356770008802414,
          "Left": 0.3989081084728241,
          "Top": 0.8987749218940735
        },
        "Polygon": [
          {
            "X": 0.39898183941841125,
            "Y": 0.8987749218940735
          },
          {
            "X": 0.5207264423370361,
            "Y": 0.8992308378219604
          },
          {
            "X": 0.5206592679023743,
            "Y": 0.9523426294326782
          },
          {
            "X": 0.3989081084728241,
            "Y": 0.9518862962722778
          }
        ]
      },
      "Id": "476e43bf-4dfd-4c25-bc32-4be04c499684",
      "Page": 1
    },
    {
      "BlockType": "WORD",
      "Confidence": 99.90017700195312,
      "Text": "activity,",
      "TextType": "PRINTED",
      "Geometry": {
        "BoundingBox": {
          "Width": 0.08629466593265533,
          "Height": 0.06454021483659744,
          "Left": 0.5285310745239258,
          "Top": 0.9032279253005981
        },
        "Polygon": [
          {
            "X": 0.5286117792129517,
            "Y": 0.9032279253005981
          },
          {
            "X": 0.6148257851600647,
            "Y": 0.9035507440567017
          },
          {
            "X": 0.6147507429122925,
            "Y": 0.967768132686615
          },
          {
            "X": 0.5285310745239258,
            "Y": 0.9674448370933533
          }
        ]
      },
      "Id": "63de6209-7994-42fc-ba22-e3069ad7c1f0",
      "Page": 1
    },
    {
      "BlockType": "WORD",
      "Confidence": 99.90900421142578,
      "Text": "manufacturing",
      "TextType": "PRINTED",
      "Geometry": {
        "BoundingBox": {
          "Width": 0.16827377676963806,
          "Height": 0.06714163720607758,
          "Left": 0.6219491958618164,
          "Top": 0.9059691429138184
        },
        "Polygon": [
          {
            "X": 0.6220264434814453,
            "Y": 0.9059691429138184
          },
          {
            "X": 0.7902230024337769,
            "Y": 0.9065991044044495
          },
          {
            "X": 0.7901571393013,
            "Y": 0.9731107950210571
          },
          {
            "X": 0.6219491958618164,
            "Y": 0.9724801182746887
          }
        ]
      },
      "Id": "c0d14bf7-21a7-4884-8ec7-758f60f7211c",
      "Page": 1
    },
    {
      "BlockType": "SELECTION_ELEMENT",
      "Confidence": 27.987993240356445,
      "Geometry": {
        "BoundingBox": {
          "Width": 0.019496481865644455,
          "Height": 0.052091654390096664,
          "Left": 0.06743550300598145,
          "Top": 0.73988276720047
        },
        "Polygon": [
          {
            "X": 0.06752529740333557,
            "Y": 0.73988276720047
          },
          {
            "X": 0.0869319885969162,
            "Y": 0.7399552464485168
          },
          {
            "X": 0.08684322237968445,
            "Y": 0.7919744253158569
          },
          {
            "X": 0.06743550300598145,
            "Y": 0.7919018864631653
          }
        ]
      },
      "Id": "09f8c6d5-db59-49d0-a28a-f46cde056626",
      "SelectionStatus": "NOT_SELECTED",
      "Page": 1
    },
    {
      "BlockType": "TABLE",
      "Confidence": 95.849609375,
      "Geometry": {
        "BoundingBox": {
          "Width": 0.9496639370918274,
          "Height": 0.7857852578163147,
          "Left": 0.02270345576107502,
          "Top": 0.18929725885391235
        },
        "Polygon": [
          {
            "X": 0.024089070037007332,
            "Y": 0.18929725885391235
          },
          {
            "X": 0.9723674058914185,
            "Y": 0.19280388951301575
          },
          {
            "X": 0.9717375040054321,
            "Y": 0.9750825762748718
          },
          {
            "X": 0.02270345576107502,
            "Y": 0.9715240001678467
          }
        ]
      },
      "Id": "b98adf47-2aad-461c-8881-bf08be36261d",
      "Relationships": [
        {
          "Type": "CHILD",
          "Ids": [
            "adb2ab90-4d7b-40bb-943b-948cb8569cd5",
            "c08e06be-a6fd-4ab4-b84a-f17a089782e5",
            "1cf6c03e-727d-4fe9-9cee-626a70a91e52",
            "7b46e07d-5f1c-4490-8677-056337958d6b",
            "f38aa4ee-8398-446e-a8c5-ecac962e073a",
            "443cadaa-bbe4-4fe8-824a-c55c69343f6e",
            "2db45e32-f435-48bd-92d9-3b2c35bdf2dc",
            "bc2575e9-b552-4e67-8ddf-2c41d1795d6c",
            "50758efd-7e45-40f9-9ccf-8f666141d580",
            "5be6ed62-038f-40b7-9196-25650201d004",
            "92dcbbad-c2ab-45e4-97d8-75acdef21b66",
            "4959c603-b217-44c1-8c69-e62da718c034",
            "9cbff4b4-7ffa-45e0-ac6e-b9b10ad45ef4",
            "fd4055ca-1e60-4f2b-b36a-119e6a115a44",
            "3956041b-a684-42c4-b9ef-9c3ee2f6f11b",
            "e3a330ad-496b-4155-b376-b9d7796ca24f",
            "8130d0b0-8dd9-4290-bd25-0768f8caa68a",
            "06146da3-a35f-420b-a380-21bc69e43fac",
            "f991660c-5a02-47fb-9c0b-b35a39dcaf40",
            "b35f1074-0bd2-4be3-9a9d-29c8f58d444d"
          ]
        },
        {
          "Type": "MERGED_CELL",
          "Ids": [
            "b1461f72-fb89-4939-aa5b-e5e1c68a9ef2",
            "25bd258c-7fb1-471f-87ea-8c1dfa372f96",
            "c5f6236a-c5eb-4f92-880d-cd5179e691e7",
            "6c527454-053b-43c5-8412-f2f1a5036a88"
          ]
        },
        {
          "Type": "TABLE_TITLE",
          "Ids": [
            "036c9bfb-aad1-4658-8241-a22c3cbcbe08"
          ]
        }
      ],
      "EntityTypes": [
        "STRUCTURED_TABLE"
      ],
      "Page": 1
    },
    {
      "BlockType": "CELL",
      "Confidence": 40.4296875,
      "RowIndex": 1,
      "ColumnIndex": 1,
      "RowSpan": 1,
      "ColumnSpan": 1,
      "Geometry": {
        "BoundingBox": {
          "Width": 0.3432796001434326,
          "Height": 0.09908941388130188,
          "Left": 0.023915797472000122,
          "Top": 0.18929725885391235
        },
        "Polygon": [
          {
            "X": 0.024089070037007332,
            "Y": 0.18929725885391235
          },
          {
            "X": 0.36719539761543274,
            "Y": 0.1905660331249237
          },
          {
            "X": 0.36705631017684937,
            "Y": 0.28838667273521423
          },
          {
            "X": 0.023915797472000122,
            "Y": 0.28711557388305664
          }
        ]
      },
      "Id": "adb2ab90-4d7b-40bb-943b-948cb8569cd5",
      "Relationships": [
        {
          "Type": "CHILD",
          "Ids": [
            "0a6d88eb-198e-4dd7-abc2-4853bd2b11c8",
            "6ef5d0f6-5940-4619-ba36-15cc2fd1255c"
          ]
        }
      ],
      "EntityTypes": [
        "COLUMN_HEADER"
      ],
      "Page": 1
    },
    {
      "BlockType": "CELL",
      "Confidence": 41.7236328125,
      "RowIndex": 1,
      "ColumnIndex": 2,
      "RowSpan": 1,
      "ColumnSpan": 1,
      "Geometry": {
        "BoundingBox": {
          "Width": 0.6053110957145691,
          "Height": 0.10006263852119446,
          "Left": 0.36705631017684937,
          "Top": 0.1905660331249237
        },
        "Polygon": [
          {
            "X": 0.36719539761543274,
            "Y": 0.1905660331249237
          },
          {
            "X": 0.9723674058914185,
            "Y": 0.19280388951301575
          },
          {
            "X": 0.9722886085510254,
            "Y": 0.29062867164611816
          },
          {
            "X": 0.36705631017684937,
            "Y": 0.28838667273521423
          }
        ]
      },
      "Id": "c08e06be-a6fd-4ab4-b84a-f17a089782e5",
      "Relationships": [
        {
          "Type": "CHILD",
          "Ids": [
            "a27a752e-c38c-4def-8f4c-e65ec2be9a0f",
            "7ad2f124-5e02-4db1-9a9f-2e3fa15c85c5",
            "d32264f2-a057-45cd-af47-0a70a221ce47",
            "97101225-d9cf-4d5f-9ff8-335104e85705"
          ]
        }
      ],
      "EntityTypes": [
        "COLUMN_HEADER"
      ],
      "Page": 1
    },
    {
      "BlockType": "CELL",
      "Confidence": 53.3203125,
      "RowIndex": 2,
      "ColumnIndex": 1,
      "RowSpan": 1,
      "ColumnSpan": 1,
      "Geometry": {
        "BoundingBox": {
          "Width": 0.3433634042739868,
          "Height": 0.08852023631334305,
          "Left": 0.02369290590286255,
          "Top": 0.28711530566215515
        },
        "Polygon": [
          {
            "X": 0.023847458884119987,
            "Y": 0.28711530566215515
          },
          {
            "X": 0.36705631017684937,
            "Y": 0.28838667273521423
          },
          {
            "X": 0.3669322431087494,
            "Y": 0.3756355345249176
          },
          {
            "X": 0.02369290590286255,
            "Y": 0.3743620812892914
          }
        ]
      },
      "Id": "1cf6c03e-727d-4fe9-9cee-626a70a91e52",
      "Relationships": [
        {
          "Type": "CHILD",
          "Ids": [
            "ccbc0ffa-b13b-48fd-b4c8-a887e7e0c22a"
          ]
        }
      ],
      "Page": 1
    },
    {
      "BlockType": "CELL",
      "Confidence": 89.501953125,
      "RowIndex": 2,
      "ColumnIndex": 2,
      "RowSpan": 1,
      "ColumnSpan": 1,
      "Geometry": {
        "BoundingBox": {
          "Width": 0.6053563356399536,
          "Height": 0.08949455618858337,
          "Left": 0.3669322431087494,
          "Top": 0.28838667273521423
        },
        "Polygon": [
          {
            "X": 0.36705631017684937,
            "Y": 0.28838667273521423
          },
          {
            "X": 0.9722886085510254,
            "Y": 0.29062867164611816
          },
          {
            "X": 0.9722183346748352,
            "Y": 0.3778812289237976
          },
          {
            "X": 0.3669322431087494,
            "Y": 0.3756355345249176
          }
        ]
      },
      "Id": "7b46e07d-5f1c-4490-8677-056337958d6b",
      "Relationships": [
        {
          "Type": "CHILD",
          "Ids": [
            "1caaa29a-328b-489f-b3f8-b7d8bbe487fd",
            "cc95421b-9951-495b-abec-bcd896ad9e26"
          ]
        }
      ],
      "Page": 1
    },
    {
      "BlockType": "CELL",
      "Confidence": 53.3203125,
      "RowIndex": 3,
      "ColumnIndex": 1,
      "RowSpan": 1,
      "ColumnSpan": 1,
      "Geometry": {
        "BoundingBox": {
          "Width": 0.343363881111145,
          "Height": 0.0715685561299324,
          "Left": 0.02356838434934616,
          "Top": 0.3743620812892914
        },
        "Polygon": [
          {
            "X": 0.02369290590286255,
            "Y": 0.3743620812892914
          },
          {
            "X": 0.3669322431087494,
            "Y": 0.3756355345249176
          },
          {
            "X": 0.36683231592178345,
            "Y": 0.4459306299686432
          },
          {
            "X": 0.02356838434934616,
            "Y": 0.44465547800064087
          }
        ]
      },
      "Id": "f38aa4ee-8398-446e-a8c5-ecac962e073a",
      "Page": 1
    },
    {
      "BlockType": "CELL",
      "Confidence": 74.365234375,
      "RowIndex": 3,
      "ColumnIndex": 2,
      "RowSpan": 1,
      "ColumnSpan": 1,
      "Geometry": {
        "BoundingBox": {
          "Width": 0.6053860187530518,
          "Height": 0.07254375517368317,
          "Left": 0.36683231592178345,
          "Top": 0.3756355345249176
        },
        "Polygon": [
          {
            "X": 0.3669322431087494,
            "Y": 0.3756355345249176
          },
          {
            "X": 0.9722183346748352,
            "Y": 0.3778812289237976
          },
          {
            "X": 0.9721617698669434,
            "Y": 0.44817930459976196
          },
          {
            "X": 0.36683231592178345,
            "Y": 0.4459306299686432
          }
        ]
      },
      "Id": "443cadaa-bbe4-4fe8-824a-c55c69343f6e",
      "Relationships": [
        {
          "Type": "CHILD",
          "Ids": [
            "0b4e8f13-aae5-4768-b481-40d5826d31eb",
            "e40f314d-43e5-4c9f-b6e9-eb99c7edfa4d"
          ]
        }
      ],
      "Page": 1
    },
    {
      "BlockType": "CELL",
      "Confidence": 47.0703125,
      "RowIndex": 4,
      "ColumnIndex": 1,
      "RowSpan": 1,
      "ColumnSpan": 1,
      "Geometry": {
        "BoundingBox": {
          "Width": 0.34340134263038635,
          "Height": 0.07885383069515228,
          "Left": 0.0234309621155262,
          "Top": 0.44465547800064087
        },
        "Polygon": [
          {
            "X": 0.02356838434934616,
            "Y": 0.44465547800064087
          },
          {
            "X": 0.36683231592178345,
            "Y": 0.4459306299686432
          },
          {
            "X": 0.3667220175266266,
            "Y": 0.5235093235969543
          },
          {
            "X": 0.0234309621155262,
            "Y": 0.5222322940826416
          }
        ]
      },
      "Id": "2db45e32-f435-48bd-92d9-3b2c35bdf2dc",
      "Relationships": [
        {
          "Type": "CHILD",
          "Ids": [
            "ba1cc27b-bda1-4ed0-8bc3-39103414725b",
            "37e741cf-1d27-46d0-bd17-2a8010f3ee0a"
          ]
        }
      ],
      "Page": 1
    },
    {
      "BlockType": "CELL",
      "Confidence": 90.234375,
      "RowIndex": 4,
      "ColumnIndex": 2,
      "RowSpan": 1,
      "ColumnSpan": 1,
      "Geometry": {
        "BoundingBox": {
          "Width": 0.6054397225379944,
          "Height": 0.07983063161373138,
          "Left": 0.3667220175266266,
          "Top": 0.4459306299686432
        },
        "Polygon": [
          {
            "X": 0.36683231592178345,
            "Y": 0.4459306299686432
          },
          {
            "X": 0.9721617698669434,
            "Y": 0.44817930459976196
          },
          {
            "X": 0.9720993041992188,
            "Y": 0.5257612466812134
          },
          {
            "X": 0.3667220175266266,
            "Y": 0.5235093235969543
          }
        ]
      },
      "Id": "bc2575e9-b552-4e67-8ddf-2c41d1795d6c",
      "Relationships": [
        {
          "Type": "CHILD",
          "Ids": [
            "7c7317fa-3c19-4c5e-912d-2223a45b19fe"
          ]
        }
      ],
      "Page": 1
    },
    {
      "BlockType": "CELL",
      "Confidence": 47.0703125,
      "RowIndex": 5,
      "ColumnIndex": 1,
      "RowSpan": 1,
      "ColumnSpan": 1,
      "Geometry": {
        "BoundingBox": {
          "Width": 0.3434242010116577,
          "Height": 0.07644305378198624,
          "Left": 0.023297812789678574,
          "Top": 0.5222322940826416
        },
        "Polygon": [
          {
            "X": 0.0234309621155262,
            "Y": 0.5222322940826416
          },
          {
            "X": 0.3667220175266266,
            "Y": 0.5235093235969543
          },
          {
            "X": 0.3666151463985443,
            "Y": 0.5986753702163696
          },
          {
            "X": 0.023297812789678574,
            "Y": 0.5973965525627136
          }
        ]
      },
      "Id": "50758efd-7e45-40f9-9ccf-8f666141d580",
      "Page": 1
    },
    {
      "BlockType": "CELL",
      "Confidence": 74.8046875,
      "RowIndex": 5,
      "ColumnIndex": 2,
      "RowSpan": 1,
      "ColumnSpan": 1,
      "Geometry": {
        "BoundingBox": {
          "Width": 0.605484127998352,
          "Height": 0.07742118090391159,
          "Left": 0.3666151463985443,
          "Top": 0.5235093235969543
        },
        "Polygon": [
          {
            "X": 0.3667220175266266,
            "Y": 0.5235093235969543
          },
          {
            "X": 0.9720993041992188,
            "Y": 0.5257612466812134
          },
          {
            "X": 0.972038745880127,
            "Y": 0.6009305119514465
          },
          {
            "X": 0.3666151463985443,
            "Y": 0.5986753702163696
          }
        ]
      },
      "Id": "5be6ed62-038f-40b7-9196-25650201d004",
      "Relationships": [
        {
          "Type": "CHILD",
          "Ids": [
            "997e0428-092d-4aac-a9b6-abbeb4b56e21",
            "5c3360a8-b8ac-42b3-8852-68e98538a5e5"
          ]
        }
      ],
      "Page": 1
    },
    {
      "BlockType": "CELL",
      "Confidence": 51.66015625,
      "RowIndex": 6,
      "ColumnIndex": 1,
      "RowSpan": 1,
      "ColumnSpan": 1,
      "Geometry": {
        "BoundingBox": {
          "Width": 0.343441903591156,
          "Height": 0.0716058611869812,
          "Left": 0.02317323535680771,
          "Top": 0.5973965525627136
        },
        "Polygon": [
          {
            "X": 0.023297812789678574,
            "Y": 0.5973965525627136
          },
          {
            "X": 0.3666151463985443,
            "Y": 0.5986753702163696
          },
          {
            "X": 0.3665151596069336,
            "Y": 0.6690024137496948
          },
          {
            "X": 0.02317323535680771,
            "Y": 0.6677219271659851
          }
        ]
      },
      "Id": "92dcbbad-c2ab-45e4-97d8-75acdef21b66",
      "Relationships": [
        {
          "Type": "CHILD",
          "Ids": [
            "945e6291-82f6-4c61-aa39-bad6037b7985"
          ]
        }
      ],
      "Page": 1
    },
    {
      "BlockType": "CELL",
      "Confidence": 82.275390625,
      "RowIndex": 6,
      "ColumnIndex": 2,
      "RowSpan": 1,
      "ColumnSpan": 1,
      "Geometry": {
        "BoundingBox": {
          "Width": 0.6055235862731934,
          "Height": 0.07258515805006027,
          "Left": 0.3665151596069336,
          "Top": 0.5986753702163696
        },
        "Polygon": [
          {
            "X": 0.3666151463985443,
            "Y": 0.5986753702163696
          },
          {
            "X": 0.972038745880127,
            "Y": 0.6009305119514465
          },
          {
            "X": 0.9719821214675903,
            "Y": 0.6712605357170105
          },
          {
            "X": 0.3665151596069336,
            "Y": 0.6690024137496948
          }
        ]
      },
      "Id": "4959c603-b217-44c1-8c69-e62da718c034",
      "Relationships": [
        {
          "Type": "CHILD",
          "Ids": [
            "84bfed6e-30fe-470c-bf4c-7d13786a08dc",
            "83ed879b-71b9-4c53-aa82-2ce68192f7ce"
          ]
        }
      ],
      "Page": 1
    },
    {
      "BlockType": "CELL",
      "Confidence": 51.66015625,
      "RowIndex": 7,
      "ColumnIndex": 1,
      "RowSpan": 1,
      "ColumnSpan": 1,
      "Geometry": {
        "BoundingBox": {
          "Width": 0.34347081184387207,
          "Height": 0.07404322177171707,
          "Left": 0.023044344037771225,
          "Top": 0.6677219271659851
        },
        "Polygon": [
          {
            "X": 0.02317323535680771,
            "Y": 0.6677219271659851
          },
          {
            "X": 0.3665151596069336,
            "Y": 0.6690024137496948
          },
          {
            "X": 0.3664116859436035,
            "Y": 0.7417651414871216
          },
          {
            "X": 0.023044344037771225,
            "Y": 0.7404828667640686
          }
        ]
      },
      "Id": "9cbff4b4-7ffa-45e0-ac6e-b9b10ad45ef4",
      "Page": 1
    },
    {
      "BlockType": "CELL",
      "Confidence": 76.5625,
      "RowIndex": 7,
      "ColumnIndex": 2,
      "RowSpan": 1,
      "ColumnSpan": 1,
      "Geometry": {
        "BoundingBox": {
          "Width": 0.6055704355239868,
          "Height": 0.07502391189336777,
          "Left": 0.3664116859436035,
          "Top": 0.6690024137496948
        },
        "Polygon": [
          {
            "X": 0.3665151596069336,
            "Y": 0.6690024137496948
          },
          {
            "X": 0.9719821214675903,
            "Y": 0.6712605357170105
          },
          {
            "X": 0.9719235301017761,
            "Y": 0.7440263032913208
          },
          {
            "X": 0.3664116859436035,
            "Y": 0.7417651414871216
          }
        ]
      },
      "Id": "fd4055ca-1e60-4f2b-b36a-119e6a115a44",
      "Relationships": [
        {
          "Type": "CHILD",
          "Ids": [
            "c7419d5a-cfc4-4559-87bf-b8f3dd9518a7"
          ]
        }
      ],
      "Page": 1
    },
    {
      "BlockType": "CELL",
      "Confidence": 44.6533203125,
      "RowIndex": 8,
      "ColumnIndex": 1,
      "RowSpan": 1,
      "ColumnSpan": 1,
      "Geometry": {
        "BoundingBox": {
          "Width": 0.34350913763046265,
          "Height": 0.0813336968421936,
          "Left": 0.022902540862560272,
          "Top": 0.7404828667640686
        },
        "Polygon": [
          {
            "X": 0.023044344037771225,
            "Y": 0.7404828667640686
          },
          {
            "X": 0.3664116859436035,
            "Y": 0.7417651414871216
          },
          {
            "X": 0.3662978708744049,
            "Y": 0.8218165636062622
          },
          {
            "X": 0.022902540862560272,
            "Y": 0.8205323815345764
          }
        ]
      },
      "Id": "3956041b-a684-42c4-b9ef-9c3ee2f6f11b",
      "Relationships": [
        {
          "Type": "CHILD",
          "Ids": [
            "09f8c6d5-db59-49d0-a28a-f46cde056626",
            "ea0fbea6-e8f9-4149-b616-a7f31426fad5"
          ]
        }
      ],
      "Page": 1
    },
    {
      "BlockType": "CELL",
      "Confidence": 80.322265625,
      "RowIndex": 8,
      "ColumnIndex": 2,
      "RowSpan": 1,
      "ColumnSpan": 1,
      "Geometry": {
        "BoundingBox": {
          "Width": 0.6056256294250488,
          "Height": 0.08231602609157562,
          "Left": 0.3662978708744049,
          "Top": 0.7417651414871216
        },
        "Polygon": [
          {
            "X": 0.3664116859436035,
            "Y": 0.7417651414871216
          },
          {
            "X": 0.9719235301017761,
            "Y": 0.7440263032913208
          },
          {
            "X": 0.9718590974807739,
            "Y": 0.8240811228752136
          },
          {
            "X": 0.3662978708744049,
            "Y": 0.8218165636062622
          }
        ]
      },
      "Id": "e3a330ad-496b-4155-b376-b9d7796ca24f",
      "Relationships": [
        {
          "Type": "CHILD",
          "Ids": [
            "b7a0a5ff-b2df-4177-97b2-3d7784834f2b"
          ]
        }
      ],
      "Page": 1
    },
    {
      "BlockType": "CELL",
      "Confidence": 44.6533203125,
      "RowIndex": 9,
      "ColumnIndex": 1,
      "RowSpan": 1,
      "ColumnSpan": 1,
      "Geometry": {
        "BoundingBox": {
          "Width": 0.3435242772102356,
          "Height": 0.074069544672966,
          "Left": 0.022773608565330505,
          "Top": 0.8205323815345764
        },
        "Polygon": [
          {
            "X": 0.022902540862560272,
            "Y": 0.8205323815345764
          },
          {
            "X": 0.3662978708744049,
            "Y": 0.8218165636062622
          },
          {
            "X": 0.36619439721107483,
            "Y": 0.8946019411087036
          },
          {
            "X": 0.022773608565330505,
            "Y": 0.8933159708976746
          }
        ]
      },
      "Id": "8130d0b0-8dd9-4290-bd25-0768f8caa68a",
      "Page": 1
    },
    {
      "BlockType": "CELL",
      "Confidence": 74.31640625,
      "RowIndex": 9,
      "ColumnIndex": 2,
      "RowSpan": 1,
      "ColumnSpan": 1,
      "Geometry": {
        "BoundingBox": {
          "Width": 0.6056646704673767,
          "Height": 0.07505303621292114,
          "Left": 0.36619439721107483,
          "Top": 0.8218165636062622
        },
        "Polygon": [
          {
            "X": 0.3662978708744049,
            "Y": 0.8218165636062622
          },
          {
            "X": 0.9718590974807739,
            "Y": 0.8240811228752136
          },
          {
            "X": 0.9718004465103149,
            "Y": 0.8968695998191833
          },
          {
            "X": 0.36619439721107483,
            "Y": 0.8946019411087036
          }
        ]
      },
      "Id": "06146da3-a35f-420b-a380-21bc69e43fac",
      "Relationships": [
        {
          "Type": "CHILD",
          "Ids": [
            "ad1e65c3-65a1-4296-905a-f5253add38d0",
            "3997e5b7-7bbd-4a5d-9110-591d351ef89a",
            "d5c282f7-eada-4a6a-913a-776128157b4d",
            "83c3d2b5-563e-4ebd-b663-80f7adeb4500"
          ]
        }
      ],
      "Page": 1
    },
    {
      "BlockType": "CELL",
      "Confidence": 44.6533203125,
      "RowIndex": 10,
      "ColumnIndex": 1,
      "RowSpan": 1,
      "ColumnSpan": 1,
      "Geometry": {
        "BoundingBox": {
          "Width": 0.34355834126472473,
          "Height": 0.07893554121255875,
          "Left": 0.022636059671640396,
          "Top": 0.8933159708976746
        },
        "Polygon": [
          {
            "X": 0.022773608565330505,
            "Y": 0.8933159708976746
          },
          {
            "X": 0.36619439721107483,
            "Y": 0.8946019411087036
          },
          {
            "X": 0.3660839796066284,
            "Y": 0.9722515344619751
          },
          {
            "X": 0.022636059671640396,
            "Y": 0.970963716506958
          }
        ]
      },
      "Id": "f991660c-5a02-47fb-9c0b-b35a39dcaf40",
      "Page": 1
    },
    {
      "BlockType": "CELL",
      "Confidence": 75.87890625,
      "RowIndex": 10,
      "ColumnIndex": 2,
      "RowSpan": 1,
      "ColumnSpan": 1,
      "Geometry": {
        "BoundingBox": {
          "Width": 0.6057172417640686,
          "Height": 0.08048062771558762,
          "Left": 0.36608320474624634,
          "Top": 0.8946019411087036
        },
        "Polygon": [
          {
            "X": 0.36619439721107483,
            "Y": 0.8946019411087036
          },
          {
            "X": 0.9718004465103149,
            "Y": 0.8968695998191833
          },
          {
            "X": 0.9717375040054321,
            "Y": 0.9750825762748718
          },
          {
            "X": 0.36608320474624634,
            "Y": 0.9728115797042847
          }
        ]
      },
      "Id": "b35f1074-0bd2-4be3-9a9d-29c8f58d444d",
      "Relationships": [
        {
          "Type": "CHILD",
          "Ids": [
            "476e43bf-4dfd-4c25-bc32-4be04c499684",
            "63de6209-7994-42fc-ba22-e3069ad7c1f0",
            "c0d14bf7-21a7-4884-8ec7-758f60f7211c"
          ]
        }
      ],
      "Page": 1
    },
    {
      "BlockType": "MERGED_CELL",
      "Confidence": 53.3203125,
      "RowIndex": 2,
      "ColumnIndex": 1,
      "RowSpan": 2,
      "ColumnSpan": 1,
      "Geometry": {
        "BoundingBox": {
          "Width": 0.3434195816516876,
          "Height": 0.15881508588790894,
          "Left": 0.02363673597574234,
          "Top": 0.28711557388305664
        },
        "Polygon": [
          {
            "X": 0.023915797472000122,
            "Y": 0.28711557388305664
          },
          {
            "X": 0.36705631017684937,
            "Y": 0.28838667273521423
          },
          {
            "X": 0.36683231592178345,
            "Y": 0.4459306299686432
          },
          {
            "X": 0.02363673597574234,
            "Y": 0.44465574622154236
          }
        ]
      },
      "Id": "b1461f72-fb89-4939-aa5b-e5e1c68a9ef2",
      "Relationships": [
        {
          "Type": "CHILD",
          "Ids": [
            "1cf6c03e-727d-4fe9-9cee-626a70a91e52",
            "f38aa4ee-8398-446e-a8c5-ecac962e073a"
          ]
        }
      ],
      "Page": 1
    },
    {
      "BlockType": "MERGED_CELL",
      "Confidence": 47.0703125,
      "RowIndex": 4,
      "ColumnIndex": 1,
      "RowSpan": 2,
      "ColumnSpan": 1,
      "Geometry": {
        "BoundingBox": {
          "Width": 0.3434661328792572,
          "Height": 0.15401962399482727,
          "Left": 0.0233661737293005,
          "Top": 0.44465574622154236
        },
        "Polygon": [
          {
            "X": 0.02363673597574234,
            "Y": 0.44465574622154236
          },
          {
            "X": 0.36683231592178345,
            "Y": 0.4459306299686432
          },
          {
            "X": 0.3666151463985443,
            "Y": 0.5986753702163696
          },
          {
            "X": 0.0233661737293005,
            "Y": 0.5973967909812927
          }
        ]
      },
      "Id": "25bd258c-7fb1-471f-87ea-8c1dfa372f96",
      "Relationships": [
        {
          "Type": "CHILD",
          "Ids": [
            "2db45e32-f435-48bd-92d9-3b2c35bdf2dc",
            "50758efd-7e45-40f9-9ccf-8f666141d580"
          ]
        }
      ],
      "Page": 1
    },
    {
      "BlockType": "MERGED_CELL",
      "Confidence": 51.66015625,
      "RowIndex": 6,
      "ColumnIndex": 1,
      "RowSpan": 2,
      "ColumnSpan": 1,
      "Geometry": {
        "BoundingBox": {
          "Width": 0.3435024321079254,
          "Height": 0.14436832070350647,
          "Left": 0.023112714290618896,
          "Top": 0.5973967909812927
        },
        "Polygon": [
          {
            "X": 0.0233661737293005,
            "Y": 0.5973967909812927
          },
          {
            "X": 0.3666151463985443,
            "Y": 0.5986753702163696
          },
          {
            "X": 0.3664116859436035,
            "Y": 0.7417651414871216
          },
          {
            "X": 0.023112714290618896,
            "Y": 0.7404831051826477
          }
        ]
      },
      "Id": "c5f6236a-c5eb-4f92-880d-cd5179e691e7",
      "Relationships": [
        {
          "Type": "CHILD",
          "Ids": [
            "92dcbbad-c2ab-45e4-97d8-75acdef21b66",
            "9cbff4b4-7ffa-45e0-ac6e-b9b10ad45ef4"
          ]
        }
      ],
      "Page": 1
    },
    {
      "BlockType": "MERGED_CELL",
      "Confidence": 44.6533203125,
      "RowIndex": 8,
      "ColumnIndex": 1,
      "RowSpan": 3,
      "ColumnSpan": 1,
      "Geometry": {
        "BoundingBox": {
          "Width": 0.34370824694633484,
          "Height": 0.23232844471931458,
          "Left": 0.02270345576107502,
          "Top": 0.7404831051826477
        },
        "Polygon": [
          {
            "X": 0.023112714290618896,
            "Y": 0.7404831051826477
          },
          {
            "X": 0.3664116859436035,
            "Y": 0.7417651414871216
          },
          {
            "X": 0.36608320474624634,
            "Y": 0.9728115797042847
          },
          {
            "X": 0.02270345576107502,
            "Y": 0.9715240001678467
          }
        ]
      },
      "Id": "6c527454-053b-43c5-8412-f2f1a5036a88",
      "Relationships": [
        {
          "Type": "CHILD",
          "Ids": [
            "3956041b-a684-42c4-b9ef-9c3ee2f6f11b",
            "8130d0b0-8dd9-4290-bd25-0768f8caa68a",
            "f991660c-5a02-47fb-9c0b-b35a39dcaf40"
          ]
        }
      ],
      "Page": 1
    },
    {
      "BlockType": "TABLE_TITLE",
      "Confidence": 96.337890625,
      "Geometry": {
        "BoundingBox": {
          "Width": 0.9567101001739502,
          "Height": 0.1984347254037857,
          "Left": 0.027837494388222694,
          "Top": 0
        },
        "Polygon": [
          {
            "X": 0.028186511248350143,
            "Y": 0
          },
          {
            "X": 0.9845475554466248,
            "Y": 0.0009632626897655427
          },
          {
            "X": 0.9843909740447998,
            "Y": 0.1984347254037857
          },
          {
            "X": 0.027837494388222694,
            "Y": 0.19489715993404388
          }
        ]
      },
      "Id": "036c9bfb-aad1-4658-8241-a22c3cbcbe08",
      "Relationships": [
        {
          "Type": "CHILD",
          "Ids": [
            "8a2d6630-834f-41a4-abf9-00183778159b",
            "8beb26a5-0589-4e75-aa97-6e992347416e",
            "f1807f12-82c9-4683-a956-5aebb43a1dcd",
            "d5308cf3-a36d-481e-9e67-565f4ccfdb82",
            "62ab8ee0-9cbf-4ed2-b5ec-d88526992e39",
            "a94d3b04-7e1c-4e8a-9161-6a7f896979d2",
            "2186ac80-17fa-4b45-85f9-207fcd3ba4a2",
            "36983992-3b96-4c1e-b690-cbfc1d77d436",
            "18bcf460-4804-4d6d-a0ca-c6cd9c149c72",
            "0c0c44b1-6af9-4364-bcc3-844a51b7c466",
            "842b8780-0b8a-4f1a-93fb-4b6752f700ff"
          ]
        }
      ],
      "Page": 1
    }
  ],
  "AnalyzeDocumentModelVersion": "1.0"
}