"'This Study","'Reid and Whittlesey (1982)",
"'1-Habitation","'1-Specialized habitation",
"'","'2-Generalized habitation",
"'2-Storage Rooms","'3-Storage",
"'","'4-Storage, manufacturing",
"'3-Ceremonial","'8-Ceremonial Room",
"'","'9-Kiva",
"'4-Other","'5-Manufacturing",
"'","'6-Limited activity, food processing",
"'","'7-Limited activity, manufacturing",
,

'Confidence Scores % (Table Cell)
"'40.42968750","'41.72363281",
"'53.32031250","'89.50195313",
"'53.32031250","'74.36523438",
"'47.07031250","'90.23437500",
"'47.07031250","'74.80468750",
"'51.66015625","'82.27539063",
"'51.66015625","'76.56250000",
"'44.65332031","'80.32226563",
"'44.65332031","'74.31640625",
"'44.65332031","'75.87890625",
