{
  "DocumentMetadata": {
    "Pages": 1
  },
  "JobStatus": "SUCCEEDED",
  "Blocks": [
    {
      "BlockType": "PAGE",
      "Geometry": {
        "BoundingBox": {
          "Width": 0.9892732501029968,
          "Height": 1,
          "Left": 0.006770238745957613,
          "Top": 0
        },
        "Polygon": [
          {
            "X": 0.006867869291454554,
            "Y": 0.000269056559773162
          },
          {
            "X": 0.99593186378479,
            "Y": 0
          },
          {
            "X": 0.9960435032844543,
            "Y": 1
          },
          {
            "X": 0.006770238745957613,
            "Y": 1
          }
        ]
      },
      "Id": "b9c5ae9a-81af-4995-af90-a3b153d365af",
      "Relationships": [
        {
          "Type": "CHILD",
          "Ids": [
            "f83afef9-c436-46f9-8b78-cd9679c5f97b",
            "925b1804-3457-43ab-97d0-959f70f745bc",
            "b0844ba7-5a02-434d-8a17-e7b90571be42",
            "da162c9d-57e4-48f2-b4f9-d9769532181b",
            "3ef6296b-4084-4a33-8673-aaa0ec934132",
            "8a9c7ef1-08cf-4d99-a8e7-08965c058859",
            "c718d862-e62d-4a22-9976-c2d14ab02835",
            "2cd7ac80-8c0d-443d-ab45-fc125ee24e3f",
            "e2332764-8e8c-4b81-83b8-9a3262cbdee8",
            "ea92d2ab-0efe-41de-8ec9-f1583b1f80d2",
            "c041f488-6809-4ebd-a349-94ba0b3df787",
            "88a6b334-edb8-4910-a08f-e57b0a3af8ea",
            "6343daaf-3c9e-4d19-8b72-24f4d6572a17",
            "b32742c6-09df-434b-9df2-d394e2d5de92",
            "83efc6cb-4eb9-4d9f-ba00-7085f55061ef",
            "1aaf3251-3f3b-4bb3-86a7-68a56d2df595",
            "fd10f69d-c098-4bca-862d-4ceb14154012",
            "759aa096-2e67-4b10-b3f8-be0d92f922f5"
          ]
        }
      ],
      "Page": 1
    },
    {
      "BlockType": "LINE",
      "Confidence": 98.66571807861328,
      "Text": "TABLE 2.2.",
      "Geometry": {
        "BoundingBox": {
          "Width": 0.1250288337469101,
          "Height": 0.09012012928724289,
          "Left": 0.44033217430114746,
          "Top": 0.06039078161120415
        },
        "Polygon": [
          {
            "X": 0.44033271074295044,
            "Y": 0.060522451996803284
          },
          {
            "X": 0.5653591752052307,
            "Y": 0.06039078161120415
          },
          {
            "X": 0.5653610229492188,
            "Y": 0.1503860205411911
          },
          {
            "X": 0.44033217430114746,
            "Y": 0.15051090717315674
          }
        ]
      },
      "Id": "f83afef9-c436-46f9-8b78-cd9679c5f97b",
      "Relationships": [
        {
          "Type": "CHILD",
          "Ids": [
            "4ef815f6-e589-486f-a666-96ad4e215535",
            "11f20593-2aae-4591-9998-6f3ed6ee5e1e"
          ]
        }
      ],
      "Page": 1
    },
    {
      "BlockType": "LINE",
      "Confidence": 99.52468872070312,
      "Text": "Kruskal-Wallis Tests for Room Area Grouped by Measurement Type",
      "Geometry": {
        "BoundingBox": {
          "Width": 0.8269286751747131,
          "Height": 0.13008418679237366,
          "Left": 0.090671606361866,
          "Top": 0.2088194638490677
        },
        "Polygon": [
          {
            "X": 0.09068190306425095,
            "Y": 0.2096162736415863
          },
          {
            "X": 0.9175880551338196,
            "Y": 0.2088194638490677
          },
          {
            "X": 0.9176002740859985,
            "Y": 0.33817118406295776
          },
          {
            "X": 0.090671606361866,
            "Y": 0.33890366554260254
          }
        ]
      },
      "Id": "925b1804-3457-43ab-97d0-959f70f745bc",
      "Relationships": [
        {
          "Type": "CHILD",
          "Ids": [
            "b63e0438-a2a2-4fb3-8205-f70fab1ac64a",
            "843b02f4-9709-4b16-a114-ebbdcc26402e",
            "d7562ca2-b642-4077-88b6-4589fc5ecc15",
            "f3e80a70-27e9-412e-af9b-bd877ccf8f11",
            "90f16f9a-3188-4abc-b874-d8c945f36c80",
            "e68147f8-513e-4ddf-8778-a69ed10b5043",
            "d569406a-ba86-4d9e-a943-1f4f5a2afbba",
            "06e3796d-ad4a-4b1b-a70f-a14f375b6090",
            "31113bf2-c548-4aa0-8f3e-0309398d52f3"
          ]
        }
      ],
      "Page": 1
    },
    {
      "BlockType": "LINE",
      "Confidence": 99.16497039794922,
      "Text": "n",
      "Geometry": {
        "BoundingBox": {
          "Width": 0.013956503011286259,
          "Height": 0.056229133158922195,
          "Left": 0.31477347016334534,
          "Top": 0.4183090031147003
        },
        "Polygon": [
          {
            "X": 0.314775288105011,
            "Y": 0.4183207154273987
          },
          {
            "X": 0.3287299573421478,
            "Y": 0.4183090031147003
          },
          {
            "X": 0.3287283182144165,
            "Y": 0.47452694177627563
          },
          {
            "X": 0.31477347016334534,
            "Y": 0.4745381474494934
          }
        ]
      },
      "Id": "b0844ba7-5a02-434d-8a17-e7b90571be42",
      "Relationships": [
        {
          "Type": "CHILD",
          "Ids": [
            "00a7f5f4-f66e-4169-a6b8-9c1e82776fc8"
          ]
        }
      ],
      "Page": 1
    },
    {
      "BlockType": "LINE",
      "Confidence": 98.40628814697266,
      "Text": "Kruskal-Wallis Statistic",
      "Geometry": {
        "BoundingBox": {
          "Width": 0.2571237087249756,
          "Height": 0.08771927654743195,
          "Left": 0.4681266248226166,
          "Top": 0.38444003462791443
        },
        "Polygon": [
          {
            "X": 0.4681266248226166,
            "Y": 0.38466063141822815
          },
          {
            "X": 0.7252455949783325,
            "Y": 0.38444003462791443
          },
          {
            "X": 0.7252503037452698,
            "Y": 0.4719521999359131
          },
          {
            "X": 0.4681266248226166,
            "Y": 0.4721592962741852
          }
        ]
      },
      "Id": "da162c9d-57e4-48f2-b4f9-d9769532181b",
      "Relationships": [
        {
          "Type": "CHILD",
          "Ids": [
            "f4a57c29-5980-4cf9-9263-d345e7f242f2",
            "5dab703e-7a82-4165-b709-992a6f029231"
          ]
        }
      ],
      "Page": 1
    },
    {
      "BlockType": "LINE",
      "Confidence": 99.9197998046875,
      "Text": "Probability",
      "Geometry": {
        "BoundingBox": {
          "Width": 0.1240529790520668,
          "Height": 0.10807503759860992,
          "Left": 0.8487856984138489,
          "Top": 0.3791329860687256
        },
        "Polygon": [
          {
            "X": 0.8487856984138489,
            "Y": 0.3792397677898407
          },
          {
            "X": 0.9728271961212158,
            "Y": 0.3791329860687256
          },
          {
            "X": 0.9728386998176575,
            "Y": 0.4871092438697815
          },
          {
            "X": 0.8487943410873413,
            "Y": 0.4872080087661743
          }
        ]
      },
      "Id": "3ef6296b-4084-4a33-8673-aaa0ec934132",
      "Relationships": [
        {
          "Type": "CHILD",
          "Ids": [
            "134b926b-635c-474f-9dbc-a189239f1df1"
          ]
        }
      ],
      "Page": 1
    },
    {
      "BlockType": "LINE",
      "Confidence": 99.94588470458984,
      "Text": "All rooms",
      "Geometry": {
        "BoundingBox": {
          "Width": 0.10910722613334656,
          "Height": 0.08739394694566727,
          "Left": 0.03822563961148262,
          "Top": 0.5441471934318542
        },
        "Polygon": [
          {
            "X": 0.03823355585336685,
            "Y": 0.5442303419113159
          },
          {
            "X": 0.14733286201953888,
            "Y": 0.5441471934318542
          },
          {
            "X": 0.14732696115970612,
            "Y": 0.6314637064933777
          },
          {
            "X": 0.03822563961148262,
            "Y": 0.6315411329269409
          }
        ]
      },
      "Id": "8a9c7ef1-08cf-4d99-a8e7-08965c058859",
      "Relationships": [
        {
          "Type": "CHILD",
          "Ids": [
            "8b5a6026-6190-4d66-b186-6b3b31725f6b",
            "9fc11eb0-3950-4dc5-a8a4-e45a73be7fe3"
          ]
        }
      ],
      "Page": 1
    },
    {
      "BlockType": "LINE",
      "Confidence": 99.89875793457031,
      "Text": "447",
      "Geometry": {
        "BoundingBox": {
          "Width": 0.04071411117911339,
          "Height": 0.08111973106861115,
          "Left": 0.30180975794792175,
          "Top": 0.5485609173774719
        },
        "Polygon": [
          {
            "X": 0.3018125891685486,
            "Y": 0.5485918521881104
          },
          {
            "X": 0.34252387285232544,
            "Y": 0.5485609173774719
          },
          {
            "X": 0.34252169728279114,
            "Y": 0.6296517252922058
          },
          {
            "X": 0.30180975794792175,
            "Y": 0.6296806335449219
          }
        ]
      },
      "Id": "c718d862-e62d-4a22-9976-c2d14ab02835",
      "Relationships": [
        {
          "Type": "CHILD",
          "Ids": [
            "abc81893-b9c4-4708-bf94-2d2346019b88"
          ]
        }
      ],
      "Page": 1
    },
    {
      "BlockType": "LINE",
      "Confidence": 99.94091033935547,
      "Text": "1.56",
      "Geometry": {
        "BoundingBox": {
          "Width": 0.044547051191329956,
          "Height": 0.08374513685703278,
          "Left": 0.5747618675231934,
          "Top": 0.5418198704719543
        },
        "Polygon": [
          {
            "X": 0.5747618675231934,
            "Y": 0.5418538451194763
          },
          {
            "X": 0.6193062663078308,
            "Y": 0.5418198704719543
          },
          {
            "X": 0.6193089485168457,
            "Y": 0.6255332231521606
          },
          {
            "X": 0.5747637152671814,
            "Y": 0.6255649924278259
          }
        ]
      },
      "Id": "2cd7ac80-8c0d-443d-ab45-fc125ee24e3f",
      "Relationships": [
        {
          "Type": "CHILD",
          "Ids": [
            "08b61f0b-36be-4a8f-a986-1c23a6ee44b2"
          ]
        }
      ],
      "Page": 1
    },
    {
      "BlockType": "LINE",
      "Confidence": 99.9352035522461,
      "Text": "0.46",
      "Geometry": {
        "BoundingBox": {
          "Width": 0.046569064259529114,
          "Height": 0.08120158314704895,
          "Left": 0.887158989906311,
          "Top": 0.5380603075027466
        },
        "Polygon": [
          {
            "X": 0.887158989906311,
            "Y": 0.5380959510803223
          },
          {
            "X": 0.9337201118469238,
            "Y": 0.5380603075027466
          },
          {
            "X": 0.9337280988693237,
            "Y": 0.6192285418510437
          },
          {
            "X": 0.8871662020683289,
            "Y": 0.6192619204521179
          }
        ]
      },
      "Id": "e2332764-8e8c-4b81-83b8-9a3262cbdee8",
      "Relationships": [
        {
          "Type": "CHILD",
          "Ids": [
            "1a46bbf7-8144-48ba-ab21-33671a5a600e"
          ]
        }
      ],
      "Page": 1
    },
    {
      "BlockType": "LINE",
      "Confidence": 99.83258056640625,
      "Text": "Main pueblo",
      "Geometry": {
        "BoundingBox": {
          "Width": 0.14173206686973572,
          "Height": 0.10831372439861298,
          "Left": 0.03884284943342209,
          "Top": 0.6733783483505249
        },
        "Polygon": [
          {
            "X": 0.03885264694690704,
            "Y": 0.6734753251075745
          },
          {
            "X": 0.1805749088525772,
            "Y": 0.6733783483505249
          },
          {
            "X": 0.18056833744049072,
            "Y": 0.7816042900085449
          },
          {
            "X": 0.03884284943342209,
            "Y": 0.7816920280456543
          }
        ]
      },
      "Id": "ea92d2ab-0efe-41de-8ec9-f1583b1f80d2",
      "Relationships": [
        {
          "Type": "CHILD",
          "Ids": [
            "3bed6573-f3ef-4d2b-a415-c13c8a6775ba",
            "b819b07b-8997-495c-a9e2-856c849cc064"
          ]
        }
      ],
      "Page": 1
    },
    {
      "BlockType": "LINE",
      "Confidence": 99.78412628173828,
      "Text": "287",
      "Geometry": {
        "BoundingBox": {
          "Width": 0.039936792105436325,
          "Height": 0.07958561927080154,
          "Left": 0.30314427614212036,
          "Top": 0.6791306734085083
        },
        "Polygon": [
          {
            "X": 0.3031470477581024,
            "Y": 0.6791578531265259
          },
          {
            "X": 0.3430810868740082,
            "Y": 0.6791306734085083
          },
          {
            "X": 0.34307897090911865,
            "Y": 0.7586910128593445
          },
          {
            "X": 0.30314427614212036,
            "Y": 0.7587162852287292
          }
        ]
      },
      "Id": "c041f488-6809-4ebd-a349-94ba0b3df787",
      "Relationships": [
        {
          "Type": "CHILD",
          "Ids": [
            "44c9e186-216f-4fd2-bd20-37988afc2295"
          ]
        }
      ],
      "Page": 1
    },
    {
      "BlockType": "LINE",
      "Confidence": 99.89876556396484,
      "Text": "3.61",
      "Geometry": {
        "BoundingBox": {
          "Width": 0.043861713260412216,
          "Height": 0.08109080046415329,
          "Left": 0.5738656520843506,
          "Top": 0.67335444688797
        },
        "Polygon": [
          {
            "X": 0.5738656520843506,
            "Y": 0.6733844876289368
          },
          {
            "X": 0.6177247762680054,
            "Y": 0.67335444688797
          },
          {
            "X": 0.6177273392677307,
            "Y": 0.754417359828949
          },
          {
            "X": 0.5738674402236938,
            "Y": 0.7544452548027039
          }
        ]
      },
      "Id": "88a6b334-edb8-4910-a08f-e57b0a3af8ea",
      "Relationships": [
        {
          "Type": "CHILD",
          "Ids": [
            "62aaf886-9fc8-4412-a885-560648867085"
          ]
        }
      ],
      "Page": 1
    },
    {
      "BlockType": "LINE",
      "Confidence": 99.79145050048828,
      "Text": "0.16",
      "Geometry": {
        "BoundingBox": {
          "Width": 0.046122897416353226,
          "Height": 0.081847183406353,
          "Left": 0.8879591822624207,
          "Top": 0.6666090488433838
        },
        "Polygon": [
          {
            "X": 0.8879591822624207,
            "Y": 0.6666407585144043
          },
          {
            "X": 0.9340740442276001,
            "Y": 0.6666090488433838
          },
          {
            "X": 0.9340820908546448,
            "Y": 0.7484267950057983
          },
          {
            "X": 0.8879664540290833,
            "Y": 0.7484562397003174
          }
        ]
      },
      "Id": "6343daaf-3c9e-4d19-8b72-24f4d6572a17",
      "Relationships": [
        {
          "Type": "CHILD",
          "Ids": [
            "0804a875-4b42-4e35-b94e-bc755f4f6ed1"
          ]
        }
      ],
      "Page": 1
    },
    {
      "BlockType": "LINE",
      "Confidence": 99.92536926269531,
      "Text": "Outliers",
      "Geometry": {
        "BoundingBox": {
          "Width": 0.09000498801469803,
          "Height": 0.08630707114934921,
          "Left": 0.037869904190301895,
          "Top": 0.8040570020675659
        },
        "Polygon": [
          {
            "X": 0.037877727299928665,
            "Y": 0.8041115403175354
          },
          {
            "X": 0.12787488102912903,
            "Y": 0.8040570020675659
          },
          {
            "X": 0.12786869704723358,
            "Y": 0.8903142809867859
          },
          {
            "X": 0.037869904190301895,
            "Y": 0.8903641104698181
          }
        ]
      },
      "Id": "b32742c6-09df-434b-9df2-d394e2d5de92",
      "Relationships": [
        {
          "Type": "CHILD",
          "Ids": [
            "f2808f23-ba53-4851-8692-271de15e25b6"
          ]
        }
      ],
      "Page": 1
    },
    {
      "BlockType": "LINE",
      "Confidence": 99.96745300292969,
      "Text": "160",
      "Geometry": {
        "BoundingBox": {
          "Width": 0.037314411252737045,
          "Height": 0.07901502400636673,
          "Left": 0.30500712990760803,
          "Top": 0.8085589408874512
        },
        "Polygon": [
          {
            "X": 0.3050098419189453,
            "Y": 0.8085814714431763
          },
          {
            "X": 0.3423215448856354,
            "Y": 0.8085589408874512
          },
          {
            "X": 0.34231942892074585,
            "Y": 0.8875532746315002
          },
          {
            "X": 0.30500712990760803,
            "Y": 0.8875739574432373
          }
        ]
      },
      "Id": "83efc6cb-4eb9-4d9f-ba00-7085f55061ef",
      "Relationships": [
        {
          "Type": "CHILD",
          "Ids": [
            "d56ca693-01af-45cf-b456-6dbc75ca7e26"
          ]
        }
      ],
      "Page": 1
    },
    {
      "BlockType": "LINE",
      "Confidence": 99.96246337890625,
      "Text": "0.30",
      "Geometry": {
        "BoundingBox": {
          "Width": 0.0461280532181263,
          "Height": 0.07895901054143906,
          "Left": 0.5727289319038391,
          "Top": 0.8022732734680176
        },
        "Polygon": [
          {
            "X": 0.5727289319038391,
            "Y": 0.8023012280464172
          },
          {
            "X": 0.6188544631004333,
            "Y": 0.8022732734680176
          },
          {
            "X": 0.6188569664955139,
            "Y": 0.8812064528465271
          },
          {
            "X": 0.5727306604385376,
            "Y": 0.8812322616577148
          }
        ]
      },
      "Id": "1aaf3251-3f3b-4bb3-86a7-68a56d2df595",
      "Relationships": [
        {
          "Type": "CHILD",
          "Ids": [
            "8529a9f9-638a-4780-8044-7522c8b48888"
          ]
        }
      ],
      "Page": 1
    },
    {
      "BlockType": "LINE",
      "Confidence": 99.86336517333984,
      "Text": "0.86",
      "Geometry": {
        "BoundingBox": {
          "Width": 0.04685911536216736,
          "Height": 0.08141010254621506,
          "Left": 0.8871819376945496,
          "Top": 0.796423614025116
        },
        "Polygon": [
          {
            "X": 0.8871819376945496,
            "Y": 0.7964521646499634
          },
          {
            "X": 0.9340330958366394,
            "Y": 0.796423614025116
          },
          {
            "X": 0.9340410828590393,
            "Y": 0.8778074383735657
          },
          {
            "X": 0.8871890902519226,
            "Y": 0.8778337240219116
          }
        ]
      },
      "Id": "fd10f69d-c098-4bca-862d-4ceb14154012",
      "Relationships": [
        {
          "Type": "CHILD",
          "Ids": [
            "b260d1ed-1a63-44c3-b938-01e0a8ed68ee"
          ]
        }
      ],
      "Page": 1
    },
    {
      "BlockType": "WORD",
      "Confidence": 99.62330627441406,
      "Text": "TABLE",
      "TextType": "PRINTED",
      "Geometry": {
        "BoundingBox": {
          "Width": 0.07684759795665741,
          "Height": 0.08989138156175613,
          "Left": 0.44033217430114746,
          "Top": 0.0604415200650692
        },
        "Polygon": [
          {
            "X": 0.44033271074295044,
            "Y": 0.060522451996803284
          },
          {
            "X": 0.5171788334846497,
            "Y": 0.0604415200650692
          },
          {
            "X": 0.5171797871589661,
            "Y": 0.15025612711906433
          },
          {
            "X": 0.44033217430114746,
            "Y": 0.15033289790153503
          }
        ]
      },
      "Id": "4ef815f6-e589-486f-a666-96ad4e215535",
      "Page": 1
    },
    {
      "BlockType": "WORD",
      "Confidence": 97.70814514160156,
      "Text": "2.2.",
      "TextType": "PRINTED",
      "Geometry": {
        "BoundingBox": {
          "Width": 0.039340078830718994,
          "Height": 0.06948643922805786,
          "Left": 0.5260209441184998,
          "Top": 0.08093886822462082
        },
        "Polygon": [
          {
            "X": 0.5260209441184998,
            "Y": 0.08097981661558151
          },
          {
            "X": 0.5653595924377441,
            "Y": 0.08093886822462082
          },
          {
            "X": 0.5653610229492188,
            "Y": 0.1503860205411911
          },
          {
            "X": 0.5260217785835266,
            "Y": 0.15042531490325928
          }
        ]
      },
      "Id": "11f20593-2aae-4591-9998-6f3ed6ee5e1e",
      "Page": 1
    },
    {
      "BlockType": "WORD",
      "Confidence": 96.04488372802734,
      "Text": "Kruskal-Wallis",
      "TextType": "PRINTED",
      "Geometry": {
        "BoundingBox": {
          "Width": 0.17952147126197815,
          "Height": 0.09889472275972366,
          "Left": 0.09067343175411224,
          "Top": 0.21709990501403809
        },
        "Polygon": [
          {
            "X": 0.090681292116642,
            "Y": 0.2172720581293106
          },
          {
            "X": 0.2701948881149292,
            "Y": 0.21709990501403809
          },
          {
            "X": 0.2701907753944397,
            "Y": 0.3158331513404846
          },
          {
            "X": 0.09067343175411224,
            "Y": 0.31599462032318115
          }
        ]
      },
      "Id": "b63e0438-a2a2-4fb3-8205-f70fab1ac64a",
      "Page": 1
    },
    {
      "BlockType": "WORD",
      "Confidence": 99.94573974609375,
      "Text": "Tests",
      "TextType": "PRINTED",
      "Geometry": {
        "BoundingBox": {
          "Width": 0.05882406234741211,
          "Height": 0.09409521520137787,
          "Left": 0.2757240831851959,
          "Top": 0.2198217362165451
        },
        "Polygon": [
          {
            "X": 0.27572789788246155,
            "Y": 0.21987804770469666
          },
          {
            "X": 0.33454814553260803,
            "Y": 0.2198217362165451
          },
          {
            "X": 0.3345454931259155,
            "Y": 0.31386396288871765
          },
          {
            "X": 0.2757240831851959,
            "Y": 0.313916951417923
          }
        ]
      },
      "Id": "843b02f4-9709-4b16-a114-ebbdcc26402e",
      "Page": 1
    },
    {
      "BlockType": "WORD",
      "Confidence": 99.9747543334961,
      "Text": "for",
      "TextType": "PRINTED",
      "Geometry": {
        "BoundingBox": {
          "Width": 0.03516003116965294,
          "Height": 0.10221173614263535,
          "Left": 0.3439175486564636,
          "Top": 0.21092337369918823
        },
        "Polygon": [
          {
            "X": 0.3439202308654785,
            "Y": 0.21095721423625946
          },
          {
            "X": 0.37907758355140686,
            "Y": 0.21092337369918823
          },
          {
            "X": 0.37907567620277405,
            "Y": 0.31310343742370605
          },
          {
            "X": 0.3439175486564636,
            "Y": 0.3131351172924042
          }
        ]
      },
      "Id": "d7562ca2-b642-4077-88b6-4589fc5ecc15",
      "Page": 1
    },
    {
      "BlockType": "WORD",
      "Confidence": 99.9691162109375,
      "Text": "Room",
      "TextType": "PRINTED",
      "Geometry": {
        "BoundingBox": {
          "Width": 0.07403817027807236,
          "Height": 0.09247543662786484,
          "Left": 0.385770708322525,
          "Top": 0.21995146572589874
        },
        "Polygon": [
          {
            "X": 0.38577231764793396,
            "Y": 0.22002233564853668
          },
          {
            "X": 0.459808886051178,
            "Y": 0.21995146572589874
          },
          {
            "X": 0.45980870723724365,
            "Y": 0.31236016750335693
          },
          {
            "X": 0.385770708322525,
            "Y": 0.31242692470550537
          }
        ]
      },
      "Id": "f3e80a70-27e9-412e-af9b-bd877ccf8f11",
      "Page": 1
    },
    {
      "BlockType": "WORD",
      "Confidence": 99.95044708251953,
      "Text": "Area",
      "TextType": "PRINTED",
      "Geometry": {
        "BoundingBox": {
          "Width": 0.05630212277173996,
          "Height": 0.089459128677845,
          "Left": 0.4666241407394409,
          "Top": 0.22083230316638947
        },
        "Polygon": [
          {
            "X": 0.4666242003440857,
            "Y": 0.22088615596294403
          },
          {
            "X": 0.5229252576828003,
            "Y": 0.22083230316638947
          },
          {
            "X": 0.5229262709617615,
            "Y": 0.31024059653282166
          },
          {
            "X": 0.4666241407394409,
            "Y": 0.31029143929481506
          }
        ]
      },
      "Id": "90f16f9a-3188-4abc-b874-d8c945f36c80",
      "Page": 1
    },
    {
      "BlockType": "WORD",
      "Confidence": 99.97247314453125,
      "Text": "Grouped",
      "TextType": "PRINTED",
      "Geometry": {
        "BoundingBox": {
          "Width": 0.10997170209884644,
          "Height": 0.12722495198249817,
          "Left": 0.5299900770187378,
          "Top": 0.21128956973552704
        },
        "Polygon": [
          {
            "X": 0.5299900770187378,
            "Y": 0.21139538288116455
          },
          {
            "X": 0.6399571895599365,
            "Y": 0.21128956973552704
          },
          {
            "X": 0.6399617791175842,
            "Y": 0.338417112827301
          },
          {
            "X": 0.5299917459487915,
            "Y": 0.3385145366191864
          }
        ]
      },
      "Id": "e68147f8-513e-4ddf-8778-a69ed10b5043",
      "Page": 1
    },
    {
      "BlockType": "WORD",
      "Confidence": 99.9900131225586,
      "Text": "by",
      "TextType": "PRINTED",
      "Geometry": {
        "BoundingBox": {
          "Width": 0.030212117359042168,
          "Height": 0.12489188462495804,
          "Left": 0.6474241614341736,
          "Top": 0.21053819358348846
        },
        "Polygon": [
          {
            "X": 0.6474241614341736,
            "Y": 0.21056726574897766
          },
          {
            "X": 0.6776307225227356,
            "Y": 0.21053819358348846
          },
          {
            "X": 0.6776362657546997,
            "Y": 0.3354032635688782
          },
          {
            "X": 0.6474288702011108,
            "Y": 0.3354300856590271
          }
        ]
      },
      "Id": "d569406a-ba86-4d9e-a943-1f4f5a2afbba",
      "Page": 1
    },
    {
      "BlockType": "WORD",
      "Confidence": 99.95111083984375,
      "Text": "Measurement",
      "TextType": "PRINTED",
      "Geometry": {
        "BoundingBox": {
          "Width": 0.16793474555015564,
          "Height": 0.09124505519866943,
          "Left": 0.6838181018829346,
          "Top": 0.21338847279548645
        },
        "Polygon": [
          {
            "X": 0.6838181018829346,
            "Y": 0.21354982256889343
          },
          {
            "X": 0.8517455458641052,
            "Y": 0.21338847279548645
          },
          {
            "X": 0.8517528772354126,
            "Y": 0.3044813573360443
          },
          {
            "X": 0.6838222742080688,
            "Y": 0.3046335279941559
          }
        ]
      },
      "Id": "06e3796d-ad4a-4b1b-a70f-a14f375b6090",
      "Page": 1
    },
    {
      "BlockType": "WORD",
      "Confidence": 99.92366790771484,
      "Text": "Type",
      "TextType": "PRINTED",
      "Geometry": {
        "BoundingBox": {
          "Width": 0.05920028313994408,
          "Height": 0.12401176989078522,
          "Left": 0.858399510383606,
          "Top": 0.2088194638490677
        },
        "Polygon": [
          {
            "X": 0.858399510383606,
            "Y": 0.20887650549411774
          },
          {
            "X": 0.9175880551338196,
            "Y": 0.2088194638490677
          },
          {
            "X": 0.9175997972488403,
            "Y": 0.33277860283851624
          },
          {
            "X": 0.8584097027778625,
            "Y": 0.3328312337398529
          }
        ]
      },
      "Id": "31113bf2-c548-4aa0-8f3e-0309398d52f3",
      "Page": 1
    },
    {
      "BlockType": "WORD",
      "Confidence": 99.16497039794922,
      "Text": "n",
      "TextType": "PRINTED",
      "Geometry": {
        "BoundingBox": {
          "Width": 0.013956503011286259,
          "Height": 0.056229133158922195,
          "Left": 0.31477347016334534,
          "Top": 0.4183090031147003
        },
        "Polygon": [
          {
            "X": 0.314775288105011,
            "Y": 0.4183207154273987
          },
          {
            "X": 0.3287299573421478,
            "Y": 0.4183090031147003
          },
          {
            "X": 0.3287283182144165,
            "Y": 0.47452694177627563
          },
          {
            "X": 0.31477347016334534,
            "Y": 0.4745381474494934
          }
        ]
      },
      "Id": "00a7f5f4-f66e-4169-a6b8-9c1e82776fc8",
      "Page": 1
    },
    {
      "BlockType": "WORD",
      "Confidence": 96.93917846679688,
      "Text": "Kruskal-Wallis",
      "TextType": "PRINTED",
      "Geometry": {
        "BoundingBox": {
          "Width": 0.16139279305934906,
          "Height": 0.08763713389635086,
          "Left": 0.4681266248226166,
          "Top": 0.3845221698284149
        },
        "Polygon": [
          {
            "X": 0.4681266248226166,
            "Y": 0.38466063141822815
          },
          {
            "X": 0.6295164227485657,
            "Y": 0.3845221698284149
          },
          {
            "X": 0.6295194029808044,
            "Y": 0.47202929854393005
          },
          {
            "X": 0.4681266248226166,
            "Y": 0.4721592962741852
          }
        ]
      },
      "Id": "f4a57c29-5980-4cf9-9263-d345e7f242f2",
      "Page": 1
    },
    {
      "BlockType": "WORD",
      "Confidence": 99.8733901977539,
      "Text": "Statistic",
      "TextType": "PRINTED",
      "Geometry": {
        "BoundingBox": {
          "Width": 0.0868067666888237,
          "Height": 0.08186686038970947,
          "Left": 0.6384432911872864,
          "Top": 0.3859213590621948
        },
        "Polygon": [
          {
            "X": 0.6384432911872864,
            "Y": 0.3859957754611969
          },
          {
            "X": 0.7252456545829773,
            "Y": 0.3859213590621948
          },
          {
            "X": 0.7252500653266907,
            "Y": 0.46771809458732605
          },
          {
            "X": 0.6384462714195251,
            "Y": 0.4677882194519043
          }
        ]
      },
      "Id": "5dab703e-7a82-4165-b709-992a6f029231",
      "Page": 1
    },
    {
      "BlockType": "WORD",
      "Confidence": 99.9197998046875,
      "Text": "Probability",
      "TextType": "PRINTED",
      "Geometry": {
        "BoundingBox": {
          "Width": 0.1240529790520668,
          "Height": 0.10807503759860992,
          "Left": 0.8487856984138489,
          "Top": 0.3791329860687256
        },
        "Polygon": [
          {
            "X": 0.8487856984138489,
            "Y": 0.3792397677898407
          },
          {
            "X": 0.9728271961212158,
            "Y": 0.3791329860687256
          },
          {
            "X": 0.9728386998176575,
            "Y": 0.4871092438697815
          },
          {
            "X": 0.8487943410873413,
            "Y": 0.4872080087661743
          }
        ]
      },
      "Id": "134b926b-635c-474f-9dbc-a189239f1df1",
      "Page": 1
    },
    {
      "BlockType": "WORD",
      "Confidence": 99.91271209716797,
      "Text": "All",
      "TextType": "PRINTED",
      "Geometry": {
        "BoundingBox": {
          "Width": 0.03144284710288048,
          "Height": 0.08733475208282471,
          "Left": 0.03822563961148262,
          "Top": 0.5442063808441162
        },
        "Polygon": [
          {
            "X": 0.03823355585336685,
            "Y": 0.5442303419113159
          },
          {
            "X": 0.0696684867143631,
            "Y": 0.5442063808441162
          },
          {
            "X": 0.06966114789247513,
            "Y": 0.6315188407897949
          },
          {
            "X": 0.03822563961148262,
            "Y": 0.6315411329269409
          }
        ]
      },
      "Id": "8b5a6026-6190-4d66-b186-6b3b31725f6b",
      "Page": 1
    },
    {
      "BlockType": "WORD",
      "Confidence": 99.97904968261719,
      "Text": "rooms",
      "TextType": "PRINTED",
      "Geometry": {
        "BoundingBox": {
          "Width": 0.07017309963703156,
          "Height": 0.0634927824139595,
          "Left": 0.07715817540884018,
          "Top": 0.5675861239433289
        },
        "Polygon": [
          {
            "X": 0.07716341316699982,
            "Y": 0.567638635635376
          },
          {
            "X": 0.14733128249645233,
            "Y": 0.5675861239433289
          },
          {
            "X": 0.1473269909620285,
            "Y": 0.6310290694236755
          },
          {
            "X": 0.07715817540884018,
            "Y": 0.6310788989067078
          }
        ]
      },
      "Id": "9fc11eb0-3950-4dc5-a8a4-e45a73be7fe3",
      "Page": 1
    },
    {
      "BlockType": "WORD",
      "Confidence": 99.89875793457031,
      "Text": "447",
      "TextType": "PRINTED",
      "Geometry": {
        "BoundingBox": {
          "Width": 0.04071411117911339,
          "Height": 0.08111973106861115,
          "Left": 0.30180975794792175,
          "Top": 0.5485609173774719
        },
        "Polygon": [
          {
            "X": 0.3018125891685486,
            "Y": 0.5485918521881104
          },
          {
            "X": 0.34252387285232544,
            "Y": 0.5485609173774719
          },
          {
            "X": 0.34252169728279114,
            "Y": 0.6296517252922058
          },
          {
            "X": 0.30180975794792175,
            "Y": 0.6296806335449219
          }
        ]
      },
      "Id": "abc81893-b9c4-4708-bf94-2d2346019b88",
      "Page": 1
    },
    {
      "BlockType": "WORD",
      "Confidence": 99.94091033935547,
      "Text": "1.56",
      "TextType": "PRINTED",
      "Geometry": {
        "BoundingBox": {
          "Width": 0.044547051191329956,
          "Height": 0.08374513685703278,
          "Left": 0.5747618675231934,
          "Top": 0.5418198704719543
        },
        "Polygon": [
          {
            "X": 0.5747618675231934,
            "Y": 0.5418538451194763
          },
          {
            "X": 0.6193062663078308,
            "Y": 0.5418198704719543
          },
          {
            "X": 0.6193089485168457,
            "Y": 0.6255332231521606
          },
          {
            "X": 0.5747637152671814,
            "Y": 0.6255649924278259
          }
        ]
      },
      "Id": "08b61f0b-36be-4a8f-a986-1c23a6ee44b2",
      "Page": 1
    },
    {
      "BlockType": "WORD",
      "Confidence": 99.9352035522461,
      "Text": "0.46",
      "TextType": "PRINTED",
      "Geometry": {
        "BoundingBox": {
          "Width": 0.046569064259529114,
          "Height": 0.08120158314704895,
          "Left": 0.887158989906311,
          "Top": 0.5380603075027466
        },
        "Polygon": [
          {
            "X": 0.887158989906311,
            "Y": 0.5380959510803223
          },
          {
            "X": 0.9337201118469238,
            "Y": 0.5380603075027466
          },
          {
            "X": 0.9337280988693237,
            "Y": 0.6192285418510437
          },
          {
            "X": 0.8871662020683289,
            "Y": 0.6192619204521179
          }
        ]
      },
      "Id": "1a46bbf7-8144-48ba-ab21-33671a5a600e",
      "Page": 1
    },
    {
      "BlockType": "WORD",
      "Confidence": 99.99333953857422,
      "Text": "Main",
      "TextType": "PRINTED",
      "Geometry": {
        "BoundingBox": {
          "Width": 0.057081859558820724,
          "Height": 0.08347264677286148,
          "Left": 0.03884479030966759,
          "Top": 0.6767926812171936
        },
        "Polygon": [
          {
            "X": 0.03885234519839287,
            "Y": 0.6768316626548767
          },
          {
            "X": 0.09592664986848831,
            "Y": 0.6767926812171936
          },
          {
            "X": 0.09592010080814362,
            "Y": 0.7602292895317078
          },
          {
            "X": 0.03884479030966759,
            "Y": 0.7602653503417969
          }
        ]
      },
      "Id": "3bed6573-f3ef-4d2b-a415-c13c8a6775ba",
      "Page": 1
    },
    {
      "BlockType": "WORD",
      "Confidence": 99.67182922363281,
      "Text": "pueblo",
      "TextType": "PRINTED",
      "Geometry": {
        "BoundingBox": {
          "Width": 0.07567216455936432,
          "Height": 0.10827281326055527,
          "Left": 0.10490275174379349,
          "Top": 0.6733783483505249
        },
        "Polygon": [
          {
            "X": 0.10491103678941727,
            "Y": 0.6734300851821899
          },
          {
            "X": 0.1805749088525772,
            "Y": 0.6733783483505249
          },
          {
            "X": 0.18056833744049072,
            "Y": 0.7816042900085449
          },
          {
            "X": 0.10490275174379349,
            "Y": 0.7816511392593384
          }
        ]
      },
      "Id": "b819b07b-8997-495c-a9e2-856c849cc064",
      "Page": 1
    },
    {
      "BlockType": "WORD",
      "Confidence": 99.78412628173828,
      "Text": "287",
      "TextType": "PRINTED",
      "Geometry": {
        "BoundingBox": {
          "Width": 0.039936792105436325,
          "Height": 0.07958561927080154,
          "Left": 0.30314427614212036,
          "Top": 0.6791306734085083
        },
        "Polygon": [
          {
            "X": 0.3031470477581024,
            "Y": 0.6791578531265259
          },
          {
            "X": 0.3430810868740082,
            "Y": 0.6791306734085083
          },
          {
            "X": 0.34307897090911865,
            "Y": 0.7586910128593445
          },
          {
            "X": 0.30314427614212036,
            "Y": 0.7587162852287292
          }
        ]
      },
      "Id": "44c9e186-216f-4fd2-bd20-37988afc2295",
      "Page": 1
    },
    {
      "BlockType": "WORD",
      "Confidence": 99.89876556396484,
      "Text": "3.61",
      "TextType": "PRINTED",
      "Geometry": {
        "BoundingBox": {
          "Width": 0.043861713260412216,
          "Height": 0.08109080046415329,
          "Left": 0.5738656520843506,
          "Top": 0.67335444688797
        },
        "Polygon": [
          {
            "X": 0.5738656520843506,
            "Y": 0.6733844876289368
          },
          {
            "X": 0.6177247762680054,
            "Y": 0.67335444688797
          },
          {
            "X": 0.6177273392677307,
            "Y": 0.754417359828949
          },
          {
            "X": 0.5738674402236938,
            "Y": 0.7544452548027039
          }
        ]
      },
      "Id": "62aaf886-9fc8-4412-a885-560648867085",
      "Page": 1
    },
    {
      "BlockType": "WORD",
      "Confidence": 99.79145050048828,
      "Text": "0.16",
      "TextType": "PRINTED",
      "Geometry": {
        "BoundingBox": {
          "Width": 0.046122897416353226,
          "Height": 0.081847183406353,
          "Left": 0.8879591822624207,
          "Top": 0.6666090488433838
        },
        "Polygon": [
          {
            "X": 0.8879591822624207,
            "Y": 0.6666407585144043
          },
          {
            "X": 0.9340740442276001,
            "Y": 0.6666090488433838
          },
          {
            "X": 0.9340820908546448,
            "Y": 0.7484267950057983
          },
          {
            "X": 0.8879664540290833,
            "Y": 0.7484562397003174
          }
        ]
      },
      "Id": "0804a875-4b42-4e35-b94e-bc755f4f6ed1",
      "Page": 1
    },
    {
      "BlockType": "WORD",
      "Confidence": 99.92536926269531,
      "Text": "Outliers",
      "TextType": "PRINTED",
      "Geometry": {
        "BoundingBox": {
          "Width": 0.09000498801469803,
          "Height": 0.08630707114934921,
          "Left": 0.037869904190301895,
          "Top": 0.8040570020675659
        },
        "Polygon": [
          {
            "X": 0.037877727299928665,
            "Y": 0.8041115403175354
          },
          {
            "X": 0.12787488102912903,
            "Y": 0.8040570020675659
          },
          {
            "X": 0.12786869704723358,
            "Y": 0.8903142809867859
          },
          {
            "X": 0.037869904190301895,
            "Y": 0.8903641104698181
          }
        ]
      },
      "Id": "f2808f23-ba53-4851-8692-271de15e25b6",
      "Page": 1
    },
    {
      "BlockType": "WORD",
      "Confidence": 99.96745300292969,
      "Text": "160",
      "TextType": "PRINTED",
      "Geometry": {
        "BoundingBox": {
          "Width": 0.037314411252737045,
          "Height": 0.07901502400636673,
          "Left": 0.30500712990760803,
          "Top": 0.8085589408874512
        },
        "Polygon": [
          {
            "X": 0.3050098419189453,
            "Y": 0.8085814714431763
          },
          {
            "X": 0.3423215448856354,
            "Y": 0.8085589408874512
          },
          {
            "X": 0.34231942892074585,
            "Y": 0.8875532746315002
          },
          {
            "X": 0.30500712990760803,
            "Y": 0.8875739574432373
          }
        ]
      },
      "Id": "d56ca693-01af-45cf-b456-6dbc75ca7e26",
      "Page": 1
    },
    {
      "BlockType": "WORD",
      "Confidence": 99.96246337890625,
      "Text": "0.30",
      "TextType": "PRINTED",
      "Geometry": {
        "BoundingBox": {
          "Width": 0.0461280532181263,
          "Height": 0.07895901054143906,
          "Left": 0.5727289319038391,
          "Top": 0.8022732734680176
        },
        "Polygon": [
          {
            "X": 0.5727289319038391,
            "Y": 0.8023012280464172
          },
          {
            "X": 0.6188544631004333,
            "Y": 0.8022732734680176
          },
          {
            "X": 0.6188569664955139,
            "Y": 0.8812064528465271
          },
          {
            "X": 0.5727306604385376,
            "Y": 0.8812322616577148
          }
        ]
      },
      "Id": "8529a9f9-638a-4780-8044-7522c8b48888",
      "Page": 1
    },
    {
      "BlockType": "WORD",
      "Confidence": 99.86336517333984,
      "Text": "0.86",
      "TextType": "PRINTED",
      "Geometry": {
        "BoundingBox": {
          "Width": 0.04685911536216736,
          "Height": 0.08141010254621506,
          "Left": 0.8871819376945496,
          "Top": 0.796423614025116
        },
        "Polygon": [
          {
            "X": 0.8871819376945496,
            "Y": 0.7964521646499634
          },
          {
            "X": 0.9340330958366394,
            "Y": 0.796423614025116
          },
          {
            "X": 0.9340410828590393,
            "Y": 0.8778074383735657
          },
          {
            "X": 0.8871890902519226,
            "Y": 0.8778337240219116
          }
        ]
      },
      "Id": "b260d1ed-1a63-44c3-b938-01e0a8ed68ee",
      "Page": 1
    },
    {
      "BlockType": "TABLE",
      "Confidence": 99.8046875,
      "Geometry": {
        "BoundingBox": {
          "Width": 0.9373101592063904,
          "Height": 0.5698592066764832,
          "Left": 0.03570464625954628,
          "Top": 0.3500549793243408
        },
        "Polygon": [
          {
            "X": 0.035756535828113556,
            "Y": 0.35087838768959045
          },
          {
            "X": 0.972954273223877,
            "Y": 0.3500549793243408
          },
          {
            "X": 0.9730148315429688,
            "Y": 0.9194117188453674
          },
          {
            "X": 0.03570464625954628,
            "Y": 0.919914186000824
          }
        ]
      },
      "Id": "759aa096-2e67-4b10-b3f8-be0d92f922f5",
      "Relationships": [
        {
          "Type": "CHILD",
          "Ids": [
            "ce00b2ed-edc0-4791-8c82-b2090a86f09a",
            "885b688a-b35f-4c73-a65b-a7f1f5939b4f",
            "e2884ec8-f717-4816-8a16-52e61c68ba6d",
            "a3218d8d-3d11-468d-9647-be7c116230c7",
            "10bda303-6640-4819-8547-142117324aaf",
            "d33c8e1c-cc63-4cd3-8c69-8251a239b2f3",
            "2f754760-abb6-47a3-8841-12788a2e9e59",
            "99325b3d-97e8-48f9-b02b-bd6bb5536134",
            "8c6c641b-d800-4669-b07f-b43fed008bdb",
            "d137eece-b1fb-4f23-a21f-9d4c7400d93b",
            "34a0ddcd-2181-4145-a546-b8e5d9895c31",
            "207bd149-85d7-4f6b-b57c-143d912bda29",
            "84a4d0ee-06ad-45e4-a6e3-9c6d7510c417",
            "053b8170-a2c8-418b-bf1e-257d518cc240",
            "b128a985-47a3-4f4a-a2e2-7e009bacb0cd",
            "4de8f893-d77d-481d-b5e9-86347a9f75c7"
          ]
        },
        {
          "Type": "TABLE_TITLE",
          "Ids": [
            "ccc82b97-3d76-428a-848b-6f6563dbed57"
          ]
        }
      ],
      "EntityTypes": [
        "STRUCTURED_TABLE"
      ],
      "Page": 1
    },
    {
      "BlockType": "CELL",
      "Confidence": 89.794921875,
      "RowIndex": 1,
      "ColumnIndex": 1,
      "RowSpan": 1,
      "ColumnSpan": 1,
      "Geometry": {
        "BoundingBox": {
          "Width": 0.2030445635318756,
          "Height": 0.1576230525970459,
          "Left": 0.035742178559303284,
          "Top": 0.3507000207901001
        },
        "Polygon": [
          {
            "X": 0.035756535828113556,
            "Y": 0.35087838768959045
          },
          {
            "X": 0.2387867420911789,
            "Y": 0.3507000207901001
          },
          {
            "X": 0.23877912759780884,
            "Y": 0.5081639289855957
          },
          {
            "X": 0.035742178559303284,
            "Y": 0.508323073387146
          }
        ]
      },
      "Id": "ce00b2ed-edc0-4791-8c82-b2090a86f09a",
      "EntityTypes": [
        "COLUMN_HEADER"
      ],
      "Page": 1
    },
    {
      "BlockType": "CELL",
      "Confidence": 86.279296875,
      "RowIndex": 1,
      "ColumnIndex": 2,
      "RowSpan": 1,
      "ColumnSpan": 1,
      "Geometry": {
        "BoundingBox": {
          "Width": 0.1900264322757721,
          "Height": 0.15763086080551147,
          "Left": 0.23877912759780884,
          "Top": 0.35053306818008423
        },
        "Polygon": [
          {
            "X": 0.2387867420911789,
            "Y": 0.3507000207901001
          },
          {
            "X": 0.42880555987358093,
            "Y": 0.35053306818008423
          },
          {
            "X": 0.4288042485713959,
            "Y": 0.508014976978302
          },
          {
            "X": 0.23877912759780884,
            "Y": 0.5081639289855957
          }
        ]
      },
      "Id": "885b688a-b35f-4c73-a65b-a7f1f5939b4f",
      "Relationships": [
        {
          "Type": "CHILD",
          "Ids": [
            "00a7f5f4-f66e-4169-a6b8-9c1e82776fc8"
          ]
        }
      ],
      "EntityTypes": [
        "COLUMN_HEADER"
      ],
      "Page": 1
    },
    {
      "BlockType": "CELL",
      "Confidence": 93.701171875,
      "RowIndex": 1,
      "ColumnIndex": 3,
      "RowSpan": 1,
      "ColumnSpan": 1,
      "Geometry": {
        "BoundingBox": {
          "Width": 0.3465665280818939,
          "Height": 0.15778639912605286,
          "Left": 0.4288042485713959,
          "Top": 0.35022857785224915
        },
        "Polygon": [
          {
            "X": 0.42880555987358093,
            "Y": 0.35053306818008423
          },
          {
            "X": 0.7753605842590332,
            "Y": 0.35022857785224915
          },
          {
            "X": 0.7753707766532898,
            "Y": 0.5077433586120605
          },
          {
            "X": 0.4288042485713959,
            "Y": 0.508014976978302
          }
        ]
      },
      "Id": "e2884ec8-f717-4816-8a16-52e61c68ba6d",
      "Relationships": [
        {
          "Type": "CHILD",
          "Ids": [
            "f4a57c29-5980-4cf9-9263-d345e7f242f2",
            "5dab703e-7a82-4165-b709-992a6f029231"
          ]
        }
      ],
      "EntityTypes": [
        "COLUMN_HEADER"
      ],
      "Page": 1
    },
    {
      "BlockType": "CELL",
      "Confidence": 89.990234375,
      "RowIndex": 1,
      "ColumnIndex": 4,
      "RowSpan": 1,
      "ColumnSpan": 1,
      "Geometry": {
        "BoundingBox": {
          "Width": 0.19761046767234802,
          "Height": 0.15768836438655853,
          "Left": 0.7753605842590332,
          "Top": 0.3500549793243408
        },
        "Polygon": [
          {
            "X": 0.7753605842590332,
            "Y": 0.35022857785224915
          },
          {
            "X": 0.972954273223877,
            "Y": 0.3500549793243408
          },
          {
            "X": 0.9729710221290588,
            "Y": 0.5075884461402893
          },
          {
            "X": 0.7753707766532898,
            "Y": 0.5077433586120605
          }
        ]
      },
      "Id": "a3218d8d-3d11-468d-9647-be7c116230c7",
      "Relationships": [
        {
          "Type": "CHILD",
          "Ids": [
            "134b926b-635c-474f-9dbc-a189239f1df1"
          ]
        }
      ],
      "EntityTypes": [
        "COLUMN_HEADER"
      ],
      "Page": 1
    },
    {
      "BlockType": "CELL",
      "Confidence": 86.279296875,
      "RowIndex": 2,
      "ColumnIndex": 1,
      "RowSpan": 1,
      "ColumnSpan": 1,
      "Geometry": {
        "BoundingBox": {
          "Width": 0.2030496895313263,
          "Height": 0.13990174233913422,
          "Left": 0.035729434341192245,
          "Top": 0.5081639289855957
        },
        "Polygon": [
          {
            "X": 0.035742178559303284,
            "Y": 0.508323073387146
          },
          {
            "X": 0.23877912759780884,
            "Y": 0.5081639289855957
          },
          {
            "X": 0.23877236247062683,
            "Y": 0.6479235887527466
          },
          {
            "X": 0.035729434341192245,
            "Y": 0.6480656862258911
          }
        ]
      },
      "Id": "10bda303-6640-4819-8547-142117324aaf",
      "Relationships": [
        {
          "Type": "CHILD",
          "Ids": [
            "8b5a6026-6190-4d66-b186-6b3b31725f6b",
            "9fc11eb0-3950-4dc5-a8a4-e45a73be7fe3"
          ]
        }
      ],
      "Page": 1
    },
    {
      "BlockType": "CELL",
      "Confidence": 82.91015625,
      "RowIndex": 2,
      "ColumnIndex": 2,
      "RowSpan": 1,
      "ColumnSpan": 1,
      "Geometry": {
        "BoundingBox": {
          "Width": 0.19003187119960785,
          "Height": 0.13990861177444458,
          "Left": 0.23877236247062683,
          "Top": 0.508014976978302
        },
        "Polygon": [
          {
            "X": 0.23877912759780884,
            "Y": 0.5081639289855957
          },
          {
            "X": 0.4288042485713959,
            "Y": 0.508014976978302
          },
          {
            "X": 0.42880305647850037,
            "Y": 0.6477906107902527
          },
          {
            "X": 0.23877236247062683,
            "Y": 0.6479235887527466
          }
        ]
      },
      "Id": "d33c8e1c-cc63-4cd3-8c69-8251a239b2f3",
      "Relationships": [
        {
          "Type": "CHILD",
          "Ids": [
            "abc81893-b9c4-4708-bf94-2d2346019b88"
          ]
        }
      ],
      "Page": 1
    },
    {
      "BlockType": "CELL",
      "Confidence": 90.0390625,
      "RowIndex": 2,
      "ColumnIndex": 3,
      "RowSpan": 1,
      "ColumnSpan": 1,
      "Geometry": {
        "BoundingBox": {
          "Width": 0.3465767204761505,
          "Height": 0.14004729688167572,
          "Left": 0.42880305647850037,
          "Top": 0.5077433586120605
        },
        "Polygon": [
          {
            "X": 0.4288042485713959,
            "Y": 0.508014976978302
          },
          {
            "X": 0.7753707766532898,
            "Y": 0.5077433586120605
          },
          {
            "X": 0.7753797769546509,
            "Y": 0.6475481390953064
          },
          {
            "X": 0.42880305647850037,
            "Y": 0.6477906107902527
          }
        ]
      },
      "Id": "2f754760-abb6-47a3-8841-12788a2e9e59",
      "Relationships": [
        {
          "Type": "CHILD",
          "Ids": [
            "08b61f0b-36be-4a8f-a986-1c23a6ee44b2"
          ]
        }
      ],
      "Page": 1
    },
    {
      "BlockType": "CELL",
      "Confidence": 86.474609375,
      "RowIndex": 2,
      "ColumnIndex": 4,
      "RowSpan": 1,
      "ColumnSpan": 1,
      "Geometry": {
        "BoundingBox": {
          "Width": 0.1976151466369629,
          "Height": 0.1399596780538559,
          "Left": 0.7753707766532898,
          "Top": 0.5075884461402893
        },
        "Polygon": [
          {
            "X": 0.7753707766532898,
            "Y": 0.5077433586120605
          },
          {
            "X": 0.9729710221290588,
            "Y": 0.5075884461402893
          },
          {
            "X": 0.9729859232902527,
            "Y": 0.6474098563194275
          },
          {
            "X": 0.7753797769546509,
            "Y": 0.6475481390953064
          }
        ]
      },
      "Id": "99325b3d-97e8-48f9-b02b-bd6bb5536134",
      "Relationships": [
        {
          "Type": "CHILD",
          "Ids": [
            "1a46bbf7-8144-48ba-ab21-33671a5a600e"
          ]
        }
      ],
      "Page": 1
    },
    {
      "BlockType": "CELL",
      "Confidence": 84.130859375,
      "RowIndex": 3,
      "ColumnIndex": 1,
      "RowSpan": 1,
      "ColumnSpan": 1,
      "Geometry": {
        "BoundingBox": {
          "Width": 0.203055277466774,
          "Height": 0.1356578916311264,
          "Left": 0.03571707755327225,
          "Top": 0.6479235887527466
        },
        "Polygon": [
          {
            "X": 0.035729434341192245,
            "Y": 0.6480656862258911
          },
          {
            "X": 0.23877236247062683,
            "Y": 0.6479235887527466
          },
          {
            "X": 0.23876580595970154,
            "Y": 0.7834559679031372
          },
          {
            "X": 0.03571707755327225,
            "Y": 0.7835814952850342
          }
        ]
      },
      "Id": "8c6c641b-d800-4669-b07f-b43fed008bdb",
      "Relationships": [
        {
          "Type": "CHILD",
          "Ids": [
            "3bed6573-f3ef-4d2b-a415-c13c8a6775ba",
            "b819b07b-8997-495c-a9e2-856c849cc064"
          ]
        }
      ],
      "Page": 1
    },
    {
      "BlockType": "CELL",
      "Confidence": 80.859375,
      "RowIndex": 3,
      "ColumnIndex": 2,
      "RowSpan": 1,
      "ColumnSpan": 1,
      "Geometry": {
        "BoundingBox": {
          "Width": 0.19003726541996002,
          "Height": 0.13566535711288452,
          "Left": 0.23876580595970154,
          "Top": 0.6477906107902527
        },
        "Polygon": [
          {
            "X": 0.23877236247062683,
            "Y": 0.6479235887527466
          },
          {
            "X": 0.42880305647850037,
            "Y": 0.6477906107902527
          },
          {
            "X": 0.42880192399024963,
            "Y": 0.7833385467529297
          },
          {
            "X": 0.23876580595970154,
            "Y": 0.7834559679031372
          }
        ]
      },
      "Id": "d137eece-b1fb-4f23-a21f-9d4c7400d93b",
      "Relationships": [
        {
          "Type": "CHILD",
          "Ids": [
            "44c9e186-216f-4fd2-bd20-37988afc2295"
          ]
        }
      ],
      "Page": 1
    },
    {
      "BlockType": "CELL",
      "Confidence": 87.79296875,
      "RowIndex": 3,
      "ColumnIndex": 3,
      "RowSpan": 1,
      "ColumnSpan": 1,
      "Geometry": {
        "BoundingBox": {
          "Width": 0.3465866446495056,
          "Height": 0.1357903778553009,
          "Left": 0.42880192399024963,
          "Top": 0.6475481390953064
        },
        "Polygon": [
          {
            "X": 0.42880305647850037,
            "Y": 0.6477906107902527
          },
          {
            "X": 0.7753797769546509,
            "Y": 0.6475481390953064
          },
          {
            "X": 0.7753885388374329,
            "Y": 0.7831243276596069
          },
          {
            "X": 0.42880192399024963,
            "Y": 0.7833385467529297
          }
        ]
      },
      "Id": "34a0ddcd-2181-4145-a546-b8e5d9895c31",
      "Relationships": [
        {
          "Type": "CHILD",
          "Ids": [
            "62aaf886-9fc8-4412-a885-560648867085"
          ]
        }
      ],
      "Page": 1
    },
    {
      "BlockType": "CELL",
      "Confidence": 84.326171875,
      "RowIndex": 3,
      "ColumnIndex": 4,
      "RowSpan": 1,
      "ColumnSpan": 1,
      "Geometry": {
        "BoundingBox": {
          "Width": 0.19762052595615387,
          "Height": 0.13571442663669586,
          "Left": 0.7753797769546509,
          "Top": 0.6474098563194275
        },
        "Polygon": [
          {
            "X": 0.7753797769546509,
            "Y": 0.6475481390953064
          },
          {
            "X": 0.9729859232902527,
            "Y": 0.6474098563194275
          },
          {
            "X": 0.9730003476142883,
            "Y": 0.7830021381378174
          },
          {
            "X": 0.7753885388374329,
            "Y": 0.7831243276596069
          }
        ]
      },
      "Id": "207bd149-85d7-4f6b-b57c-143d912bda29",
      "Relationships": [
        {
          "Type": "CHILD",
          "Ids": [
            "0804a875-4b42-4e35-b94e-bc755f4f6ed1"
          ]
        }
      ],
      "Page": 1
    },
    {
      "BlockType": "CELL",
      "Confidence": 87.646484375,
      "RowIndex": 4,
      "ColumnIndex": 1,
      "RowSpan": 1,
      "ColumnSpan": 1,
      "Geometry": {
        "BoundingBox": {
          "Width": 0.20306114852428436,
          "Height": 0.13645817339420319,
          "Left": 0.03570464625954628,
          "Top": 0.7834559679031372
        },
        "Polygon": [
          {
            "X": 0.03571707755327225,
            "Y": 0.7835814952850342
          },
          {
            "X": 0.23876580595970154,
            "Y": 0.7834559679031372
          },
          {
            "X": 0.23875920474529266,
            "Y": 0.9198053479194641
          },
          {
            "X": 0.03570464625954628,
            "Y": 0.919914186000824
          }
        ]
      },
      "Id": "84a4d0ee-06ad-45e4-a6e3-9c6d7510c417",
      "Relationships": [
        {
          "Type": "CHILD",
          "Ids": [
            "f2808f23-ba53-4851-8692-271de15e25b6"
          ]
        }
      ],
      "Page": 1
    },
    {
      "BlockType": "CELL",
      "Confidence": 84.228515625,
      "RowIndex": 4,
      "ColumnIndex": 2,
      "RowSpan": 1,
      "ColumnSpan": 1,
      "Geometry": {
        "BoundingBox": {
          "Width": 0.19004273414611816,
          "Height": 0.13646680116653442,
          "Left": 0.23875920474529266,
          "Top": 0.7833385467529297
        },
        "Polygon": [
          {
            "X": 0.23876580595970154,
            "Y": 0.7834559679031372
          },
          {
            "X": 0.42880192399024963,
            "Y": 0.7833385467529297
          },
          {
            "X": 0.4288007915019989,
            "Y": 0.9197034239768982
          },
          {
            "X": 0.23875920474529266,
            "Y": 0.9198053479194641
          }
        ]
      },
      "Id": "053b8170-a2c8-418b-bf1e-257d518cc240",
      "Relationships": [
        {
          "Type": "CHILD",
          "Ids": [
            "d56ca693-01af-45cf-b456-6dbc75ca7e26"
          ]
        }
      ],
      "Page": 1
    },
    {
      "BlockType": "CELL",
      "Confidence": 91.455078125,
      "RowIndex": 4,
      "ColumnIndex": 3,
      "RowSpan": 1,
      "ColumnSpan": 1,
      "Geometry": {
        "BoundingBox": {
          "Width": 0.3465965986251831,
          "Height": 0.13657915592193604,
          "Left": 0.4288007915019989,
          "Top": 0.7831243276596069
        },
        "Polygon": [
          {
            "X": 0.42880192399024963,
            "Y": 0.7833385467529297
          },
          {
            "X": 0.7753885388374329,
            "Y": 0.7831243276596069
          },
          {
            "X": 0.7753973603248596,
            "Y": 0.9195176959037781
          },
          {
            "X": 0.4288007915019989,
            "Y": 0.9197034239768982
          }
        ]
      },
      "Id": "b128a985-47a3-4f4a-a2e2-7e009bacb0cd",
      "Relationships": [
        {
          "Type": "CHILD",
          "Ids": [
            "8529a9f9-638a-4780-8044-7522c8b48888"
          ]
        }
      ],
      "Page": 1
    },
    {
      "BlockType": "CELL",
      "Confidence": 87.841796875,
      "RowIndex": 4,
      "ColumnIndex": 4,
      "RowSpan": 1,
      "ColumnSpan": 1,
      "Geometry": {
        "BoundingBox": {
          "Width": 0.1976262480020523,
          "Height": 0.1365155130624771,
          "Left": 0.7753885388374329,
          "Top": 0.7830021381378174
        },
        "Polygon": [
          {
            "X": 0.7753885388374329,
            "Y": 0.7831243276596069
          },
          {
            "X": 0.9730003476142883,
            "Y": 0.7830021381378174
          },
          {
            "X": 0.9730148315429688,
            "Y": 0.9194117188453674
          },
          {
            "X": 0.7753973603248596,
            "Y": 0.9195176959037781
          }
        ]
      },
      "Id": "4de8f893-d77d-481d-b5e9-86347a9f75c7",
      "Relationships": [
        {
          "Type": "CHILD",
          "Ids": [
            "b260d1ed-1a63-44c3-b938-01e0a8ed68ee"
          ]
        }
      ],
      "Page": 1
    },
    {
      "BlockType": "TABLE_TITLE",
      "Confidence": 97.314453125,
      "Geometry": {
        "BoundingBox": {
          "Width": 0.8277438879013062,
          "Height": 0.1288582682609558,
          "Left": 0.09026876837015152,
          "Top": 0.20699402689933777
        },
        "Polygon": [
          {
            "X": 0.0902789756655693,
            "Y": 0.2077925205230713
          },
          {
            "X": 0.9180005192756653,
            "Y": 0.20699402689933777
          },
          {
            "X": 0.9180126786231995,
            "Y": 0.3351175785064697
          },
          {
            "X": 0.09026876837015152,
            "Y": 0.3358522951602936
          }
        ]
      },
      "Id": "ccc82b97-3d76-428a-848b-6f6563dbed57",
      "Relationships": [
        {
          "Type": "CHILD",
          "Ids": [
            "b63e0438-a2a2-4fb3-8205-f70fab1ac64a",
            "843b02f4-9709-4b16-a114-ebbdcc26402e",
            "d7562ca2-b642-4077-88b6-4589fc5ecc15",
            "f3e80a70-27e9-412e-af9b-bd877ccf8f11",
            "90f16f9a-3188-4abc-b874-d8c945f36c80",
            "e68147f8-513e-4ddf-8778-a69ed10b5043",
            "d569406a-ba86-4d9e-a943-1f4f5a2afbba",
            "06e3796d-ad4a-4b1b-a70f-a14f375b6090",
            "31113bf2-c548-4aa0-8f3e-0309398d52f3"
          ]
        }
      ],
      "Page": 1
    }
  ],
  "AnalyzeDocumentModelVersion": "1.0"
}