{
  "DocumentMetadata": {
    "Pages": 1
  },
  "JobStatus": "SUCCEEDED",
  "Blocks": [
    {
      "BlockType": "PAGE",
      "Geometry": {
        "BoundingBox": {
          "Width": 1,
          "Height": 1,
          "Left": 0,
          "Top": 0
        },
        "Polygon": [
          {
            "X": 0,
            "Y": 4.5480189214686106e-7
          },
          {
            "X": 1,
            "Y": 0
          },
          {
            "X": 1,
            "Y": 1
          },
          {
            "X": 0.0000025045821985258954,
            "Y": 1
          }
        ]
      },
      "Id": "276e5deb-926d-42e5-9abe-176acbf8e57b",
      "Relationships": [
        {
          "Type": "CHILD",
          "Ids": [
            "0ace427a-0965-4717-9c5b-c53deacb405d",
            "8e3950ae-fbdb-480c-abbe-7d5047d49a51",
            "b80ec540-074b-4c1e-bd92-397301b331a6",
            "99ffaa80-0398-4617-9194-6ebe0ade3389",
            "02c62c7e-da26-4967-9bd9-659c8898260e",
            "1733900c-38c7-40c8-9627-d1d9e492135d",
            "2b7f3488-31a9-417b-822c-292bbd3b83fd",
            "6c0644d9-9339-406b-b828-46450b83c51a",
            "518c533e-f459-44dd-bd47-634018320ce4",
            "42ee0636-77a6-4ed8-a4d5-7ea80b4ad0ff",
            "59a0eaa6-b5ce-4d93-b7d9-ad786f32dca3",
            "1b3eb3e9-c9d9-4b77-8620-8d5d9bc54bb4",
            "cde9978b-c7f5-4885-a0e1-b866b7c280a9",
            "c88187e8-a414-40ea-a99f-a87383e8f7c7",
            "0d6a7da9-e93d-4639-a6c0-7dfb7a039736",
            "00358a98-845c-4f74-b2e0-86c88b887c1b",
            "d82ec94a-ef87-4604-8292-28a9a96100d9",
            "5df62d34-1a98-4791-9456-10f460b92c76",
            "2cb0defb-2a25-4b63-9bdf-fd9e989ec13b",
            "cb515359-6ff2-4463-a6b6-d54bc8380357"
          ]
        }
      ],
      "Page": 1
    },
    {
      "BlockType": "LINE",
      "Confidence": 99.55907440185547,
      "Text": "TABLE 3.13.",
      "Geometry": {
        "BoundingBox": {
          "Width": 0.1362229436635971,
          "Height": 0.08479705452919006,
          "Left": 0.4255872070789337,
          "Top": 0.050393614917993546
        },
        "Polygon": [
          {
            "X": 0.4255872070789337,
            "Y": 0.050473012030124664
          },
          {
            "X": 0.561714231967926,
            "Y": 0.050393614917993546
          },
          {
            "X": 0.5618101358413696,
            "Y": 0.13511741161346436
          },
          {
            "X": 0.4256751537322998,
            "Y": 0.1351906657218933
          }
        ]
      },
      "Id": "0ace427a-0965-4717-9c5b-c53deacb405d",
      "Relationships": [
        {
          "Type": "CHILD",
          "Ids": [
            "97bf9f91-bd78-4ed4-8aa1-7b060fb77182",
            "1141d4c5-5ba5-4954-9e12-76af2499698b"
          ]
        }
      ],
      "Page": 1
    },
    {
      "BlockType": "LINE",
      "Confidence": 99.91510009765625,
      "Text": "Distribution of Open and Closed Doorways in Relation to Abandoned",
      "Geometry": {
        "BoundingBox": {
          "Width": 0.8798803687095642,
          "Height": 0.10837966948747635,
          "Left": 0.05478991940617561,
          "Top": 0.16200865805149078
        },
        "Polygon": [
          {
            "X": 0.05478991940617561,
            "Y": 0.1624693125486374
          },
          {
            "X": 0.9345204830169678,
            "Y": 0.16200865805149078
          },
          {
            "X": 0.9346703290939331,
            "Y": 0.26997828483581543
          },
          {
            "X": 0.05487444996833801,
            "Y": 0.27038830518722534
          }
        ]
      },
      "Id": "8e3950ae-fbdb-480c-abbe-7d5047d49a51",
      "Relationships": [
        {
          "Type": "CHILD",
          "Ids": [
            "a6082d86-7872-448e-afab-08bf48e5ea31",
            "d2f1b682-19aa-401f-86b6-9617904cd427",
            "6ef3b0a7-4752-42ae-8c50-1a5074c0d254",
            "f3823a2c-f940-40c7-aceb-494c37c912f9",
            "4764ed26-057a-4562-aebb-f192bc6f7886",
            "e323f6f9-ec02-4d2c-9ce3-c717a3c96310",
            "49d0a06f-98fb-4b5d-a4b4-25c8e88707b0",
            "52bf8500-1fb2-4424-8e1d-9182cf89bf7c",
            "9278e44e-32ba-4052-9ea5-82d95b851d6d",
            "d2a6d7a9-caf9-4e85-a4d9-63c46bab2b29"
          ]
        }
      ],
      "Page": 1
    },
    {
      "BlockType": "LINE",
      "Confidence": 99.42949676513672,
      "Text": "Rooms (Expected Values Shown in Parentheses)",
      "Geometry": {
        "BoundingBox": {
          "Width": 0.5984567403793335,
          "Height": 0.10240356624126434,
          "Left": 0.1951228380203247,
          "Top": 0.29073891043663025
        },
        "Polygon": [
          {
            "X": 0.1951228380203247,
            "Y": 0.29101115465164185
          },
          {
            "X": 0.793447732925415,
            "Y": 0.29073891043663025
          },
          {
            "X": 0.7935795783996582,
            "Y": 0.39290279150009155
          },
          {
            "X": 0.19521267712116241,
            "Y": 0.3931424617767334
          }
        ]
      },
      "Id": "b80ec540-074b-4c1e-bd92-397301b331a6",
      "Relationships": [
        {
          "Type": "CHILD",
          "Ids": [
            "9c4bdffb-c212-4841-9c32-d7e496334a64",
            "4d6017a6-8e82-4801-bac3-ca1f65fd77e9",
            "5a71833d-e21c-41b3-90f4-295dced9ca65",
            "6cb491b0-1ecc-421f-9181-f630c41e7873",
            "07bfab7a-cfed-487b-980b-c9f5386deb7c",
            "eb199217-74ae-4b1f-8bdf-36334577314c"
          ]
        }
      ],
      "Page": 1
    },
    {
      "BlockType": "LINE",
      "Confidence": 99.88778686523438,
      "Text": "Open Door",
      "Geometry": {
        "BoundingBox": {
          "Width": 0.13210119307041168,
          "Height": 0.08696065098047256,
          "Left": 0.35590454936027527,
          "Top": 0.4265074133872986
        },
        "Polygon": [
          {
            "X": 0.35590454936027527,
            "Y": 0.4265579283237457
          },
          {
            "X": 0.48791179060935974,
            "Y": 0.4265074133872986
          },
          {
            "X": 0.48800572752952576,
            "Y": 0.5134236812591553
          },
          {
            "X": 0.35599058866500854,
            "Y": 0.5134680867195129
          }
        ]
      },
      "Id": "99ffaa80-0398-4617-9194-6ebe0ade3389",
      "Relationships": [
        {
          "Type": "CHILD",
          "Ids": [
            "b07b0ab3-a833-4039-aaab-4479c4e217d9",
            "8cad73ac-10f7-49bb-a9b9-09f35764e8b4"
          ]
        }
      ],
      "Page": 1
    },
    {
      "BlockType": "LINE",
      "Confidence": 99.9159927368164,
      "Text": "Blocked Door",
      "Geometry": {
        "BoundingBox": {
          "Width": 0.1592293083667755,
          "Height": 0.06821431964635849,
          "Left": 0.6140856742858887,
          "Top": 0.4234180748462677
        },
        "Polygon": [
          {
            "X": 0.6140856742858887,
            "Y": 0.42347922921180725
          },
          {
            "X": 0.7732279300689697,
            "Y": 0.4234180748462677
          },
          {
            "X": 0.7733149528503418,
            "Y": 0.49157702922821045
          },
          {
            "X": 0.6141652464866638,
            "Y": 0.4916324019432068
          }
        ]
      },
      "Id": "02c62c7e-da26-4967-9bd9-659c8898260e",
      "Relationships": [
        {
          "Type": "CHILD",
          "Ids": [
            "2c15aa92-3e61-4ec5-8575-82a20a4a7422",
            "da4a191c-9d33-40fc-8d8f-0f15a7d07196"
          ]
        }
      ],
      "Page": 1
    },
    {
      "BlockType": "LINE",
      "Confidence": 99.8980484008789,
      "Text": "Total",
      "Geometry": {
        "BoundingBox": {
          "Width": 0.05815766006708145,
          "Height": 0.06678732484579086,
          "Left": 0.9141853451728821,
          "Top": 0.4202348589897156
        },
        "Polygon": [
          {
            "X": 0.9141853451728821,
            "Y": 0.4202572703361511
          },
          {
            "X": 0.9722486138343811,
            "Y": 0.4202348589897156
          },
          {
            "X": 0.9723429679870605,
            "Y": 0.48700183629989624
          },
          {
            "X": 0.9142770767211914,
            "Y": 0.48702219128608704
          }
        ]
      },
      "Id": "1733900c-38c7-40c8-9627-d1d9e492135d",
      "Relationships": [
        {
          "Type": "CHILD",
          "Ids": [
            "cfcf9da4-2daa-4f93-9639-98c4ca7c7619"
          ]
        }
      ],
      "Page": 1
    },
    {
      "BlockType": "LINE",
      "Confidence": 99.8092269897461,
      "Text": "Late abandoned",
      "Geometry": {
        "BoundingBox": {
          "Width": 0.1817535012960434,
          "Height": 0.07040835171937943,
          "Left": 0.016544070094823837,
          "Top": 0.5463583469390869
        },
        "Polygon": [
          {
            "X": 0.016544070094823837,
            "Y": 0.5464162826538086
          },
          {
            "X": 0.19823554158210754,
            "Y": 0.5463583469390869
          },
          {
            "X": 0.19829757511615753,
            "Y": 0.6167155504226685
          },
          {
            "X": 0.016597310081124306,
            "Y": 0.6167666912078857
          }
        ]
      },
      "Id": "2b7f3488-31a9-417b-822c-292bbd3b83fd",
      "Relationships": [
        {
          "Type": "CHILD",
          "Ids": [
            "c5d38f80-73bc-4a93-898c-26070ad006cb",
            "0621ee98-f3bb-4ff7-bb49-da60aa92efa1"
          ]
        }
      ],
      "Page": 1
    },
    {
      "BlockType": "LINE",
      "Confidence": 94.862548828125,
      "Text": "5 (8.26)",
      "Geometry": {
        "BoundingBox": {
          "Width": 0.08796916902065277,
          "Height": 0.08082512766122818,
          "Left": 0.3777146637439728,
          "Top": 0.5437823534011841
        },
        "Polygon": [
          {
            "X": 0.3777146637439728,
            "Y": 0.5438104867935181
          },
          {
            "X": 0.4655977487564087,
            "Y": 0.5437823534011841
          },
          {
            "X": 0.46568381786346436,
            "Y": 0.6245831251144409
          },
          {
            "X": 0.37779584527015686,
            "Y": 0.624607503414154
          }
        ]
      },
      "Id": "6c0644d9-9339-406b-b828-46450b83c51a",
      "Relationships": [
        {
          "Type": "CHILD",
          "Ids": [
            "c8c9630d-5070-4cd0-ad1f-a1b86d7e87b0",
            "6bd05ab2-d61d-4a43-b75e-68f9b744f5e7"
          ]
        }
      ],
      "Page": 1
    },
    {
      "BlockType": "LINE",
      "Confidence": 99.9386215209961,
      "Text": "128 (124.74)",
      "Geometry": {
        "BoundingBox": {
          "Width": 0.14064739644527435,
          "Height": 0.07946247607469559,
          "Left": 0.624016284942627,
          "Top": 0.5403778553009033
        },
        "Polygon": [
          {
            "X": 0.624016284942627,
            "Y": 0.5404230952262878
          },
          {
            "X": 0.7645627856254578,
            "Y": 0.5403778553009033
          },
          {
            "X": 0.7646636962890625,
            "Y": 0.6198009848594666
          },
          {
            "X": 0.6241095662117004,
            "Y": 0.6198403239250183
          }
        ]
      },
      "Id": "518c533e-f459-44dd-bd47-634018320ce4",
      "Relationships": [
        {
          "Type": "CHILD",
          "Ids": [
            "0ed073ed-2720-440b-886b-2621918c5eb2",
            "71486a5e-04a2-47c2-be92-971d4c763b25"
          ]
        }
      ],
      "Page": 1
    },
    {
      "BlockType": "LINE",
      "Confidence": 99.96746063232422,
      "Text": "133",
      "Geometry": {
        "BoundingBox": {
          "Width": 0.038266874849796295,
          "Height": 0.06380776315927505,
          "Left": 0.9257881045341492,
          "Top": 0.5407505035400391
        },
        "Polygon": [
          {
            "X": 0.9257881045341492,
            "Y": 0.5407627820968628
          },
          {
            "X": 0.9639651775360107,
            "Y": 0.5407505035400391
          },
          {
            "X": 0.9640550017356873,
            "Y": 0.6045472621917725
          },
          {
            "X": 0.925876259803772,
            "Y": 0.6045582294464111
          }
        ]
      },
      "Id": "42ee0636-77a6-4ed8-a4d5-7ea80b4ad0ff",
      "Relationships": [
        {
          "Type": "CHILD",
          "Ids": [
            "5d55b598-125a-408a-8345-865146b4ebb3"
          ]
        }
      ],
      "Page": 1
    },
    {
      "BlockType": "LINE",
      "Confidence": 99.72688293457031,
      "Text": "Early abandoned",
      "Geometry": {
        "BoundingBox": {
          "Width": 0.19231192767620087,
          "Height": 0.08892397582530975,
          "Left": 0.016640817746520042,
          "Top": 0.6457341313362122
        },
        "Polygon": [
          {
            "X": 0.016640817746520042,
            "Y": 0.6457852125167847
          },
          {
            "X": 0.20887374877929688,
            "Y": 0.6457341313362122
          },
          {
            "X": 0.20895275473594666,
            "Y": 0.7346161007881165
          },
          {
            "X": 0.016708076000213623,
            "Y": 0.7346581220626831
          }
        ]
      },
      "Id": "59a0eaa6-b5ce-4d93-b7d9-ad786f32dca3",
      "Relationships": [
        {
          "Type": "CHILD",
          "Ids": [
            "9ac45908-0280-4c1f-b291-6c7ea6a9ab9a",
            "c0ca190a-fc70-4d57-b44b-6dde300874e4"
          ]
        }
      ],
      "Page": 1
    },
    {
      "BlockType": "LINE",
      "Confidence": 99.86061096191406,
      "Text": "5 (1.74)",
      "Geometry": {
        "BoundingBox": {
          "Width": 0.08805900812149048,
          "Height": 0.08134732395410538,
          "Left": 0.3778843581676483,
          "Top": 0.6434053778648376
        },
        "Polygon": [
          {
            "X": 0.3778843581676483,
            "Y": 0.6434288620948792
          },
          {
            "X": 0.4658567011356354,
            "Y": 0.6434053778648376
          },
          {
            "X": 0.4659433662891388,
            "Y": 0.7247329950332642
          },
          {
            "X": 0.3779660761356354,
            "Y": 0.72475266456604
          }
        ]
      },
      "Id": "1b3eb3e9-c9d9-4b77-8620-8d5d9bc54bb4",
      "Relationships": [
        {
          "Type": "CHILD",
          "Ids": [
            "827467ca-0352-4ca7-a8a7-4de9d0317163",
            "69075d3a-b077-455e-b004-8f7fdb565053"
          ]
        }
      ],
      "Page": 1
    },
    {
      "BlockType": "LINE",
      "Confidence": 99.90746307373047,
      "Text": "23 (26.26)",
      "Geometry": {
        "BoundingBox": {
          "Width": 0.13007020950317383,
          "Height": 0.08075757324695587,
          "Left": 0.6351897716522217,
          "Top": 0.6404299139976501
        },
        "Polygon": [
          {
            "X": 0.6351897716522217,
            "Y": 0.6404647827148438
          },
          {
            "X": 0.7651573419570923,
            "Y": 0.6404299139976501
          },
          {
            "X": 0.7652599811553955,
            "Y": 0.7211581468582153
          },
          {
            "X": 0.6352851390838623,
            "Y": 0.7211874723434448
          }
        ]
      },
      "Id": "cde9978b-c7f5-4885-a0e1-b866b7c280a9",
      "Relationships": [
        {
          "Type": "CHILD",
          "Ids": [
            "bb737063-ed1d-477a-bad0-1fe68564bff4",
            "1d09cf5b-99cd-4c27-a65b-8c921ad34093"
          ]
        }
      ],
      "Page": 1
    },
    {
      "BlockType": "LINE",
      "Confidence": 99.94009399414062,
      "Text": "28",
      "Geometry": {
        "BoundingBox": {
          "Width": 0.026866964995861053,
          "Height": 0.06397447735071182,
          "Left": 0.9371192455291748,
          "Top": 0.6415919065475464
        },
        "Polygon": [
          {
            "X": 0.9371192455291748,
            "Y": 0.6415990591049194
          },
          {
            "X": 0.9638961553573608,
            "Y": 0.6415919065475464
          },
          {
            "X": 0.9639862179756165,
            "Y": 0.7055600881576538
          },
          {
            "X": 0.9372081160545349,
            "Y": 0.7055663466453552
          }
        ]
      },
      "Id": "c88187e8-a414-40ea-a99f-a87383e8f7c7",
      "Relationships": [
        {
          "Type": "CHILD",
          "Ids": [
            "5042cae3-4bcf-4222-94ed-64c12dd929ad"
          ]
        }
      ],
      "Page": 1
    },
    {
      "BlockType": "LINE",
      "Confidence": 99.89453887939453,
      "Text": "Total",
      "Geometry": {
        "BoundingBox": {
          "Width": 0.057496655732393265,
          "Height": 0.06833476573228836,
          "Left": 0.04458685219287872,
          "Top": 0.7482534646987915
        },
        "Polygon": [
          {
            "X": 0.04458685219287872,
            "Y": 0.7482656240463257
          },
          {
            "X": 0.10202779620885849,
            "Y": 0.7482534646987915
          },
          {
            "X": 0.10208351165056229,
            "Y": 0.816578209400177
          },
          {
            "X": 0.044639866799116135,
            "Y": 0.8165882229804993
          }
        ]
      },
      "Id": "0d6a7da9-e93d-4639-a6c0-7dfb7a039736",
      "Relationships": [
        {
          "Type": "CHILD",
          "Ids": [
            "50180d1b-194c-4858-bae6-7091f1fab0a9"
          ]
        }
      ],
      "Page": 1
    },
    {
      "BlockType": "LINE",
      "Confidence": 99.93783569335938,
      "Text": "10",
      "Geometry": {
        "BoundingBox": {
          "Width": 0.024669233709573746,
          "Height": 0.061996035277843475,
          "Left": 0.3662196099758148,
          "Top": 0.750755786895752
        },
        "Polygon": [
          {
            "X": 0.3662196099758148,
            "Y": 0.7507609128952026
          },
          {
            "X": 0.390826016664505,
            "Y": 0.750755786895752
          },
          {
            "X": 0.39088886976242065,
            "Y": 0.8127474784851074
          },
          {
            "X": 0.3662814199924469,
            "Y": 0.812751829624176
          }
        ]
      },
      "Id": "00358a98-845c-4f74-b2e0-86c88b887c1b",
      "Relationships": [
        {
          "Type": "CHILD",
          "Ids": [
            "c3e15520-2fc0-447b-86e3-6454423c987b"
          ]
        }
      ],
      "Page": 1
    },
    {
      "BlockType": "LINE",
      "Confidence": 99.84110260009766,
      "Text": "151",
      "Geometry": {
        "BoundingBox": {
          "Width": 0.036588042974472046,
          "Height": 0.06359662860631943,
          "Left": 0.6221417784690857,
          "Top": 0.7459720373153687
        },
        "Polygon": [
          {
            "X": 0.6221417784690857,
            "Y": 0.7459797859191895
          },
          {
            "X": 0.6586536765098572,
            "Y": 0.7459720373153687
          },
          {
            "X": 0.6587297916412354,
            "Y": 0.8095621466636658
          },
          {
            "X": 0.6222163438796997,
            "Y": 0.8095686435699463
          }
        ]
      },
      "Id": "d82ec94a-ef87-4604-8292-28a9a96100d9",
      "Relationships": [
        {
          "Type": "CHILD",
          "Ids": [
            "aaa49155-04dc-42c0-a026-6cd447452599"
          ]
        }
      ],
      "Page": 1
    },
    {
      "BlockType": "LINE",
      "Confidence": 99.87846374511719,
      "Text": "161",
      "Geometry": {
        "BoundingBox": {
          "Width": 0.03641057386994362,
          "Height": 0.06402137130498886,
          "Left": 0.9257155656814575,
          "Top": 0.7410833239555359
        },
        "Polygon": [
          {
            "X": 0.9257155656814575,
            "Y": 0.7410911321640015
          },
          {
            "X": 0.9620361328125,
            "Y": 0.7410833239555359
          },
          {
            "X": 0.9621261358261108,
            "Y": 0.8050981163978577
          },
          {
            "X": 0.9258039593696594,
            "Y": 0.8051047325134277
          }
        ]
      },
      "Id": "5df62d34-1a98-4791-9456-10f460b92c76",
      "Relationships": [
        {
          "Type": "CHILD",
          "Ids": [
            "75d1a513-f518-4162-bd13-62caeca677e2"
          ]
        }
      ],
      "Page": 1
    },
    {
      "BlockType": "LINE",
      "Confidence": 94.12287139892578,
      "Text": "Note: x2 = 7.89;df=1;p = 0.005; =-0.22; Yule's Q =-0.69",
      "Geometry": {
        "BoundingBox": {
          "Width": 0.5602842569351196,
          "Height": 0.07797720283269882,
          "Left": 0.01717376708984375,
          "Top": 0.8649033904075623
        },
        "Polygon": [
          {
            "X": 0.01717376708984375,
            "Y": 0.864986777305603
          },
          {
            "X": 0.5773690342903137,
            "Y": 0.8649033904075623
          },
          {
            "X": 0.5774580240249634,
            "Y": 0.9428204298019409
          },
          {
            "X": 0.017232736572623253,
            "Y": 0.9428805708885193
          }
        ]
      },
      "Id": "2cb0defb-2a25-4b63-9bdf-fd9e989ec13b",
      "Relationships": [
        {
          "Type": "CHILD",
          "Ids": [
            "aae74c5d-e905-4c91-9709-f33031b04840",
            "b1de8cd4-48a3-41f3-a1c0-1c394ba40f8c",
            "0caa7969-4948-4d5d-9c13-3f0dd0c0ef9e",
            "f75b1b30-2ee0-42a5-b552-a29a02830bd7",
            "08619ddc-ee1d-4104-82ad-869035473948",
            "3220593e-e11d-4974-9a0a-506a92875345",
            "2f8c0865-3bee-4e98-bf3b-39c6df6b1d86",
            "9f4312ec-01c7-4918-b5d0-b9763392b199",
            "d2af11ec-611a-4708-829f-a3871696c815",
            "4a140c67-7ad9-48f3-b339-6b0d56046c3a"
          ]
        }
      ],
      "Page": 1
    },
    {
      "BlockType": "WORD",
      "Confidence": 99.70533752441406,
      "Text": "TABLE",
      "TextType": "PRINTED",
      "Geometry": {
        "BoundingBox": {
          "Width": 0.07955203950405121,
          "Height": 0.0716436430811882,
          "Left": 0.4255872070789337,
          "Top": 0.0504266582429409
        },
        "Polygon": [
          {
            "X": 0.4255872070789337,
            "Y": 0.050473012030124664
          },
          {
            "X": 0.5050610303878784,
            "Y": 0.0504266582429409
          },
          {
            "X": 0.5051392316818237,
            "Y": 0.12202697992324829
          },
          {
            "X": 0.42566153407096863,
            "Y": 0.1220703050494194
          }
        ]
      },
      "Id": "97bf9f91-bd78-4ed4-8aa1-7b060fb77182",
      "Page": 1
    },
    {
      "BlockType": "WORD",
      "Confidence": 99.4128189086914,
      "Text": "3.13.",
      "TextType": "PRINTED",
      "Geometry": {
        "BoundingBox": {
          "Width": 0.05048894137144089,
          "Height": 0.06787209957838058,
          "Left": 0.5113211870193481,
          "Top": 0.06727244704961777
        },
        "Polygon": [
          {
            "X": 0.5113211870193481,
            "Y": 0.06730139255523682
          },
          {
            "X": 0.5617333650588989,
            "Y": 0.06727244704961777
          },
          {
            "X": 0.5618101358413696,
            "Y": 0.13511741161346436
          },
          {
            "X": 0.5113956332206726,
            "Y": 0.13514454662799835
          }
        ]
      },
      "Id": "1141d4c5-5ba5-4954-9e12-76af2499698b",
      "Page": 1
    },
    {
      "BlockType": "WORD",
      "Confidence": 99.81810760498047,
      "Text": "Distribution",
      "TextType": "PRINTED",
      "Geometry": {
        "BoundingBox": {
          "Width": 0.155486598610878,
          "Height": 0.07908640801906586,
          "Left": 0.05479780584573746,
          "Top": 0.17245830595493317
        },
        "Polygon": [
          {
            "X": 0.05479780584573746,
            "Y": 0.1725388467311859
          },
          {
            "X": 0.21021407842636108,
            "Y": 0.17245830595493317
          },
          {
            "X": 0.21028441190719604,
            "Y": 0.2514707148075104
          },
          {
            "X": 0.05485969036817551,
            "Y": 0.251544713973999
          }
        ]
      },
      "Id": "a6082d86-7872-448e-afab-08bf48e5ea31",
      "Page": 1
    },
    {
      "BlockType": "WORD",
      "Confidence": 99.98660278320312,
      "Text": "of",
      "TextType": "PRINTED",
      "Geometry": {
        "BoundingBox": {
          "Width": 0.030852394178509712,
          "Height": 0.07741054892539978,
          "Left": 0.21691469848155975,
          "Top": 0.17096436023712158
        },
        "Polygon": [
          {
            "X": 0.21691469848155975,
            "Y": 0.1709803342819214
          },
          {
            "X": 0.24769620597362518,
            "Y": 0.17096436023712158
          },
          {
            "X": 0.24776709079742432,
            "Y": 0.24836020171642303
          },
          {
            "X": 0.21698394417762756,
            "Y": 0.24837490916252136
          }
        ]
      },
      "Id": "d2f1b682-19aa-401f-86b6-9617904cd427",
      "Page": 1
    },
    {
      "BlockType": "WORD",
      "Confidence": 99.96773529052734,
      "Text": "Open",
      "TextType": "PRINTED",
      "Geometry": {
        "BoundingBox": {
          "Width": 0.07079052180051804,
          "Height": 0.09656017273664474,
          "Left": 0.2515009045600891,
          "Top": 0.17373646795749664
        },
        "Polygon": [
          {
            "X": 0.2515009045600891,
            "Y": 0.17377305030822754
          },
          {
            "X": 0.3221980929374695,
            "Y": 0.17373646795749664
          },
          {
            "X": 0.32229143381118774,
            "Y": 0.270263671875
          },
          {
            "X": 0.2515895664691925,
            "Y": 0.2702966332435608
          }
        ]
      },
      "Id": "6ef3b0a7-4752-42ae-8c50-1a5074c0d254",
      "Page": 1
    },
    {
      "BlockType": "WORD",
      "Confidence": 99.99088287353516,
      "Text": "and",
      "TextType": "PRINTED",
      "Geometry": {
        "BoundingBox": {
          "Width": 0.04755628854036331,
          "Height": 0.07890260964632034,
          "Left": 0.3293229341506958,
          "Top": 0.1686059683561325
        },
        "Polygon": [
          {
            "X": 0.3293229341506958,
            "Y": 0.1686306744813919
          },
          {
            "X": 0.37679997086524963,
            "Y": 0.1686059683561325
          },
          {
            "X": 0.3768792152404785,
            "Y": 0.24748587608337402
          },
          {
            "X": 0.32939961552619934,
            "Y": 0.24750858545303345
          }
        ]
      },
      "Id": "f3823a2c-f940-40c7-aceb-494c37c912f9",
      "Page": 1
    },
    {
      "BlockType": "WORD",
      "Confidence": 99.89722442626953,
      "Text": "Closed",
      "TextType": "PRINTED",
      "Geometry": {
        "BoundingBox": {
          "Width": 0.08610527217388153,
          "Height": 0.08011776953935623,
          "Left": 0.3844664692878723,
          "Top": 0.16811464726924896
        },
        "Polygon": [
          {
            "X": 0.3844664692878723,
            "Y": 0.16815941035747528
          },
          {
            "X": 0.4704861342906952,
            "Y": 0.16811464726924896
          },
          {
            "X": 0.47057175636291504,
            "Y": 0.24819131195545197
          },
          {
            "X": 0.38454732298851013,
            "Y": 0.2482324093580246
          }
        ]
      },
      "Id": "4764ed26-057a-4562-aebb-f192bc6f7886",
      "Page": 1
    },
    {
      "BlockType": "WORD",
      "Confidence": 99.91728973388672,
      "Text": "Doorways",
      "TextType": "PRINTED",
      "Geometry": {
        "BoundingBox": {
          "Width": 0.12840810418128967,
          "Height": 0.09530762583017349,
          "Left": 0.47658389806747437,
          "Top": 0.17174631357192993
        },
        "Polygon": [
          {
            "X": 0.47658389806747437,
            "Y": 0.17181283235549927
          },
          {
            "X": 0.6048814058303833,
            "Y": 0.17174631357192993
          },
          {
            "X": 0.6049919724464417,
            "Y": 0.266993910074234
          },
          {
            "X": 0.4766860902309418,
            "Y": 0.2670539319515228
          }
        ]
      },
      "Id": "e323f6f9-ec02-4d2c-9ce3-c717a3c96310",
      "Page": 1
    },
    {
      "BlockType": "WORD",
      "Confidence": 99.9780502319336,
      "Text": "in",
      "TextType": "PRINTED",
      "Geometry": {
        "BoundingBox": {
          "Width": 0.026000211015343666,
          "Height": 0.07438147813081741,
          "Left": 0.6112084984779358,
          "Top": 0.16915179789066315
        },
        "Polygon": [
          {
            "X": 0.6112084984779358,
            "Y": 0.16916526854038239
          },
          {
            "X": 0.6371206641197205,
            "Y": 0.16915179789066315
          },
          {
            "X": 0.6372087001800537,
            "Y": 0.2435208261013031
          },
          {
            "X": 0.6112951636314392,
            "Y": 0.24353326857089996
          }
        ]
      },
      "Id": "49d0a06f-98fb-4b5d-a4b4-25c8e88707b0",
      "Page": 1
    },
    {
      "BlockType": "WORD",
      "Confidence": 99.84715270996094,
      "Text": "Relation",
      "TextType": "PRINTED",
      "Geometry": {
        "BoundingBox": {
          "Width": 0.10532014816999435,
          "Height": 0.0775899812579155,
          "Left": 0.6441290378570557,
          "Top": 0.1666380614042282
        },
        "Polygon": [
          {
            "X": 0.6441290378570557,
            "Y": 0.16669291257858276
          },
          {
            "X": 0.749351441860199,
            "Y": 0.1666380614042282
          },
          {
            "X": 0.7494491934776306,
            "Y": 0.24417755007743835
          },
          {
            "X": 0.6442211866378784,
            "Y": 0.2442280501127243
          }
        ]
      },
      "Id": "52bf8500-1fb2-4424-8e1d-9182cf89bf7c",
      "Page": 1
    },
    {
      "BlockType": "WORD",
      "Confidence": 99.98814392089844,
      "Text": "to",
      "TextType": "PRINTED",
      "Geometry": {
        "BoundingBox": {
          "Width": 0.026628999039530754,
          "Height": 0.06542658805847168,
          "Left": 0.7559720873832703,
          "Top": 0.1779300570487976
        },
        "Polygon": [
          {
            "X": 0.7559720873832703,
            "Y": 0.17794373631477356
          },
          {
            "X": 0.78251713514328,
            "Y": 0.1779300570487976
          },
          {
            "X": 0.7826010584831238,
            "Y": 0.24334388971328735
          },
          {
            "X": 0.7560548186302185,
            "Y": 0.2433566451072693
          }
        ]
      },
      "Id": "9278e44e-32ba-4052-9ea5-82d95b851d6d",
      "Page": 1
    },
    {
      "BlockType": "WORD",
      "Confidence": 99.75979614257812,
      "Text": "Abandoned",
      "TextType": "PRINTED",
      "Geometry": {
        "BoundingBox": {
          "Width": 0.14645998179912567,
          "Height": 0.0794941782951355,
          "Left": 0.7881706953048706,
          "Top": 0.16200865805149078
        },
        "Polygon": [
          {
            "X": 0.7881706953048706,
            "Y": 0.16208527982234955
          },
          {
            "X": 0.9345204830169678,
            "Y": 0.16200865805149078
          },
          {
            "X": 0.9346306920051575,
            "Y": 0.24143238365650177
          },
          {
            "X": 0.7882729768753052,
            "Y": 0.2415028214454651
          }
        ]
      },
      "Id": "d2a6d7a9-caf9-4e85-a4d9-63c46bab2b29",
      "Page": 1
    },
    {
      "BlockType": "WORD",
      "Confidence": 99.90290832519531,
      "Text": "Rooms",
      "TextType": "PRINTED",
      "Geometry": {
        "BoundingBox": {
          "Width": 0.08800898492336273,
          "Height": 0.0723583996295929,
          "Left": 0.19513177871704102,
          "Top": 0.3011268079280853
        },
        "Polygon": [
          {
            "X": 0.19513177871704102,
            "Y": 0.3011663258075714
          },
          {
            "X": 0.2830727696418762,
            "Y": 0.3011268079280853
          },
          {
            "X": 0.28314074873924255,
            "Y": 0.37344905734062195
          },
          {
            "X": 0.19519539177417755,
            "Y": 0.3734852075576782
          }
        ]
      },
      "Id": "9c4bdffb-c212-4841-9c32-d7e496334a64",
      "Page": 1
    },
    {
      "BlockType": "WORD",
      "Confidence": 99.90933227539062,
      "Text": "(Expected",
      "TextType": "PRINTED",
      "Geometry": {
        "BoundingBox": {
          "Width": 0.12380528450012207,
          "Height": 0.09874469041824341,
          "Left": 0.2924911379814148,
          "Top": 0.2943587601184845
        },
        "Polygon": [
          {
            "X": 0.2924911379814148,
            "Y": 0.29441484808921814
          },
          {
            "X": 0.4161946177482605,
            "Y": 0.2943587601184845
          },
          {
            "X": 0.41629645228385925,
            "Y": 0.39305391907691956
          },
          {
            "X": 0.2925845682621002,
            "Y": 0.3931034803390503
          }
        ]
      },
      "Id": "4d6017a6-8e82-4801-bac3-ca1f65fd77e9",
      "Page": 1
    },
    {
      "BlockType": "WORD",
      "Confidence": 99.91093444824219,
      "Text": "Values",
      "TextType": "PRINTED",
      "Geometry": {
        "BoundingBox": {
          "Width": 0.0814216136932373,
          "Height": 0.07779962569475174,
          "Left": 0.42198577523231506,
          "Top": 0.2932911813259125
        },
        "Polygon": [
          {
            "X": 0.42198577523231506,
            "Y": 0.29332807660102844
          },
          {
            "X": 0.5033224821090698,
            "Y": 0.2932911813259125
          },
          {
            "X": 0.50340735912323,
            "Y": 0.37105727195739746
          },
          {
            "X": 0.4220663011074066,
            "Y": 0.3710907995700836
          }
        ]
      },
      "Id": "5a71833d-e21c-41b3-90f4-295dced9ca65",
      "Page": 1
    },
    {
      "BlockType": "WORD",
      "Confidence": 99.9808120727539,
      "Text": "Shown",
      "TextType": "PRINTED",
      "Geometry": {
        "BoundingBox": {
          "Width": 0.08716319501399994,
          "Height": 0.07831325381994247,
          "Left": 0.5096216797828674,
          "Top": 0.29224058985710144
        },
        "Polygon": [
          {
            "X": 0.5096216797828674,
            "Y": 0.2922801375389099
          },
          {
            "X": 0.5966944098472595,
            "Y": 0.29224058985710144
          },
          {
            "X": 0.5967848896980286,
            "Y": 0.37051790952682495
          },
          {
            "X": 0.5097074508666992,
            "Y": 0.3705538213253021
          }
        ]
      },
      "Id": "6cb491b0-1ecc-421f-9181-f630c41e7873",
      "Page": 1
    },
    {
      "BlockType": "WORD",
      "Confidence": 99.98607635498047,
      "Text": "in",
      "TextType": "PRINTED",
      "Geometry": {
        "BoundingBox": {
          "Width": 0.02593088522553444,
          "Height": 0.07344942539930344,
          "Left": 0.6037368774414062,
          "Top": 0.29377663135528564
        },
        "Polygon": [
          {
            "X": 0.6037368774414062,
            "Y": 0.2937883734703064
          },
          {
            "X": 0.6295812726020813,
            "Y": 0.29377663135528564
          },
          {
            "X": 0.6296677589416504,
            "Y": 0.3672153651714325
          },
          {
            "X": 0.6038221120834351,
            "Y": 0.3672260642051697
          }
        ]
      },
      "Id": "07bfab7a-cfed-487b-980b-c9f5386deb7c",
      "Page": 1
    },
    {
      "BlockType": "WORD",
      "Confidence": 96.88691711425781,
      "Text": "Parentheses)",
      "TextType": "PRINTED",
      "Geometry": {
        "BoundingBox": {
          "Width": 0.15648071467876434,
          "Height": 0.08945974707603455,
          "Left": 0.6370823979377747,
          "Top": 0.29073891043663025
        },
        "Polygon": [
          {
            "X": 0.6370823979377747,
            "Y": 0.2908100485801697
          },
          {
            "X": 0.793447732925415,
            "Y": 0.29073891043663025
          },
          {
            "X": 0.7935631275177002,
            "Y": 0.3801349401473999
          },
          {
            "X": 0.637188196182251,
            "Y": 0.3801986575126648
          }
        ]
      },
      "Id": "eb199217-74ae-4b1f-8bdf-36334577314c",
      "Page": 1
    },
    {
      "BlockType": "WORD",
      "Confidence": 99.85083770751953,
      "Text": "Open",
      "TextType": "PRINTED",
      "Geometry": {
        "BoundingBox": {
          "Width": 0.06325121968984604,
          "Height": 0.08693429827690125,
          "Left": 0.35590454936027527,
          "Top": 0.4265337586402893
        },
        "Polygon": [
          {
            "X": 0.35590454936027527,
            "Y": 0.4265579283237457
          },
          {
            "X": 0.4190659523010254,
            "Y": 0.4265337586402893
          },
          {
            "X": 0.4191557466983795,
            "Y": 0.5134468078613281
          },
          {
            "X": 0.35599058866500854,
            "Y": 0.5134680867195129
          }
        ]
      },
      "Id": "b07b0ab3-a833-4039-aaab-4479c4e217d9",
      "Page": 1
    },
    {
      "BlockType": "WORD",
      "Confidence": 99.92472839355469,
      "Text": "Door",
      "TextType": "PRINTED",
      "Geometry": {
        "BoundingBox": {
          "Width": 0.06116878241300583,
          "Height": 0.06813216954469681,
          "Left": 0.42681804299354553,
          "Top": 0.42780792713165283
        },
        "Polygon": [
          {
            "X": 0.42681804299354553,
            "Y": 0.4278312623500824
          },
          {
            "X": 0.48791322112083435,
            "Y": 0.42780792713165283
          },
          {
            "X": 0.48798683285713196,
            "Y": 0.49591898918151855
          },
          {
            "X": 0.4268887937068939,
            "Y": 0.49594011902809143
          }
        ]
      },
      "Id": "8cad73ac-10f7-49bb-a9b9-09f35764e8b4",
      "Page": 1
    },
    {
      "BlockType": "WORD",
      "Confidence": 99.9730453491211,
      "Text": "Blocked",
      "TextType": "PRINTED",
      "Geometry": {
        "BoundingBox": {
          "Width": 0.09081652015447617,
          "Height": 0.06818803399801254,
          "Left": 0.6140856742858887,
          "Top": 0.42344436049461365
        },
        "Polygon": [
          {
            "X": 0.6140856742858887,
            "Y": 0.42347922921180725
          },
          {
            "X": 0.7048183679580688,
            "Y": 0.42344436049461365
          },
          {
            "X": 0.704902172088623,
            "Y": 0.4916008412837982
          },
          {
            "X": 0.6141652464866638,
            "Y": 0.4916324019432068
          }
        ]
      },
      "Id": "2c15aa92-3e61-4ec5-8575-82a20a4a7422",
      "Page": 1
    },
    {
      "BlockType": "WORD",
      "Confidence": 99.85893249511719,
      "Text": "Door",
      "TextType": "PRINTED",
      "Geometry": {
        "BoundingBox": {
          "Width": 0.061137910932302475,
          "Height": 0.06615462899208069,
          "Left": 0.7121760845184326,
          "Top": 0.4246568977832794
        },
        "Polygon": [
          {
            "X": 0.7121760845184326,
            "Y": 0.42468029260635376
          },
          {
            "X": 0.7732295393943787,
            "Y": 0.4246568977832794
          },
          {
            "X": 0.7733139991760254,
            "Y": 0.4907902479171753
          },
          {
            "X": 0.7122577428817749,
            "Y": 0.4908114969730377
          }
        ]
      },
      "Id": "da4a191c-9d33-40fc-8d8f-0f15a7d07196",
      "Page": 1
    },
    {
      "BlockType": "WORD",
      "Confidence": 99.8980484008789,
      "Text": "Total",
      "TextType": "PRINTED",
      "Geometry": {
        "BoundingBox": {
          "Width": 0.05815766006708145,
          "Height": 0.06678732484579086,
          "Left": 0.9141853451728821,
          "Top": 0.4202348589897156
        },
        "Polygon": [
          {
            "X": 0.9141853451728821,
            "Y": 0.4202572703361511
          },
          {
            "X": 0.9722486138343811,
            "Y": 0.4202348589897156
          },
          {
            "X": 0.9723429679870605,
            "Y": 0.48700183629989624
          },
          {
            "X": 0.9142770767211914,
            "Y": 0.48702219128608704
          }
        ]
      },
      "Id": "cfcf9da4-2daa-4f93-9639-98c4ca7c7619",
      "Page": 1
    },
    {
      "BlockType": "WORD",
      "Confidence": 99.95750427246094,
      "Text": "Late",
      "TextType": "PRINTED",
      "Geometry": {
        "BoundingBox": {
          "Width": 0.04804624244570732,
          "Height": 0.06450808793306351,
          "Left": 0.016548145562410355,
          "Top": 0.5517857074737549
        },
        "Polygon": [
          {
            "X": 0.016548145562410355,
            "Y": 0.5518008470535278
          },
          {
            "X": 0.06454344838857651,
            "Y": 0.5517857074737549
          },
          {
            "X": 0.06459438800811768,
            "Y": 0.6162802577018738
          },
          {
            "X": 0.016596952453255653,
            "Y": 0.6162937879562378
          }
        ]
      },
      "Id": "c5d38f80-73bc-4a93-898c-26070ad006cb",
      "Page": 1
    },
    {
      "BlockType": "WORD",
      "Confidence": 99.66094970703125,
      "Text": "abandoned",
      "TextType": "PRINTED",
      "Geometry": {
        "BoundingBox": {
          "Width": 0.12593147158622742,
          "Height": 0.07039264589548111,
          "Left": 0.07236609607934952,
          "Top": 0.5463583469390869
        },
        "Polygon": [
          {
            "X": 0.07236609607934952,
            "Y": 0.5463984608650208
          },
          {
            "X": 0.19823554158210754,
            "Y": 0.5463583469390869
          },
          {
            "X": 0.19829757511615753,
            "Y": 0.6167155504226685
          },
          {
            "X": 0.07242203503847122,
            "Y": 0.616750955581665
          }
        ]
      },
      "Id": "0621ee98-f3bb-4ff7-bb49-da60aa92efa1",
      "Page": 1
    },
    {
      "BlockType": "WORD",
      "Confidence": 90.20125579833984,
      "Text": "5",
      "TextType": "PRINTED",
      "Geometry": {
        "BoundingBox": {
          "Width": 0.012995874509215355,
          "Height": 0.06306032836437225,
          "Left": 0.3777201175689697,
          "Top": 0.5492241978645325
        },
        "Polygon": [
          {
            "X": 0.3777201175689697,
            "Y": 0.549228310585022
          },
          {
            "X": 0.390652060508728,
            "Y": 0.5492241978645325
          },
          {
            "X": 0.39071598649024963,
            "Y": 0.6122809052467346
          },
          {
            "X": 0.37778347730636597,
            "Y": 0.6122845411300659
          }
        ]
      },
      "Id": "c8c9630d-5070-4cd0-ad1f-a1b86d7e87b0",
      "Page": 1
    },
    {
      "BlockType": "WORD",
      "Confidence": 99.52384185791016,
      "Text": "(8.26)",
      "TextType": "PRINTED",
      "Geometry": {
        "BoundingBox": {
          "Width": 0.06832537055015564,
          "Height": 0.08081968128681183,
          "Left": 0.3973584473133087,
          "Top": 0.5437823534011841
        },
        "Polygon": [
          {
            "X": 0.3973584473133087,
            "Y": 0.5438042283058167
          },
          {
            "X": 0.4655977487564087,
            "Y": 0.5437823534011841
          },
          {
            "X": 0.46568381786346436,
            "Y": 0.6245831251144409
          },
          {
            "X": 0.39744076132774353,
            "Y": 0.6246020793914795
          }
        ]
      },
      "Id": "6bd05ab2-d61d-4a43-b75e-68f9b744f5e7",
      "Page": 1
    },
    {
      "BlockType": "WORD",
      "Confidence": 99.9521255493164,
      "Text": "128",
      "TextType": "PRINTED",
      "Geometry": {
        "BoundingBox": {
          "Width": 0.03890135511755943,
          "Height": 0.06676691025495529,
          "Left": 0.6240208745002747,
          "Top": 0.5442860722541809
        },
        "Polygon": [
          {
            "X": 0.6240208745002747,
            "Y": 0.544298529624939
          },
          {
            "X": 0.6628420352935791,
            "Y": 0.5442860722541809
          },
          {
            "X": 0.662922203540802,
            "Y": 0.6110419631004333
          },
          {
            "X": 0.6240992546081543,
            "Y": 0.6110529899597168
          }
        ]
      },
      "Id": "0ed073ed-2720-440b-886b-2621918c5eb2",
      "Page": 1
    },
    {
      "BlockType": "WORD",
      "Confidence": 99.92512512207031,
      "Text": "(124.74)",
      "TextType": "PRINTED",
      "Geometry": {
        "BoundingBox": {
          "Width": 0.09287914633750916,
          "Height": 0.0794491171836853,
          "Left": 0.671784520149231,
          "Top": 0.5403778553009033
        },
        "Polygon": [
          {
            "X": 0.671784520149231,
            "Y": 0.5404077172279358
          },
          {
            "X": 0.7645627856254578,
            "Y": 0.5403778553009033
          },
          {
            "X": 0.7646636962890625,
            "Y": 0.6198009848594666
          },
          {
            "X": 0.6718804240226746,
            "Y": 0.6198269724845886
          }
        ]
      },
      "Id": "71486a5e-04a2-47c2-be92-971d4c763b25",
      "Page": 1
    },
    {
      "BlockType": "WORD",
      "Confidence": 99.96746063232422,
      "Text": "133",
      "TextType": "PRINTED",
      "Geometry": {
        "BoundingBox": {
          "Width": 0.038266874849796295,
          "Height": 0.06380776315927505,
          "Left": 0.9257881045341492,
          "Top": 0.5407505035400391
        },
        "Polygon": [
          {
            "X": 0.9257881045341492,
            "Y": 0.5407627820968628
          },
          {
            "X": 0.9639651775360107,
            "Y": 0.5407505035400391
          },
          {
            "X": 0.9640550017356873,
            "Y": 0.6045472621917725
          },
          {
            "X": 0.925876259803772,
            "Y": 0.6045582294464111
          }
        ]
      },
      "Id": "5d55b598-125a-408a-8345-865146b4ebb3",
      "Page": 1
    },
    {
      "BlockType": "WORD",
      "Confidence": 99.948974609375,
      "Text": "Early",
      "TextType": "PRINTED",
      "Geometry": {
        "BoundingBox": {
          "Width": 0.059197798371315,
          "Height": 0.08738268166780472,
          "Left": 0.016641957685351372,
          "Top": 0.6472753882408142
        },
        "Polygon": [
          {
            "X": 0.016641957685351372,
            "Y": 0.6472910642623901
          },
          {
            "X": 0.07577008754014969,
            "Y": 0.6472753882408142
          },
          {
            "X": 0.07583975791931152,
            "Y": 0.7346451878547668
          },
          {
            "X": 0.016708076000213623,
            "Y": 0.7346581220626831
          }
        ]
      },
      "Id": "9ac45908-0280-4c1f-b291-6c7ea6a9ab9a",
      "Page": 1
    },
    {
      "BlockType": "WORD",
      "Confidence": 99.50479125976562,
      "Text": "abandoned",
      "TextType": "PRINTED",
      "Geometry": {
        "BoundingBox": {
          "Width": 0.12639187276363373,
          "Height": 0.07155482470989227,
          "Left": 0.0825454518198967,
          "Top": 0.6457341313362122
        },
        "Polygon": [
          {
            "X": 0.0825454518198967,
            "Y": 0.6457676887512207
          },
          {
            "X": 0.20887374877929688,
            "Y": 0.6457341313362122
          },
          {
            "X": 0.20893731713294983,
            "Y": 0.7172601819038391
          },
          {
            "X": 0.08260281383991241,
            "Y": 0.7172889709472656
          }
        ]
      },
      "Id": "c0ca190a-fc70-4d57-b44b-6dde300874e4",
      "Page": 1
    },
    {
      "BlockType": "WORD",
      "Confidence": 99.84419250488281,
      "Text": "5",
      "TextType": "PRINTED",
      "Geometry": {
        "BoundingBox": {
          "Width": 0.012684098444879055,
          "Height": 0.06340854614973068,
          "Left": 0.3778902590274811,
          "Top": 0.6493108868598938
        },
        "Polygon": [
          {
            "X": 0.3778902590274811,
            "Y": 0.6493142247200012
          },
          {
            "X": 0.39051008224487305,
            "Y": 0.6493108868598938
          },
          {
            "X": 0.3905743658542633,
            "Y": 0.7127165198326111
          },
          {
            "X": 0.37795400619506836,
            "Y": 0.7127194404602051
          }
        ]
      },
      "Id": "827467ca-0352-4ca7-a8a7-4de9d0317163",
      "Page": 1
    },
    {
      "BlockType": "WORD",
      "Confidence": 99.87702178955078,
      "Text": "(1.74)",
      "TextType": "PRINTED",
      "Geometry": {
        "BoundingBox": {
          "Width": 0.06698957085609436,
          "Height": 0.08134261518716812,
          "Left": 0.39895379543304443,
          "Top": 0.6434053778648376
        },
        "Polygon": [
          {
            "X": 0.39895379543304443,
            "Y": 0.6434232592582703
          },
          {
            "X": 0.4658567011356354,
            "Y": 0.6434053778648376
          },
          {
            "X": 0.4659433662891388,
            "Y": 0.7247329950332642
          },
          {
            "X": 0.399036705493927,
            "Y": 0.7247479557991028
          }
        ]
      },
      "Id": "69075d3a-b077-455e-b004-8f7fdb565053",
      "Page": 1
    },
    {
      "BlockType": "WORD",
      "Confidence": 99.96414947509766,
      "Text": "23",
      "TextType": "PRINTED",
      "Geometry": {
        "BoundingBox": {
          "Width": 0.026903072372078896,
          "Height": 0.06650600582361221,
          "Left": 0.6351938843727112,
          "Top": 0.6439383029937744
        },
        "Polygon": [
          {
            "X": 0.6351938843727112,
            "Y": 0.6439454555511475
          },
          {
            "X": 0.6620171070098877,
            "Y": 0.6439383029937744
          },
          {
            "X": 0.6620969176292419,
            "Y": 0.7104381322860718
          },
          {
            "X": 0.6352724432945251,
            "Y": 0.7104443311691284
          }
        ]
      },
      "Id": "bb737063-ed1d-477a-bad0-1fe68564bff4",
      "Page": 1
    },
    {
      "BlockType": "WORD",
      "Confidence": 99.85077667236328,
      "Text": "(26.26)",
      "TextType": "PRINTED",
      "Geometry": {
        "BoundingBox": {
          "Width": 0.0799604281783104,
          "Height": 0.08074627071619034,
          "Left": 0.6852995157241821,
          "Top": 0.6404299139976501
        },
        "Polygon": [
          {
            "X": 0.6852995157241821,
            "Y": 0.6404513716697693
          },
          {
            "X": 0.7651573419570923,
            "Y": 0.6404299139976501
          },
          {
            "X": 0.7652599811553955,
            "Y": 0.7211581468582153
          },
          {
            "X": 0.685397744178772,
            "Y": 0.7211761474609375
          }
        ]
      },
      "Id": "1d09cf5b-99cd-4c27-a65b-8c921ad34093",
      "Page": 1
    },
    {
      "BlockType": "WORD",
      "Confidence": 99.94009399414062,
      "Text": "28",
      "TextType": "PRINTED",
      "Geometry": {
        "BoundingBox": {
          "Width": 0.026866964995861053,
          "Height": 0.06397447735071182,
          "Left": 0.9371192455291748,
          "Top": 0.6415919065475464
        },
        "Polygon": [
          {
            "X": 0.9371192455291748,
            "Y": 0.6415990591049194
          },
          {
            "X": 0.9638961553573608,
            "Y": 0.6415919065475464
          },
          {
            "X": 0.9639862179756165,
            "Y": 0.7055600881576538
          },
          {
            "X": 0.9372081160545349,
            "Y": 0.7055663466453552
          }
        ]
      },
      "Id": "5042cae3-4bcf-4222-94ed-64c12dd929ad",
      "Page": 1
    },
    {
      "BlockType": "WORD",
      "Confidence": 99.89453887939453,
      "Text": "Total",
      "TextType": "PRINTED",
      "Geometry": {
        "BoundingBox": {
          "Width": 0.057496655732393265,
          "Height": 0.06833476573228836,
          "Left": 0.04458685219287872,
          "Top": 0.7482534646987915
        },
        "Polygon": [
          {
            "X": 0.04458685219287872,
            "Y": 0.7482656240463257
          },
          {
            "X": 0.10202779620885849,
            "Y": 0.7482534646987915
          },
          {
            "X": 0.10208351165056229,
            "Y": 0.816578209400177
          },
          {
            "X": 0.044639866799116135,
            "Y": 0.8165882229804993
          }
        ]
      },
      "Id": "50180d1b-194c-4858-bae6-7091f1fab0a9",
      "Page": 1
    },
    {
      "BlockType": "WORD",
      "Confidence": 99.93783569335938,
      "Text": "10",
      "TextType": "PRINTED",
      "Geometry": {
        "BoundingBox": {
          "Width": 0.024669233709573746,
          "Height": 0.061996035277843475,
          "Left": 0.3662196099758148,
          "Top": 0.750755786895752
        },
        "Polygon": [
          {
            "X": 0.3662196099758148,
            "Y": 0.7507609128952026
          },
          {
            "X": 0.390826016664505,
            "Y": 0.750755786895752
          },
          {
            "X": 0.39088886976242065,
            "Y": 0.8127474784851074
          },
          {
            "X": 0.3662814199924469,
            "Y": 0.812751829624176
          }
        ]
      },
      "Id": "c3e15520-2fc0-447b-86e3-6454423c987b",
      "Page": 1
    },
    {
      "BlockType": "WORD",
      "Confidence": 99.84110260009766,
      "Text": "151",
      "TextType": "PRINTED",
      "Geometry": {
        "BoundingBox": {
          "Width": 0.036588042974472046,
          "Height": 0.06359662860631943,
          "Left": 0.6221417784690857,
          "Top": 0.7459720373153687
        },
        "Polygon": [
          {
            "X": 0.6221417784690857,
            "Y": 0.7459797859191895
          },
          {
            "X": 0.6586536765098572,
            "Y": 0.7459720373153687
          },
          {
            "X": 0.6587297916412354,
            "Y": 0.8095621466636658
          },
          {
            "X": 0.6222163438796997,
            "Y": 0.8095686435699463
          }
        ]
      },
      "Id": "aaa49155-04dc-42c0-a026-6cd447452599",
      "Page": 1
    },
    {
      "BlockType": "WORD",
      "Confidence": 99.87846374511719,
      "Text": "161",
      "TextType": "PRINTED",
      "Geometry": {
        "BoundingBox": {
          "Width": 0.03641057386994362,
          "Height": 0.06402137130498886,
          "Left": 0.9257155656814575,
          "Top": 0.7410833239555359
        },
        "Polygon": [
          {
            "X": 0.9257155656814575,
            "Y": 0.7410911321640015
          },
          {
            "X": 0.9620361328125,
            "Y": 0.7410833239555359
          },
          {
            "X": 0.9621261358261108,
            "Y": 0.8050981163978577
          },
          {
            "X": 0.9258039593696594,
            "Y": 0.8051047325134277
          }
        ]
      },
      "Id": "75d1a513-f518-4162-bd13-62caeca677e2",
      "Page": 1
    },
    {
      "BlockType": "WORD",
      "Confidence": 99.8468246459961,
      "Text": "Note:",
      "TextType": "PRINTED",
      "Geometry": {
        "BoundingBox": {
          "Width": 0.04925088211894035,
          "Height": 0.05715228617191315,
          "Left": 0.017178252339363098,
          "Top": 0.8709036111831665
        },
        "Polygon": [
          {
            "X": 0.017178252339363098,
            "Y": 0.8709108233451843
          },
          {
            "X": 0.06638394296169281,
            "Y": 0.8709036111831665
          },
          {
            "X": 0.06642913073301315,
            "Y": 0.9280502200126648
          },
          {
            "X": 0.017221514135599136,
            "Y": 0.9280559420585632
          }
        ]
      },
      "Id": "aae74c5d-e905-4c91-9709-f33031b04840",
      "Page": 1
    },
    {
      "BlockType": "WORD",
      "Confidence": 72.81468200683594,
      "Text": "x2",
      "TextType": "PRINTED",
      "Geometry": {
        "BoundingBox": {
          "Width": 0.020645255222916603,
          "Height": 0.07645943760871887,
          "Left": 0.0714082419872284,
          "Top": 0.8664153218269348
        },
        "Polygon": [
          {
            "X": 0.0714082419872284,
            "Y": 0.8664183616638184
          },
          {
            "X": 0.09199168533086777,
            "Y": 0.8664153218269348
          },
          {
            "X": 0.09205350279808044,
            "Y": 0.9428725242614746
          },
          {
            "X": 0.07146897166967392,
            "Y": 0.9428747296333313
          }
        ]
      },
      "Id": "b1de8cd4-48a3-41f3-a1c0-1c394ba40f8c",
      "Page": 1
    },
    {
      "BlockType": "WORD",
      "Confidence": 98.59441375732422,
      "Text": "=",
      "TextType": "PRINTED",
      "Geometry": {
        "BoundingBox": {
          "Width": 0.014845941215753555,
          "Height": 0.02979731559753418,
          "Left": 0.09752500057220459,
          "Top": 0.8877086639404297
        },
        "Polygon": [
          {
            "X": 0.09752500057220459,
            "Y": 0.887710690498352
          },
          {
            "X": 0.11234644055366516,
            "Y": 0.8877086639404297
          },
          {
            "X": 0.11237094551324844,
            "Y": 0.9175041913986206
          },
          {
            "X": 0.0975492000579834,
            "Y": 0.9175059795379639
          }
        ]
      },
      "Id": "0caa7969-4948-4d5d-9c13-3f0dd0c0ef9e",
      "Page": 1
    },
    {
      "BlockType": "WORD",
      "Confidence": 76.22603607177734,
      "Text": "7.89;df=1;p",
      "TextType": "PRINTED",
      "Geometry": {
        "BoundingBox": {
          "Width": 0.13001318275928497,
          "Height": 0.07374695688486099,
          "Left": 0.11775606125593185,
          "Top": 0.8669791221618652
        },
        "Polygon": [
          {
            "X": 0.11775606125593185,
            "Y": 0.8669983744621277
          },
          {
            "X": 0.2477017492055893,
            "Y": 0.8669791221618652
          },
          {
            "X": 0.24776925146579742,
            "Y": 0.940712034702301
          },
          {
            "X": 0.1178169697523117,
            "Y": 0.940726101398468
          }
        ]
      },
      "Id": "f75b1b30-2ee0-42a5-b552-a29a02830bd7",
      "Page": 1
    },
    {
      "BlockType": "WORD",
      "Confidence": 96.36827850341797,
      "Text": "=",
      "TextType": "PRINTED",
      "Geometry": {
        "BoundingBox": {
          "Width": 0.013920355588197708,
          "Height": 0.0262457225471735,
          "Left": 0.25279951095581055,
          "Top": 0.8864471912384033
        },
        "Polygon": [
          {
            "X": 0.25279951095581055,
            "Y": 0.8864490985870361
          },
          {
            "X": 0.2666955292224884,
            "Y": 0.8864471912384033
          },
          {
            "X": 0.26671987771987915,
            "Y": 0.9126911759376526
          },
          {
            "X": 0.2528236508369446,
            "Y": 0.9126929044723511
          }
        ]
      },
      "Id": "08619ddc-ee1d-4104-82ad-869035473948",
      "Page": 1
    },
    {
      "BlockType": "WORD",
      "Confidence": 99.58297729492188,
      "Text": "0.005;",
      "TextType": "PRINTED",
      "Geometry": {
        "BoundingBox": {
          "Width": 0.057971879839897156,
          "Height": 0.06330227851867676,
          "Left": 0.2723647952079773,
          "Top": 0.869155764579773
        },
        "Polygon": [
          {
            "X": 0.2723647952079773,
            "Y": 0.8691642880439758
          },
          {
            "X": 0.33027511835098267,
            "Y": 0.869155764579773
          },
          {
            "X": 0.33033666014671326,
            "Y": 0.9324515461921692
          },
          {
            "X": 0.27242380380630493,
            "Y": 0.9324581027030945
          }
        ]
      },
      "Id": "3220593e-e11d-4974-9a0a-506a92875345",
      "Page": 1
    },
    {
      "BlockType": "WORD",
      "Confidence": 98.98160552978516,
      "Text": "=-0.22;",
      "TextType": "PRINTED",
      "Geometry": {
        "BoundingBox": {
          "Width": 0.06943225115537643,
          "Height": 0.06354862451553345,
          "Left": 0.35697564482688904,
          "Top": 0.8687106966972351
        },
        "Polygon": [
          {
            "X": 0.35697564482688904,
            "Y": 0.8687208890914917
          },
          {
            "X": 0.4263419210910797,
            "Y": 0.8687106966972351
          },
          {
            "X": 0.42640790343284607,
            "Y": 0.9322514533996582
          },
          {
            "X": 0.35703858733177185,
            "Y": 0.9322593212127686
          }
        ]
      },
      "Id": "2f8c0865-3bee-4e98-bf3b-39c6df6b1d86",
      "Page": 1
    },
    {
      "BlockType": "WORD",
      "Confidence": 99.8506088256836,
      "Text": "Yule's",
      "TextType": "PRINTED",
      "Geometry": {
        "BoundingBox": {
          "Width": 0.05476401373744011,
          "Height": 0.05860874429345131,
          "Left": 0.43027976155281067,
          "Top": 0.8649171590805054
        },
        "Polygon": [
          {
            "X": 0.43027976155281067,
            "Y": 0.8649252653121948
          },
          {
            "X": 0.48498058319091797,
            "Y": 0.8649171590805054
          },
          {
            "X": 0.48504379391670227,
            "Y": 0.9235194325447083
          },
          {
            "X": 0.4303407669067383,
            "Y": 0.923525869846344
          }
        ]
      },
      "Id": "9f4312ec-01c7-4918-b5d0-b9763392b199",
      "Page": 1
    },
    {
      "BlockType": "WORD",
      "Confidence": 99.80116271972656,
      "Text": "Q",
      "TextType": "PRINTED",
      "Geometry": {
        "BoundingBox": {
          "Width": 0.018427088856697083,
          "Height": 0.06692327558994293,
          "Left": 0.4896616041660309,
          "Top": 0.8654734492301941
        },
        "Polygon": [
          {
            "X": 0.4896616041660309,
            "Y": 0.8654761910438538
          },
          {
            "X": 0.5080154538154602,
            "Y": 0.8654734492301941
          },
          {
            "X": 0.5080887079238892,
            "Y": 0.9323946833610535
          },
          {
            "X": 0.4897339940071106,
            "Y": 0.9323967695236206
          }
        ]
      },
      "Id": "d2af11ec-611a-4708-829f-a3871696c815",
      "Page": 1
    },
    {
      "BlockType": "WORD",
      "Confidence": 99.16214752197266,
      "Text": "=-0.69",
      "TextType": "PRINTED",
      "Geometry": {
        "BoundingBox": {
          "Width": 0.06389075517654419,
          "Height": 0.055435921996831894,
          "Left": 0.5135442018508911,
          "Top": 0.8672143816947937
        },
        "Polygon": [
          {
            "X": 0.5135442018508911,
            "Y": 0.8672237992286682
          },
          {
            "X": 0.5773716568946838,
            "Y": 0.8672143816947937
          },
          {
            "X": 0.5774349570274353,
            "Y": 0.9226427674293518
          },
          {
            "X": 0.5136050581932068,
            "Y": 0.9226503372192383
          }
        ]
      },
      "Id": "4a140c67-7ad9-48f3-b339-6b0d56046c3a",
      "Page": 1
    },
    {
      "BlockType": "TABLE",
      "Confidence": 99.4140625,
      "Geometry": {
        "BoundingBox": {
          "Width": 0.9605904817581177,
          "Height": 0.4220072031021118,
          "Left": 0.015339707024395466,
          "Top": 0.41055828332901
        },
        "Polygon": [
          {
            "X": 0.015339707024395466,
            "Y": 0.4109337627887726
          },
          {
            "X": 0.9753329753875732,
            "Y": 0.41055828332901
          },
          {
            "X": 0.9759302139282227,
            "Y": 0.8324059247970581
          },
          {
            "X": 0.01565846987068653,
            "Y": 0.8325654864311218
          }
        ]
      },
      "Id": "cb515359-6ff2-4463-a6b6-d54bc8380357",
      "Relationships": [
        {
          "Type": "CHILD",
          "Ids": [
            "97aa8345-66ff-4193-a9bf-4249c09ab2da",
            "0251930b-5726-4873-bdd0-f960620d3aee",
            "6f8a4aea-12ca-4a1c-af87-36d866e891d6",
            "c8c7d400-d867-435e-900e-3991194d6361",
            "a2dd8157-f1e8-4991-9123-75c11994fcf4",
            "182a0705-57fc-4812-9c3b-6d914664b5a1",
            "686b60b1-3f94-4766-a874-9e08ab850608",
            "47e44a77-8292-463b-9d8f-6c350128ed47",
            "3d92eed3-af52-4276-9754-35930ae9d951",
            "1a9ed6fc-b883-4709-96ea-dd1c1ddbfe4f",
            "f9b86810-0023-4ea1-9494-008d51f49a1e",
            "9bd5c25b-9f2f-4cae-aaa3-945dd01b4941",
            "2f090270-ef1e-425c-b0de-9b1391053f8d",
            "ea5b7424-6895-46fd-9433-821d5037153d",
            "76fe3aa7-79ad-43e2-94fc-d3be936bc5ee",
            "f3c7a90d-7158-49a1-99e6-985cd18d5510"
          ]
        },
        {
          "Type": "TABLE_TITLE",
          "Ids": [
            "27c11407-152e-4c8d-b525-e2013ab62943"
          ]
        },
        {
          "Type": "TABLE_FOOTER",
          "Ids": [
            "3a53eced-291e-4d92-980e-290b5efdde6d"
          ]
        }
      ],
      "EntityTypes": [
        "STRUCTURED_TABLE"
      ],
      "Page": 1
    },
    {
      "BlockType": "CELL",
      "Confidence": 92.48046875,
      "RowIndex": 1,
      "ColumnIndex": 1,
      "RowSpan": 1,
      "ColumnSpan": 1,
      "Geometry": {
        "BoundingBox": {
          "Width": 0.2783202528953552,
          "Height": 0.11049073934555054,
          "Left": 0.015339707024395466,
          "Top": 0.4108249545097351
        },
        "Polygon": [
          {
            "X": 0.015339707024395466,
            "Y": 0.4109337627887726
          },
          {
            "X": 0.2935553789138794,
            "Y": 0.4108249545097351
          },
          {
            "X": 0.2936599552631378,
            "Y": 0.521223247051239
          },
          {
            "X": 0.015423158183693886,
            "Y": 0.5213156938552856
          }
        ]
      },
      "Id": "97aa8345-66ff-4193-a9bf-4249c09ab2da",
      "Page": 1
    },
    {
      "BlockType": "CELL",
      "Confidence": 91.89453125,
      "RowIndex": 1,
      "ColumnIndex": 2,
      "RowSpan": 1,
      "ColumnSpan": 1,
      "Geometry": {
        "BoundingBox": {
          "Width": 0.267472505569458,
          "Height": 0.11050286144018173,
          "Left": 0.2935553789138794,
          "Top": 0.4107203781604767
        },
        "Polygon": [
          {
            "X": 0.2935553789138794,
            "Y": 0.4108249545097351
          },
          {
            "X": 0.560903012752533,
            "Y": 0.4107203781604767
          },
          {
            "X": 0.5610278844833374,
            "Y": 0.5211344361305237
          },
          {
            "X": 0.2936599552631378,
            "Y": 0.521223247051239
          }
        ]
      },
      "Id": "0251930b-5726-4873-bdd0-f960620d3aee",
      "Relationships": [
        {
          "Type": "CHILD",
          "Ids": [
            "b07b0ab3-a833-4039-aaab-4479c4e217d9",
            "8cad73ac-10f7-49bb-a9b9-09f35764e8b4"
          ]
        }
      ],
      "EntityTypes": [
        "COLUMN_HEADER"
      ],
      "Page": 1
    },
    {
      "BlockType": "CELL",
      "Confidence": 93.75,
      "RowIndex": 1,
      "ColumnIndex": 3,
      "RowSpan": 1,
      "ColumnSpan": 1,
      "Geometry": {
        "BoundingBox": {
          "Width": 0.28575804829597473,
          "Height": 0.11052574217319489,
          "Left": 0.560903012752533,
          "Top": 0.4106086790561676
        },
        "Polygon": [
          {
            "X": 0.560903012752533,
            "Y": 0.4107203781604767
          },
          {
            "X": 0.8465145230293274,
            "Y": 0.4106086790561676
          },
          {
            "X": 0.8466610908508301,
            "Y": 0.5210395455360413
          },
          {
            "X": 0.5610278844833374,
            "Y": 0.5211344361305237
          }
        ]
      },
      "Id": "6f8a4aea-12ca-4a1c-af87-36d866e891d6",
      "Relationships": [
        {
          "Type": "CHILD",
          "Ids": [
            "2c15aa92-3e61-4ec5-8575-82a20a4a7422",
            "da4a191c-9d33-40fc-8d8f-0f15a7d07196"
          ]
        }
      ],
      "EntityTypes": [
        "COLUMN_HEADER"
      ],
      "Page": 1
    },
    {
      "BlockType": "CELL",
      "Confidence": 82.080078125,
      "RowIndex": 1,
      "ColumnIndex": 4,
      "RowSpan": 1,
      "ColumnSpan": 1,
      "Geometry": {
        "BoundingBox": {
          "Width": 0.1289748251438141,
          "Height": 0.11048122495412827,
          "Left": 0.8465145230293274,
          "Top": 0.41055828332901
        },
        "Polygon": [
          {
            "X": 0.8465145230293274,
            "Y": 0.4106086790561676
          },
          {
            "X": 0.9753329753875732,
            "Y": 0.41055828332901
          },
          {
            "X": 0.9754893183708191,
            "Y": 0.5209967494010925
          },
          {
            "X": 0.8466610908508301,
            "Y": 0.5210395455360413
          }
        ]
      },
      "Id": "c8c7d400-d867-435e-900e-3991194d6361",
      "Relationships": [
        {
          "Type": "CHILD",
          "Ids": [
            "cfcf9da4-2daa-4f93-9639-98c4ca7c7619"
          ]
        }
      ],
      "EntityTypes": [
        "COLUMN_HEADER"
      ],
      "Page": 1
    },
    {
      "BlockType": "CELL",
      "Confidence": 88.720703125,
      "RowIndex": 2,
      "ColumnIndex": 1,
      "RowSpan": 1,
      "ColumnSpan": 1,
      "Geometry": {
        "BoundingBox": {
          "Width": 0.278343141078949,
          "Height": 0.11232512444257736,
          "Left": 0.015423158183693886,
          "Top": 0.521223247051239
        },
        "Polygon": [
          {
            "X": 0.015423158183693886,
            "Y": 0.5213156938552856
          },
          {
            "X": 0.2936599552631378,
            "Y": 0.521223247051239
          },
          {
            "X": 0.2937662899494171,
            "Y": 0.6334725618362427
          },
          {
            "X": 0.015508009120821953,
            "Y": 0.633548378944397
          }
        ]
      },
      "Id": "a2dd8157-f1e8-4991-9123-75c11994fcf4",
      "Relationships": [
        {
          "Type": "CHILD",
          "Ids": [
            "c5d38f80-73bc-4a93-898c-26070ad006cb",
            "0621ee98-f3bb-4ff7-bb49-da60aa92efa1"
          ]
        }
      ],
      "Page": 1
    },
    {
      "BlockType": "CELL",
      "Confidence": 88.18359375,
      "RowIndex": 2,
      "ColumnIndex": 2,
      "RowSpan": 1,
      "ColumnSpan": 1,
      "Geometry": {
        "BoundingBox": {
          "Width": 0.26749488711357117,
          "Height": 0.11233816295862198,
          "Left": 0.2936599552631378,
          "Top": 0.5211344361305237
        },
        "Polygon": [
          {
            "X": 0.2936599552631378,
            "Y": 0.521223247051239
          },
          {
            "X": 0.5610278844833374,
            "Y": 0.5211344361305237
          },
          {
            "X": 0.561154842376709,
            "Y": 0.6333997249603271
          },
          {
            "X": 0.2937662899494171,
            "Y": 0.6334725618362427
          }
        ]
      },
      "Id": "182a0705-57fc-4812-9c3b-6d914664b5a1",
      "Relationships": [
        {
          "Type": "CHILD",
          "Ids": [
            "c8c9630d-5070-4cd0-ad1f-a1b86d7e87b0",
            "6bd05ab2-d61d-4a43-b75e-68f9b744f5e7"
          ]
        }
      ],
      "Page": 1
    },
    {
      "BlockType": "CELL",
      "Confidence": 89.94140625,
      "RowIndex": 2,
      "ColumnIndex": 3,
      "RowSpan": 1,
      "ColumnSpan": 1,
      "Geometry": {
        "BoundingBox": {
          "Width": 0.28578218817710876,
          "Height": 0.11236023157835007,
          "Left": 0.5610278844833374,
          "Top": 0.5210395455360413
        },
        "Polygon": [
          {
            "X": 0.5610278844833374,
            "Y": 0.5211344361305237
          },
          {
            "X": 0.8466610908508301,
            "Y": 0.5210395455360413
          },
          {
            "X": 0.8468101024627686,
            "Y": 0.6333219408988953
          },
          {
            "X": 0.561154842376709,
            "Y": 0.6333997249603271
          }
        ]
      },
      "Id": "686b60b1-3f94-4766-a874-9e08ab850608",
      "Relationships": [
        {
          "Type": "CHILD",
          "Ids": [
            "0ed073ed-2720-440b-886b-2621918c5eb2",
            "71486a5e-04a2-47c2-be92-971d4c763b25"
          ]
        }
      ],
      "Page": 1
    },
    {
      "BlockType": "CELL",
      "Confidence": 78.7109375,
      "RowIndex": 2,
      "ColumnIndex": 4,
      "RowSpan": 1,
      "ColumnSpan": 1,
      "Geometry": {
        "BoundingBox": {
          "Width": 0.12898722290992737,
          "Height": 0.11232522875070572,
          "Left": 0.8466610908508301,
          "Top": 0.5209967494010925
        },
        "Polygon": [
          {
            "X": 0.8466610908508301,
            "Y": 0.5210395455360413
          },
          {
            "X": 0.9754893183708191,
            "Y": 0.5209967494010925
          },
          {
            "X": 0.9756482839584351,
            "Y": 0.6332868337631226
          },
          {
            "X": 0.8468101024627686,
            "Y": 0.6333219408988953
          }
        ]
      },
      "Id": "47e44a77-8292-463b-9d8f-6c350128ed47",
      "Relationships": [
        {
          "Type": "CHILD",
          "Ids": [
            "5d55b598-125a-408a-8345-865146b4ebb3"
          ]
        }
      ],
      "Page": 1
    },
    {
      "BlockType": "CELL",
      "Confidence": 83.30078125,
      "RowIndex": 3,
      "ColumnIndex": 1,
      "RowSpan": 1,
      "ColumnSpan": 1,
      "Geometry": {
        "BoundingBox": {
          "Width": 0.2783552408218384,
          "Height": 0.10242067277431488,
          "Left": 0.015508009120821953,
          "Top": 0.6334725618362427
        },
        "Polygon": [
          {
            "X": 0.015508009120821953,
            "Y": 0.633548378944397
          },
          {
            "X": 0.2937662899494171,
            "Y": 0.6334725618362427
          },
          {
            "X": 0.2938632369041443,
            "Y": 0.7358326315879822
          },
          {
            "X": 0.015585384331643581,
            "Y": 0.7358932495117188
          }
        ]
      },
      "Id": "3d92eed3-af52-4276-9754-35930ae9d951",
      "Relationships": [
        {
          "Type": "CHILD",
          "Ids": [
            "9ac45908-0280-4c1f-b291-6c7ea6a9ab9a",
            "c0ca190a-fc70-4d57-b44b-6dde300874e4"
          ]
        }
      ],
      "Page": 1
    },
    {
      "BlockType": "CELL",
      "Confidence": 82.763671875,
      "RowIndex": 3,
      "ColumnIndex": 2,
      "RowSpan": 1,
      "ColumnSpan": 1,
      "Geometry": {
        "BoundingBox": {
          "Width": 0.26750436425209045,
          "Height": 0.10243289917707443,
          "Left": 0.2937662899494171,
          "Top": 0.6333997249603271
        },
        "Polygon": [
          {
            "X": 0.2937662899494171,
            "Y": 0.6334725618362427
          },
          {
            "X": 0.561154842376709,
            "Y": 0.6333997249603271
          },
          {
            "X": 0.5612706542015076,
            "Y": 0.7357743978500366
          },
          {
            "X": 0.2938632369041443,
            "Y": 0.7358326315879822
          }
        ]
      },
      "Id": "1a9ed6fc-b883-4709-96ea-dd1c1ddbfe4f",
      "Relationships": [
        {
          "Type": "CHILD",
          "Ids": [
            "827467ca-0352-4ca7-a8a7-4de9d0317163",
            "69075d3a-b077-455e-b004-8f7fdb565053"
          ]
        }
      ],
      "Page": 1
    },
    {
      "BlockType": "CELL",
      "Confidence": 84.423828125,
      "RowIndex": 3,
      "ColumnIndex": 3,
      "RowSpan": 1,
      "ColumnSpan": 1,
      "Geometry": {
        "BoundingBox": {
          "Width": 0.2857911288738251,
          "Height": 0.10245247185230255,
          "Left": 0.561154842376709,
          "Top": 0.6333219408988953
        },
        "Polygon": [
          {
            "X": 0.561154842376709,
            "Y": 0.6333997249603271
          },
          {
            "X": 0.8468101024627686,
            "Y": 0.6333219408988953
          },
          {
            "X": 0.8469460010528564,
            "Y": 0.7357122302055359
          },
          {
            "X": 0.5612706542015076,
            "Y": 0.7357743978500366
          }
        ]
      },
      "Id": "f9b86810-0023-4ea1-9494-008d51f49a1e",
      "Relationships": [
        {
          "Type": "CHILD",
          "Ids": [
            "bb737063-ed1d-477a-bad0-1fe68564bff4",
            "1d09cf5b-99cd-4c27-a65b-8c921ad34093"
          ]
        }
      ],
      "Page": 1
    },
    {
      "BlockType": "CELL",
      "Confidence": 73.92578125,
      "RowIndex": 3,
      "ColumnIndex": 4,
      "RowSpan": 1,
      "ColumnSpan": 1,
      "Geometry": {
        "BoundingBox": {
          "Width": 0.12898316979408264,
          "Height": 0.10242535173892975,
          "Left": 0.8468101024627686,
          "Top": 0.6332868337631226
        },
        "Polygon": [
          {
            "X": 0.8468101024627686,
            "Y": 0.6333219408988953
          },
          {
            "X": 0.9756482839584351,
            "Y": 0.6332868337631226
          },
          {
            "X": 0.9757932424545288,
            "Y": 0.7356841564178467
          },
          {
            "X": 0.8469460010528564,
            "Y": 0.7357122302055359
          }
        ]
      },
      "Id": "9bd5c25b-9f2f-4cae-aaa3-945dd01b4941",
      "Relationships": [
        {
          "Type": "CHILD",
          "Ids": [
            "5042cae3-4bcf-4222-94ed-64c12dd929ad"
          ]
        }
      ],
      "Page": 1
    },
    {
      "BlockType": "CELL",
      "Confidence": 89.35546875,
      "RowIndex": 4,
      "ColumnIndex": 1,
      "RowSpan": 1,
      "ColumnSpan": 1,
      "Geometry": {
        "BoundingBox": {
          "Width": 0.2783694267272949,
          "Height": 0.09673285484313965,
          "Left": 0.015585384331643581,
          "Top": 0.7358326315879822
        },
        "Polygon": [
          {
            "X": 0.015585384331643581,
            "Y": 0.7358932495117188
          },
          {
            "X": 0.2938632369041443,
            "Y": 0.7358326315879822
          },
          {
            "X": 0.2939548194408417,
            "Y": 0.8325192332267761
          },
          {
            "X": 0.01565846987068653,
            "Y": 0.8325654864311218
          }
        ]
      },
      "Id": "2f090270-ef1e-425c-b0de-9b1391053f8d",
      "Relationships": [
        {
          "Type": "CHILD",
          "Ids": [
            "50180d1b-194c-4858-bae6-7091f1fab0a9"
          ]
        }
      ],
      "Page": 1
    },
    {
      "BlockType": "CELL",
      "Confidence": 88.818359375,
      "RowIndex": 4,
      "ColumnIndex": 2,
      "RowSpan": 1,
      "ColumnSpan": 1,
      "Geometry": {
        "BoundingBox": {
          "Width": 0.26751676201820374,
          "Height": 0.0967448353767395,
          "Left": 0.2938632369041443,
          "Top": 0.7357743978500366
        },
        "Polygon": [
          {
            "X": 0.2938632369041443,
            "Y": 0.7358326315879822
          },
          {
            "X": 0.5612706542015076,
            "Y": 0.7357743978500366
          },
          {
            "X": 0.5613799691200256,
            "Y": 0.8324748277664185
          },
          {
            "X": 0.2939548194408417,
            "Y": 0.8325192332267761
          }
        ]
      },
      "Id": "ea5b7424-6895-46fd-9433-821d5037153d",
      "Relationships": [
        {
          "Type": "CHILD",
          "Ids": [
            "c3e15520-2fc0-447b-86e3-6454423c987b"
          ]
        }
      ],
      "Page": 1
    },
    {
      "BlockType": "CELL",
      "Confidence": 90.576171875,
      "RowIndex": 4,
      "ColumnIndex": 3,
      "RowSpan": 1,
      "ColumnSpan": 1,
      "Geometry": {
        "BoundingBox": {
          "Width": 0.2858037054538727,
          "Height": 0.09676259756088257,
          "Left": 0.5612706542015076,
          "Top": 0.7357122302055359
        },
        "Polygon": [
          {
            "X": 0.5612706542015076,
            "Y": 0.7357743978500366
          },
          {
            "X": 0.8469460010528564,
            "Y": 0.7357122302055359
          },
          {
            "X": 0.8470743298530579,
            "Y": 0.8324273228645325
          },
          {
            "X": 0.5613799691200256,
            "Y": 0.8324748277664185
          }
        ]
      },
      "Id": "76fe3aa7-79ad-43e2-94fc-d3be936bc5ee",
      "Relationships": [
        {
          "Type": "CHILD",
          "Ids": [
            "aaa49155-04dc-42c0-a026-6cd447452599"
          ]
        }
      ],
      "Page": 1
    },
    {
      "BlockType": "CELL",
      "Confidence": 79.296875,
      "RowIndex": 4,
      "ColumnIndex": 4,
      "RowSpan": 1,
      "ColumnSpan": 1,
      "Geometry": {
        "BoundingBox": {
          "Width": 0.1289842128753662,
          "Height": 0.09674317389726639,
          "Left": 0.8469460010528564,
          "Top": 0.7356841564178467
        },
        "Polygon": [
          {
            "X": 0.8469460010528564,
            "Y": 0.7357122302055359
          },
          {
            "X": 0.9757932424545288,
            "Y": 0.7356841564178467
          },
          {
            "X": 0.9759302139282227,
            "Y": 0.8324059247970581
          },
          {
            "X": 0.8470743298530579,
            "Y": 0.8324273228645325
          }
        ]
      },
      "Id": "f3c7a90d-7158-49a1-99e6-985cd18d5510",
      "Relationships": [
        {
          "Type": "CHILD",
          "Ids": [
            "75d1a513-f518-4162-bd13-62caeca677e2"
          ]
        }
      ],
      "Page": 1
    },
    {
      "BlockType": "TABLE_TITLE",
      "Confidence": 95.166015625,
      "Geometry": {
        "BoundingBox": {
          "Width": 0.9045342803001404,
          "Height": 0.22323712706565857,
          "Left": 0.05271900072693825,
          "Top": 0.1673610806465149
        },
        "Polygon": [
          {
            "X": 0.05271900072693825,
            "Y": 0.16783197224140167
          },
          {
            "X": 0.9569404721260071,
            "Y": 0.1673610806465149
          },
          {
            "X": 0.9572532773017883,
            "Y": 0.39023470878601074
          },
          {
            "X": 0.05289316922426224,
            "Y": 0.39059820771217346
          }
        ]
      },
      "Id": "27c11407-152e-4c8d-b525-e2013ab62943",
      "Relationships": [
        {
          "Type": "CHILD",
          "Ids": [
            "a6082d86-7872-448e-afab-08bf48e5ea31",
            "d2f1b682-19aa-401f-86b6-9617904cd427",
            "6ef3b0a7-4752-42ae-8c50-1a5074c0d254",
            "f3823a2c-f940-40c7-aceb-494c37c912f9",
            "4764ed26-057a-4562-aebb-f192bc6f7886",
            "e323f6f9-ec02-4d2c-9ce3-c717a3c96310",
            "49d0a06f-98fb-4b5d-a4b4-25c8e88707b0",
            "52bf8500-1fb2-4424-8e1d-9182cf89bf7c",
            "9278e44e-32ba-4052-9ea5-82d95b851d6d",
            "d2a6d7a9-caf9-4e85-a4d9-63c46bab2b29",
            "9c4bdffb-c212-4841-9c32-d7e496334a64",
            "4d6017a6-8e82-4801-bac3-ca1f65fd77e9",
            "5a71833d-e21c-41b3-90f4-295dced9ca65",
            "6cb491b0-1ecc-421f-9181-f630c41e7873",
            "07bfab7a-cfed-487b-980b-c9f5386deb7c",
            "eb199217-74ae-4b1f-8bdf-36334577314c"
          ]
        }
      ],
      "Page": 1
    },
    {
      "BlockType": "TABLE_FOOTER",
      "Confidence": 97.607421875,
      "Geometry": {
        "BoundingBox": {
          "Width": 0.5632098317146301,
          "Height": 0.07677372545003891,
          "Left": 0.015307263471186161,
          "Top": 0.8650144934654236
        },
        "Polygon": [
          {
            "X": 0.015307263471186161,
            "Y": 0.8650982975959778
          },
          {
            "X": 0.5784294605255127,
            "Y": 0.8650144934654236
          },
          {
            "X": 0.5785171389579773,
            "Y": 0.9417274594306946
          },
          {
            "X": 0.01536522340029478,
            "Y": 0.9417882561683655
          }
        ]
      },
      "Id": "3a53eced-291e-4d92-980e-290b5efdde6d",
      "Relationships": [
        {
          "Type": "CHILD",
          "Ids": [
            "aae74c5d-e905-4c91-9709-f33031b04840",
            "b1de8cd4-48a3-41f3-a1c0-1c394ba40f8c",
            "0caa7969-4948-4d5d-9c13-3f0dd0c0ef9e",
            "f75b1b30-2ee0-42a5-b552-a29a02830bd7",
            "08619ddc-ee1d-4104-82ad-869035473948",
            "3220593e-e11d-4974-9a0a-506a92875345",
            "2f8c0865-3bee-4e98-bf3b-39c6df6b1d86",
            "9f4312ec-01c7-4918-b5d0-b9763392b199",
            "d2af11ec-611a-4708-829f-a3871696c815",
            "4a140c67-7ad9-48f3-b339-6b0d56046c3a"
          ]
        }
      ],
      "Page": 1
    }
  ],
  "AnalyzeDocumentModelVersion": "1.0"
}