"'","'","'","'",
"'Room Number","'Room Block","'Room Function (after Ciolek- Torrello 1978)","'Room Function (after Reid and Whittlesey 1982)",
"'2","'1","'Limited activity","'Limited activity, food processing",
"'3","'4","'Multifunctional habitation","'Generalized habitation",
"'4","'1","'Habitation","'Specialized habitation",
"'5","'1","'Habitation","'Specialized habitation",
"'6","'1","'Habitation","'Specialized habitation",
"'7","'1","'Habitation","'Specialized habitation",
"'8","'1","'Habitation","'Specialized habitation",
"'9","'4","'Domestic storage","'Ceremonial",
"'11","'1","'Multifunctional habitation","'Generalized habitation",
"'12","'2","'Limited activity","'Limited activity, food processing",
"'13","'2","'Storage, Manufacturing","'Storage, Manufacturing",
"'15","'1","'Limited activity","'Limited activity, food processing",
"'18","'2","'Limited activity","'Kiva",
"'19","'2","'Domestic storage","'Storage",
"'21","'2","'Storage, manufacturing","'Storage, manufacturing",
"'22","'2","'Manufacturing","'Manufacturing",
"'24","'0","'Habitation","'Specialized habitation",
"'25","'0","'Multifunctional habitation","'Generalized habitation",
"'26","'2","'Limited activity","'Limited activity, manufacturing",
"'27","'2","'Habitation","'Specialized habitation",
"'33","'1","'Limited activity","'Ceremonial",
"'35","'1","'Domestic storage","'Storage",
"'37","'1","'Limited activity","'Limited activity, food processing",
"'39","'1","'Storage, manufacturing","'Storage, manufacturing",
"'40","'1","'Limited activity","'Limited activity, manufacturing",
"'42","'1","'Limited activity","'Limited activity, manufacturing",
"'43","'1","'Storage, manufacturing","'Storage, manufacturing",
"'44","'1","'Storage, manufacturing","'Storage, manufacturing",
"'45","'1","'Domestic storage","'Storage",
"'68","'1","'Multifunctional habitation","'Generalized habitation",
"'69","'1","'Manufacturing","'Manufacturing",
"'70","'1","'Manufacturing","'Manufacturing",
"'97","'1","'Multifunctional habitation","'Generalized habitation",
"'100","'1","'Habitation","'Specialized habitation",
"'104","'1","'Habitation","'Specialized habitation",
"'107","'1","'Limited activity","'Ceremonial",
"'108","'1","'Manufacturing","'Manufacturing",
"'112","'5","'Manufacturing","'Manufacturing",
"'113","'5","'Storage, manufacturing","'Storage, manufacturing",
"'114","'5","'Habitation","'Specialized habitation",
"'115","'5","'Multifunctional habitation","'Generalized habitation",
"'116","'5","'Multifunctional habitation","'Generalized habitation",
"'121","'1","'Limited activity","'Limited activity, manufacturing",
"'143","'2","'Habitation","'Specialized habitation",
"'145","'2","'Manufacturing","'Manufacturing",
"'153","'2","'Limited activity","'Limited activity, manufacturing",
"'183","'2","'Domestic storage","'Storage",
"'187","'2","'Manufacturing","'Manufacturing",
"'195","'5","'Limited activity","'Limited activity, food processing",
"'197","'2","'Limited activity","'Ceremonial",
"'198","'10","'Domestic storage","'Limited activity, manufacturing",
"'205","'3","'Multifunctional habitation","'Generalized habitation",
"'206","'3","'Limited activity","'Kiva",
"'210","'3","'Domestic storage","'Ceremonial",
"'211","'3","'Habitation","'Specialized habitation",
"'215","'3","'Domestic storage","'Storage",
"'216","'3","'Multifunctional habitation","'Generalized habitation",
"'218","'3","'Habitation","'Specialized habitation",
"'231","'3","'Manufacturing","'Manufacturing",
"'246","'3","'Storage, manufacturing","'Storage, manufacturing",
"'269","'3","'Manufacturing","'Manufacturing",
"'274","'3","'Limited activity","'Ceremonial",
"'279","'3","'Manufacturing","'Manufacturing",
"'280","'3","'Limited activity","'Limited activity, manufacturing",
"'309","'0","'Multifunctional habitation","'Generalized habitation",
"'312","'0","'Multifunctional habitation","'Generalized habitation",
"'319","'6","'Multifunctional habitation","'Generalized habitation",
"'341","'7","'Limited activity","'Kiva",
"'349","'7","'Storage, manufacturing","'Storage, manufacturing",
"'352","'7","'Limited activity","'Limited activity, food processing",
"'353","'8","'Habitation","'Specialized habitation",
"'354","'8","'Multifunctional habitation","'Generalized habitation",
"'355","'8","'Multifunctional habitation","'Generalized habitation",
"'356","'8","'Limited activity","'Limited activity, food processing",
"'359","'0","'Multifunctional habitation","'Generalized habitation",
"'371","'9","'Multifunctional habitation","'Generalized habitation",
"'376","'9","'Domestic storage","'Ceremonial",
"'395","'12","'Manufacturing","'Manufacturing",
"'397","'12","'Habitation","'Specialized habitation",
"'398","'12","'Habitation","'Specialized habitation",
"'404","'12","'Limited activity","'Limited activity, manufacturing",
"'411","'12","'Multifunctional habitation","'Generalized habitation",
"'414","'10","'Limited activity","'Ceremonial",
"'420","'10","'Multifunctional habitation","'Generalized habitation",
"'425","'11","'Limited activity","'Limited activity, food processing",
"'434","'13","'Limited activity","'Ceremonial",
"'438","'3","'Manufacturing","'Manufacturing",
,,,

'Confidence Scores % (Table Cell)
"'61.03515625","'61.03515625","'61.03515625","'61.03515625",
"'92.48046875","'88.67187500","'95.80078125","'96.14257813",
"'85.79101563","'82.22656250","'88.81835938","'89.16015625",
"'88.96484375","'85.25390625","'92.13867188","'92.43164063",
"'89.06250000","'85.35156250","'92.23632813","'92.52929688",
"'88.23242188","'84.61914063","'91.40625000","'91.74804688",
"'88.52539063","'84.86328125","'91.69921875","'92.04101563",
"'88.91601563","'85.20507813","'92.08984375","'92.38281250",
"'90.67382813","'86.91406250","'93.94531250","'94.28710938",
"'90.57617188","'86.81640625","'93.79882813","'94.14062500",
"'90.91796875","'87.15820313","'94.18945313","'94.48242188",
"'90.42968750","'86.66992188","'93.65234375","'93.99414063",
"'88.76953125","'85.05859375","'91.94335938","'92.23632813",
"'86.08398438","'82.51953125","'89.16015625","'89.50195313",
"'88.72070313","'85.05859375","'91.89453125","'92.18750000",
"'90.62500000","'86.86523438","'93.84765625","'94.18945313",
"'90.08789063","'86.37695313","'93.31054688","'93.65234375",
"'89.99023438","'86.27929688","'93.21289063","'93.55468750",
"'91.16210938","'87.35351563","'94.43359375","'94.72656250",
"'88.86718750","'85.15625000","'92.04101563","'92.33398438",
"'88.18359375","'84.52148438","'91.30859375","'91.65039063",
"'88.47656250","'84.81445313","'91.65039063","'91.99218750",
"'90.03906250","'86.32812500","'93.26171875","'93.60351563",
"'90.96679688","'87.20703125","'94.23828125","'94.53125000",
"'89.45312500","'85.74218750","'92.67578125","'92.96875000",
"'90.33203125","'86.57226563","'93.55468750","'93.89648438",
"'89.25781250","'85.54687500","'92.48046875","'92.77343750",
"'88.28125000","'84.61914063","'91.45507813","'91.79687500",
"'88.57421875","'84.91210938","'91.74804688","'92.08984375",
"'87.25585938","'83.64257813","'90.38085938","'90.67382813",
"'87.45117188","'83.78906250","'90.57617188","'90.86914063",
"'90.23437500","'86.47460938","'93.45703125","'93.79882813",
"'84.32617188","'80.85937500","'87.35351563","'87.64648438",
"'88.42773438","'84.76562500","'91.60156250","'91.94335938",
"'85.93750000","'82.37304688","'89.01367188","'89.35546875",
"'87.30468750","'83.69140625","'90.42968750","'90.72265625",
"'88.47656250","'84.81445313","'91.65039063","'91.99218750",
"'89.64843750","'85.93750000","'92.82226563","'93.16406250",
"'88.28125000","'84.61914063","'91.45507813","'91.79687500",
"'89.40429688","'85.69335938","'92.62695313","'92.91992188",
"'84.61914063","'81.10351563","'87.64648438","'87.93945313",
"'82.22656250","'78.80859375","'85.15625000","'85.44921875",
"'86.27929688","'82.71484375","'89.35546875","'89.69726563",
"'89.06250000","'85.35156250","'92.23632813","'92.52929688",
"'86.37695313","'82.81250000","'89.45312500","'89.79492188",
"'89.35546875","'85.64453125","'92.57812500","'92.87109375",
"'84.13085938","'80.61523438","'87.10937500","'87.45117188",
"'79.29687500","'75.97656250","'82.12890625","'82.42187500",
"'86.52343750","'82.91015625","'89.59960938","'89.94140625",
"'88.33007813","'84.66796875","'91.50390625","'91.84570313",
"'86.66992188","'83.05664063","'89.74609375","'90.03906250",
"'85.44921875","'81.88476563","'88.52539063","'88.81835938",
"'87.79296875","'84.17968750","'90.91796875","'91.25976563",
"'85.93750000","'82.37304688","'89.01367188","'89.35546875",
"'85.88867188","'82.32421875","'88.91601563","'89.25781250",
"'88.67187500","'85.00976563","'91.84570313","'92.18750000",
"'89.50195313","'85.79101563","'92.67578125","'93.01757813",
"'88.23242188","'84.57031250","'91.35742188","'91.69921875",
"'82.81250000","'79.39453125","'85.79101563","'86.08398438",
"'85.93750000","'82.37304688","'89.01367188","'89.35546875",
"'88.52539063","'84.86328125","'91.69921875","'92.04101563",
"'88.86718750","'85.15625000","'92.04101563","'92.33398438",
"'88.86718750","'85.15625000","'92.04101563","'92.33398438",
"'86.91406250","'83.30078125","'90.03906250","'90.33203125",
"'85.54687500","'81.98242188","'88.62304688","'88.91601563",
"'89.59960938","'85.88867188","'92.77343750","'93.11523438",
"'89.69726563","'85.98632813","'92.87109375","'93.21289063",
"'88.67187500","'85.00976563","'91.84570313","'92.18750000",
"'85.54687500","'81.98242188","'88.62304688","'88.91601563",
"'76.66015625","'73.48632813","'79.39453125","'79.68750000",
"'86.96289063","'83.34960938","'90.08789063","'90.38085938",
"'89.35546875","'85.64453125","'92.57812500","'92.87109375",
"'91.21093750","'87.40234375","'94.48242188","'94.77539063",
"'88.76953125","'85.05859375","'91.94335938","'92.23632813",
"'84.47265625","'81.00585938","'87.50000000","'87.79296875",
"'89.45312500","'85.74218750","'92.67578125","'92.96875000",
"'90.82031250","'87.06054688","'94.09179688","'94.43359375",
"'89.69726563","'85.98632813","'92.87109375","'93.21289063",
"'83.44726563","'79.98046875","'86.42578125","'86.71875000",
"'83.93554688","'80.46875000","'86.91406250","'87.25585938",
"'88.72070313","'85.05859375","'91.89453125","'92.18750000",
"'89.11132813","'85.44921875","'92.33398438","'92.62695313",
"'91.55273438","'87.79296875","'94.82421875","'95.16601563",
"'89.64843750","'85.93750000","'92.82226563","'93.16406250",
"'88.18359375","'84.52148438","'91.30859375","'91.65039063",
"'89.84375000","'86.13281250","'93.06640625","'93.40820313",
"'90.03906250","'86.32812500","'93.26171875","'93.60351563",
"'89.69726563","'85.98632813","'92.87109375","'93.21289063",
"'80.66406250","'77.34375000","'83.54492188","'83.83789063",
