"'Room","'Room Block","'Description",
"'5","'1","'Rectangular slab-lined hearth",
"'11","'1","'Rectangular slab-lined hearth",
"'23","'2","'Rectangular slab-lined hearth",
"'28","'1","'Rectangular slab-lined hearth",
"'31","'1","'Rectangular slab-lined hearth",
"'40","'1","'3 Rectangular slab-lined hearths, collapsed roof hatch",
"'41","'1","'Rectangular slab-lined hearth",
"'44","'1","'Rectangular slab-lined hearth",
"'45","'1","'Rectangular slab-lined hearth",
"'47","'1","'Mealing bin",
"'62","'1","'Rectangular slab-lined hearth",
"'68","'1","'Rectangular slab-lined hearth",
"'69","'1","'Rectangular slab-lined hearth, possible hearth",
"'104","'1","'Rectangular slab-lined hearth, collapsed roof hatch",
"'112","'5","'Rectangular slab-lined hearth, mealing bin",
"'113","'5","'2 Mealing bins",
"'115","'5","'Rectangular slab-lined hearth",
"'146","'2","'Rectangular slab-lined hearth",
"'183","'2","'3 Rectangular slab-lined hearths, mealing bin",
"'187","'2","'Rectangular slab-lined hearth",
"'231","'3","'Rectangular slab-lined hearth, mealing bin",
"'246","'3","'Rectangular slab-lined hearth, mealing bin",
"'279","'3","'Rectangular slab-lined hearth",
"'280","'3","'Rectangular slab-lined hearth",
"'341","'7","'Rectangular slab-lined hearth",
"'352","'7","'Rectangular slab-lined hearth, mealing bin",
,,

'Confidence Scores % (Table Cell)
"'93.60351563","'93.75000000","'97.07031250",
"'91.60156250","'91.74804688","'95.01953125",
"'89.69726563","'89.84375000","'93.01757813",
"'91.01562500","'91.16210938","'94.43359375",
"'91.11328125","'91.25976563","'94.53125000",
"'91.35742188","'91.50390625","'94.77539063",
"'91.74804688","'91.84570313","'95.16601563",
"'90.03906250","'90.18554688","'93.40820313",
"'91.06445313","'91.21093750","'94.48242188",
"'89.11132813","'89.25781250","'92.48046875",
"'87.20703125","'87.35351563","'90.47851563",
"'90.72265625","'90.82031250","'94.09179688",
"'90.86914063","'91.01562500","'94.28710938",
"'90.72265625","'90.82031250","'94.09179688",
"'90.91796875","'91.06445313","'94.33593750",
"'88.72070313","'88.86718750","'92.04101563",
"'88.52539063","'88.67187500","'91.84570313",
"'89.30664063","'89.45312500","'92.67578125",
"'89.25781250","'89.40429688","'92.62695313",
"'89.89257813","'90.03906250","'93.26171875",
"'85.30273438","'85.44921875","'88.52539063",
"'89.89257813","'89.99023438","'93.21289063",
"'89.40429688","'89.55078125","'92.77343750",
"'88.37890625","'88.52539063","'91.69921875",
"'89.69726563","'89.84375000","'93.01757813",
"'89.30664063","'89.45312500","'92.67578125",
"'92.52929688","'92.67578125","'95.99609375",
