{
  "DocumentMetadata": {
    "Pages": 1
  },
  "JobStatus": "SUCCEEDED",
  "Blocks": [
    {
      "BlockType": "PAGE",
      "Geometry": {
        "BoundingBox": {
          "Width": 1,
          "Height": 1,
          "Left": 0,
          "Top": 0
        },
        "Polygon": [
          {
            "X": 0.0011328049004077911,
            "Y": 0
          },
          {
            "X": 1,
            "Y": 0.0000033605135740799597
          },
          {
            "X": 1,
            "Y": 1
          },
          {
            "X": 0,
            "Y": 1
          }
        ]
      },
      "Id": "010052d2-9d5a-4ec7-91ed-9f96c98afd64",
      "Relationships": [
        {
          "Type": "CHILD",
          "Ids": [
            "a2f75e95-a2d6-461d-a465-ef68a04b0cd0",
            "c199cd2d-57f1-4650-95a5-bc5e98dfd24e",
            "7f3bdda7-92c5-4e3b-a027-68189e9e862d",
            "adc21d02-e867-46e6-b1d3-36c09516f2fc",
            "f57f4797-c330-4b54-a2ef-8b9cf2d0a641",
            "66a7141b-a162-407f-ab49-0970b5309182",
            "f247108b-3852-4e53-8e1e-e39bf3efdd9c",
            "e0e8b996-6a11-45e8-a71e-274cc5017ada",
            "aae93a70-7535-4c18-a903-864081e86ace",
            "a9ea9bbe-b140-4fdb-9bca-d92568b9ccb6",
            "78c4d909-8368-4804-af39-92d915e03183",
            "d0763f8c-15aa-4dec-b94f-248c23447740",
            "66dcf7ef-29fe-4169-ac71-cd6f8adc63f0",
            "753684fa-3932-4645-886b-56d1ddf12259",
            "0a2d7864-20f8-4349-b80e-283b8841562c",
            "008bc8d2-0d38-43dc-a836-6febb12be741",
            "41daf6d7-3b93-4cbf-aa7f-d1ccabc5f870",
            "49fd2014-3485-418b-be39-dbd1347da4f1",
            "0db8d8f1-37b6-4000-9847-87c6a8d242b7"
          ]
        }
      ],
      "Page": 1
    },
    {
      "BlockType": "LINE",
      "Confidence": 99.74461364746094,
      "Text": "TABLE A.19.",
      "Geometry": {
        "BoundingBox": {
          "Width": 0.1467447280883789,
          "Height": 0.12090829759836197,
          "Left": 0.42416417598724365,
          "Top": 0.04355323314666748
        },
        "Polygon": [
          {
            "X": 0.4244403541088104,
            "Y": 0.04355323314666748
          },
          {
            "X": 0.5709089040756226,
            "Y": 0.04376442730426788
          },
          {
            "X": 0.5706353783607483,
            "Y": 0.16446153819561005
          },
          {
            "X": 0.42416417598724365,
            "Y": 0.16424474120140076
          }
        ]
      },
      "Id": "a2f75e95-a2d6-461d-a465-ef68a04b0cd0",
      "Relationships": [
        {
          "Type": "CHILD",
          "Ids": [
            "e4cad5d6-2add-418e-a454-770a58d7f4c7",
            "efb5c4ba-57e4-4483-a930-4cb874241073"
          ]
        }
      ],
      "Page": 1
    },
    {
      "BlockType": "LINE",
      "Confidence": 99.54450988769531,
      "Text": "Distribution of Room Partitions (n = 3)",
      "Geometry": {
        "BoundingBox": {
          "Width": 0.5038039088249207,
          "Height": 0.12779752910137177,
          "Left": 0.24587495625019073,
          "Top": 0.20756608247756958
        },
        "Polygon": [
          {
            "X": 0.24616900086402893,
            "Y": 0.20756608247756958
          },
          {
            "X": 0.749678909778595,
            "Y": 0.20831826329231262
          },
          {
            "X": 0.7493943572044373,
            "Y": 0.33536359667778015
          },
          {
            "X": 0.24587495625019073,
            "Y": 0.33459118008613586
          }
        ]
      },
      "Id": "c199cd2d-57f1-4650-95a5-bc5e98dfd24e",
      "Relationships": [
        {
          "Type": "CHILD",
          "Ids": [
            "5a25330e-e55a-45da-ad82-14204a90f48c",
            "539e99ab-768f-42e0-8953-d592f6c53ff3",
            "6c4957ca-9983-4899-8e29-f58fb7418dd6",
            "d3dc2744-b8c9-4a2e-aa27-c8500d659a68",
            "c12965f4-c1ef-45b4-933d-38ab1ed27382",
            "e1bb90d4-07b5-48a4-9db3-e1700e6dba21",
            "c45c7862-1d53-4c67-85f3-dd3c2742bfdb"
          ]
        }
      ],
      "Page": 1
    },
    {
      "BlockType": "LINE",
      "Confidence": 99.96347045898438,
      "Text": "Room Block",
      "Geometry": {
        "BoundingBox": {
          "Width": 0.14273782074451447,
          "Height": 0.09926238656044006,
          "Left": 0.015245042741298676,
          "Top": 0.3918280303478241
        },
        "Polygon": [
          {
            "X": 0.015477708540856838,
            "Y": 0.3918280303478241
          },
          {
            "X": 0.15798287093639374,
            "Y": 0.39204922318458557
          },
          {
            "X": 0.15775230526924133,
            "Y": 0.4910903871059418
          },
          {
            "X": 0.015245042741298676,
            "Y": 0.49086472392082214
          }
        ]
      },
      "Id": "7f3bdda7-92c5-4e3b-a027-68189e9e862d",
      "Relationships": [
        {
          "Type": "CHILD",
          "Ids": [
            "af9aaedc-3327-46a5-b709-0bd72781674a",
            "8a6a9eaf-3bb9-40e6-9ff7-b44a6ef19645"
          ]
        }
      ],
      "Page": 1
    },
    {
      "BlockType": "LINE",
      "Confidence": 99.97064208984375,
      "Text": "Room",
      "Geometry": {
        "BoundingBox": {
          "Width": 0.06999960541725159,
          "Height": 0.09329474717378616,
          "Left": 0.3296798765659332,
          "Top": 0.39823663234710693
        },
        "Polygon": [
          {
            "X": 0.32989442348480225,
            "Y": 0.39823663234710693
          },
          {
            "X": 0.3996794819831848,
            "Y": 0.39834511280059814
          },
          {
            "X": 0.3994659185409546,
            "Y": 0.4915314018726349
          },
          {
            "X": 0.3296798765659332,
            "Y": 0.4914208650588989
          }
        ]
      },
      "Id": "adc21d02-e867-46e6-b1d3-36c09516f2fc",
      "Relationships": [
        {
          "Type": "CHILD",
          "Ids": [
            "caedba8d-468b-4cee-b392-97d81837629e"
          ]
        }
      ],
      "Page": 1
    },
    {
      "BlockType": "LINE",
      "Confidence": 99.88810729980469,
      "Text": "Location",
      "Geometry": {
        "BoundingBox": {
          "Width": 0.10068728029727936,
          "Height": 0.0933324545621872,
          "Left": 0.5393784046173096,
          "Top": 0.39854779839515686
        },
        "Polygon": [
          {
            "X": 0.5395900011062622,
            "Y": 0.39854779839515686
          },
          {
            "X": 0.6400657296180725,
            "Y": 0.398703932762146
          },
          {
            "X": 0.6398555040359497,
            "Y": 0.49188023805618286
          },
          {
            "X": 0.5393784046173096,
            "Y": 0.49172112345695496
          }
        ]
      },
      "Id": "f57f4797-c330-4b54-a2ef-8b9cf2d0a641",
      "Relationships": [
        {
          "Type": "CHILD",
          "Ids": [
            "4fce24e5-009f-41ee-afb9-a41ca4d82f92"
          ]
        }
      ],
      "Page": 1
    },
    {
      "BlockType": "LINE",
      "Confidence": 99.84896850585938,
      "Text": "Associated Floor",
      "Geometry": {
        "BoundingBox": {
          "Width": 0.19189901649951935,
          "Height": 0.09629368036985397,
          "Left": 0.7897825241088867,
          "Top": 0.3994273841381073
        },
        "Polygon": [
          {
            "X": 0.7899969220161438,
            "Y": 0.3994273841381073
          },
          {
            "X": 0.9816815257072449,
            "Y": 0.3997253179550171
          },
          {
            "X": 0.9814698696136475,
            "Y": 0.49572107195854187
          },
          {
            "X": 0.7897825241088867,
            "Y": 0.4954172968864441
          }
        ]
      },
      "Id": "66a7141b-a162-407f-ab49-0970b5309182",
      "Relationships": [
        {
          "Type": "CHILD",
          "Ids": [
            "7222451f-5b13-43c3-8866-1c4356e9f798",
            "e76cfead-bffe-4fa0-9cb9-699292994bf5"
          ]
        }
      ],
      "Page": 1
    },
    {
      "BlockType": "LINE",
      "Confidence": 99.83651733398438,
      "Text": "Unaffiliated",
      "Geometry": {
        "BoundingBox": {
          "Width": 0.13493534922599792,
          "Height": 0.09854866564273834,
          "Left": 0.01561801042407751,
          "Top": 0.5545613765716553
        },
        "Polygon": [
          {
            "X": 0.015849001705646515,
            "Y": 0.5545613765716553
          },
          {
            "X": 0.150553360581398,
            "Y": 0.5547774434089661
          },
          {
            "X": 0.15032434463500977,
            "Y": 0.6531100273132324
          },
          {
            "X": 0.01561801042407751,
            "Y": 0.6528898477554321
          }
        ]
      },
      "Id": "f247108b-3852-4e53-8e1e-e39bf3efdd9c",
      "Relationships": [
        {
          "Type": "CHILD",
          "Ids": [
            "2280786e-b789-46e1-abfe-9ae647692ed8"
          ]
        }
      ],
      "Page": 1
    },
    {
      "BlockType": "LINE",
      "Confidence": 99.98358917236328,
      "Text": "359",
      "Geometry": {
        "BoundingBox": {
          "Width": 0.04094480723142624,
          "Height": 0.08937396109104156,
          "Left": 0.34351804852485657,
          "Top": 0.565251886844635
        },
        "Polygon": [
          {
            "X": 0.34372347593307495,
            "Y": 0.565251886844635
          },
          {
            "X": 0.3844628632068634,
            "Y": 0.5653173327445984
          },
          {
            "X": 0.384257972240448,
            "Y": 0.6546258330345154
          },
          {
            "X": 0.34351804852485657,
            "Y": 0.6545592546463013
          }
        ]
      },
      "Id": "e0e8b996-6a11-45e8-a71e-274cc5017ada",
      "Relationships": [
        {
          "Type": "CHILD",
          "Ids": [
            "27d45a0e-cc73-4ff2-8636-eb3e6cb74235"
          ]
        }
      ],
      "Page": 1
    },
    {
      "BlockType": "LINE",
      "Confidence": 99.81553649902344,
      "Text": "SE Quad",
      "Geometry": {
        "BoundingBox": {
          "Width": 0.10187259316444397,
          "Height": 0.11279375106096268,
          "Left": 0.5390289425849915,
          "Top": 0.5582225918769836
        },
        "Polygon": [
          {
            "X": 0.5392847061157227,
            "Y": 0.5582225918769836
          },
          {
            "X": 0.6409015655517578,
            "Y": 0.5583856701850891
          },
          {
            "X": 0.6406474709510803,
            "Y": 0.6710163354873657
          },
          {
            "X": 0.5390289425849915,
            "Y": 0.6708496809005737
          }
        ]
      },
      "Id": "aae93a70-7535-4c18-a903-864081e86ace",
      "Relationships": [
        {
          "Type": "CHILD",
          "Ids": [
            "871f9cc9-96c9-4341-8d9b-068a535ec807",
            "0815ebe2-9ac3-477b-be05-1ca2c2e26e2b"
          ]
        }
      ],
      "Page": 1
    },
    {
      "BlockType": "LINE",
      "Confidence": 98.77105712890625,
      "Text": "1",
      "Geometry": {
        "BoundingBox": {
          "Width": 0.009218215011060238,
          "Height": 0.08601264655590057,
          "Left": 0.8829966187477112,
          "Top": 0.5711581707000732
        },
        "Polygon": [
          {
            "X": 0.8831875324249268,
            "Y": 0.5711581707000732
          },
          {
            "X": 0.892214834690094,
            "Y": 0.5711727142333984
          },
          {
            "X": 0.8920240998268127,
            "Y": 0.657170832157135
          },
          {
            "X": 0.8829966187477112,
            "Y": 0.6571560502052307
          }
        ]
      },
      "Id": "a9ea9bbe-b140-4fdb-9bca-d92568b9ccb6",
      "Relationships": [
        {
          "Type": "CHILD",
          "Ids": [
            "0821a5aa-af7b-4fc9-b393-39654735e76c"
          ]
        }
      ],
      "Page": 1
    },
    {
      "BlockType": "LINE",
      "Confidence": 99.3583755493164,
      "Text": "Room Block 1",
      "Geometry": {
        "BoundingBox": {
          "Width": 0.15859578549861908,
          "Height": 0.09550350159406662,
          "Left": 0.015411787666380405,
          "Top": 0.6963543891906738
        },
        "Polygon": [
          {
            "X": 0.015635516494512558,
            "Y": 0.6963543891906738
          },
          {
            "X": 0.1740075796842575,
            "Y": 0.6966155171394348
          },
          {
            "X": 0.17378608882427216,
            "Y": 0.791857898235321
          },
          {
            "X": 0.015411787666380405,
            "Y": 0.791592001914978
          }
        ]
      },
      "Id": "78c4d909-8368-4804-af39-92d915e03183",
      "Relationships": [
        {
          "Type": "CHILD",
          "Ids": [
            "be939827-5e1c-4296-9473-f0d40f68d18e",
            "7a21a4a5-5c42-488e-bfb8-22216c7d71c3",
            "4ffa3b44-75e6-465d-ad1e-37c6e637e375"
          ]
        }
      ],
      "Page": 1
    },
    {
      "BlockType": "LINE",
      "Confidence": 99.94813537597656,
      "Text": "45",
      "Geometry": {
        "BoundingBox": {
          "Width": 0.027216412127017975,
          "Height": 0.0887024998664856,
          "Left": 0.35015812516212463,
          "Top": 0.7050583362579346
        },
        "Polygon": [
          {
            "X": 0.3503619432449341,
            "Y": 0.7050583362579346
          },
          {
            "X": 0.377374529838562,
            "Y": 0.7051029205322266
          },
          {
            "X": 0.37717103958129883,
            "Y": 0.7937608361244202
          },
          {
            "X": 0.35015812516212463,
            "Y": 0.7937154769897461
          }
        ]
      },
      "Id": "d0763f8c-15aa-4dec-b94f-248c23447740",
      "Relationships": [
        {
          "Type": "CHILD",
          "Ids": [
            "e2bfb3eb-d853-447b-ac07-792a979f70c9"
          ]
        }
      ],
      "Page": 1
    },
    {
      "BlockType": "LINE",
      "Confidence": 99.93445587158203,
      "Text": "NW Quad",
      "Geometry": {
        "BoundingBox": {
          "Width": 0.12031503021717072,
          "Height": 0.11077020317316055,
          "Left": 0.529658854007721,
          "Top": 0.700752854347229
        },
        "Polygon": [
          {
            "X": 0.5299100875854492,
            "Y": 0.700752854347229
          },
          {
            "X": 0.6499738693237305,
            "Y": 0.7009509205818176
          },
          {
            "X": 0.6497246026992798,
            "Y": 0.8115230798721313
          },
          {
            "X": 0.529658854007721,
            "Y": 0.8113207817077637
          }
        ]
      },
      "Id": "66dcf7ef-29fe-4169-ac71-cd6f8adc63f0",
      "Relationships": [
        {
          "Type": "CHILD",
          "Ids": [
            "adc6e027-742a-4e76-8a11-dd3651c671e9",
            "b779d970-36a6-400e-ac8f-0c017d1618ff"
          ]
        }
      ],
      "Page": 1
    },
    {
      "BlockType": "LINE",
      "Confidence": 99.3690185546875,
      "Text": "1",
      "Geometry": {
        "BoundingBox": {
          "Width": 0.008961317129433155,
          "Height": 0.085105299949646,
          "Left": 0.8827409744262695,
          "Top": 0.7116132974624634
        },
        "Polygon": [
          {
            "X": 0.882929801940918,
            "Y": 0.7116132974624634
          },
          {
            "X": 0.8917022943496704,
            "Y": 0.7116277813911438
          },
          {
            "X": 0.8915135264396667,
            "Y": 0.7967185974121094
          },
          {
            "X": 0.8827409744262695,
            "Y": 0.7967038750648499
          }
        ]
      },
      "Id": "753684fa-3932-4645-886b-56d1ddf12259",
      "Relationships": [
        {
          "Type": "CHILD",
          "Ids": [
            "a01d8118-b68e-4f3a-841b-02263a09f9f2"
          ]
        }
      ],
      "Page": 1
    },
    {
      "BlockType": "LINE",
      "Confidence": 99.9547348022461,
      "Text": "Room Block 7",
      "Geometry": {
        "BoundingBox": {
          "Width": 0.16129843890666962,
          "Height": 0.09487331658601761,
          "Left": 0.01539875939488411,
          "Top": 0.8371323943138123
        },
        "Polygon": [
          {
            "X": 0.015620975755155087,
            "Y": 0.8371323943138123
          },
          {
            "X": 0.17669719457626343,
            "Y": 0.8374051451683044
          },
          {
            "X": 0.17647725343704224,
            "Y": 0.9320057034492493
          },
          {
            "X": 0.01539875939488411,
            "Y": 0.931728184223175
          }
        ]
      },
      "Id": "0a2d7864-20f8-4349-b80e-283b8841562c",
      "Relationships": [
        {
          "Type": "CHILD",
          "Ids": [
            "ca49dd8f-27c0-409d-8f8d-c1c7c682230c",
            "ffbb07fa-caf1-4f5d-aabc-23f2f4adebb7",
            "aecb674a-7207-4cde-a63c-0cde258c6d0d"
          ]
        }
      ],
      "Page": 1
    },
    {
      "BlockType": "LINE",
      "Confidence": 99.965576171875,
      "Text": "349",
      "Geometry": {
        "BoundingBox": {
          "Width": 0.04138923063874245,
          "Height": 0.0887165367603302,
          "Left": 0.3433160185813904,
          "Top": 0.8457103371620178
        },
        "Polygon": [
          {
            "X": 0.343519926071167,
            "Y": 0.8457103371620178
          },
          {
            "X": 0.38470524549484253,
            "Y": 0.8457801342010498
          },
          {
            "X": 0.3845019042491913,
            "Y": 0.9344268441200256
          },
          {
            "X": 0.3433160185813904,
            "Y": 0.9343558549880981
          }
        ]
      },
      "Id": "008bc8d2-0d38-43dc-a836-6febb12be741",
      "Relationships": [
        {
          "Type": "CHILD",
          "Ids": [
            "322c9507-5293-4051-b74f-c3638eb98af3"
          ]
        }
      ],
      "Page": 1
    },
    {
      "BlockType": "LINE",
      "Confidence": 99.87345123291016,
      "Text": "SW Quad",
      "Geometry": {
        "BoundingBox": {
          "Width": 0.11249630898237228,
          "Height": 0.11257508397102356,
          "Left": 0.5336223840713501,
          "Top": 0.8389295339584351
        },
        "Polygon": [
          {
            "X": 0.5338776707649231,
            "Y": 0.8389295339584351
          },
          {
            "X": 0.6461186408996582,
            "Y": 0.8391196131706238
          },
          {
            "X": 0.645865261554718,
            "Y": 0.9515045881271362
          },
          {
            "X": 0.5336223840713501,
            "Y": 0.9513105154037476
          }
        ]
      },
      "Id": "41daf6d7-3b93-4cbf-aa7f-d1ccabc5f870",
      "Relationships": [
        {
          "Type": "CHILD",
          "Ids": [
            "6e6a45ff-55bc-45ba-b6d0-c625fa7e052f",
            "6b7e67ff-d74b-482e-b547-406807f36900"
          ]
        }
      ],
      "Page": 1
    },
    {
      "BlockType": "LINE",
      "Confidence": 97.4626693725586,
      "Text": "1",
      "Geometry": {
        "BoundingBox": {
          "Width": 0.009148143231868744,
          "Height": 0.08722122758626938,
          "Left": 0.8827597498893738,
          "Top": 0.8503173589706421
        },
        "Polygon": [
          {
            "X": 0.8829532861709595,
            "Y": 0.8503173589706421
          },
          {
            "X": 0.8919078707695007,
            "Y": 0.8503325581550598
          },
          {
            "X": 0.8917144536972046,
            "Y": 0.9375386238098145
          },
          {
            "X": 0.8827597498893738,
            "Y": 0.9375231862068176
          }
        ]
      },
      "Id": "49fd2014-3485-418b-be39-dbd1347da4f1",
      "Relationships": [
        {
          "Type": "CHILD",
          "Ids": [
            "e1a9bfba-ee28-4db2-b1df-7fb17a8d4acd"
          ]
        }
      ],
      "Page": 1
    },
    {
      "BlockType": "WORD",
      "Confidence": 99.8470458984375,
      "Text": "TABLE",
      "TextType": "PRINTED",
      "Geometry": {
        "BoundingBox": {
          "Width": 0.08023261278867722,
          "Height": 0.10119304805994034,
          "Left": 0.4242090582847595,
          "Top": 0.04355323314666748
        },
        "Polygon": [
          {
            "X": 0.4244403541088104,
            "Y": 0.04355323314666748
          },
          {
            "X": 0.5044416785240173,
            "Y": 0.043668586760759354
          },
          {
            "X": 0.5042116045951843,
            "Y": 0.14474628865718842
          },
          {
            "X": 0.4242090582847595,
            "Y": 0.1446283757686615
          }
        ]
      },
      "Id": "e4cad5d6-2add-418e-a454-770a58d7f4c7",
      "Page": 1
    },
    {
      "BlockType": "WORD",
      "Confidence": 99.64217376708984,
      "Text": "A.19.",
      "TextType": "PRINTED",
      "Geometry": {
        "BoundingBox": {
          "Width": 0.0605546236038208,
          "Height": 0.11761851608753204,
          "Left": 0.5103471279144287,
          "Top": 0.046843018382787704
        },
        "Polygon": [
          {
            "X": 0.5106145143508911,
            "Y": 0.046843018382787704
          },
          {
            "X": 0.5709017515182495,
            "Y": 0.04693000763654709
          },
          {
            "X": 0.5706353783607483,
            "Y": 0.16446153819561005
          },
          {
            "X": 0.5103471279144287,
            "Y": 0.1643722951412201
          }
        ]
      },
      "Id": "efb5c4ba-57e4-4483-a930-4cb874241073",
      "Page": 1
    },
    {
      "BlockType": "WORD",
      "Confidence": 99.83894348144531,
      "Text": "Distribution",
      "TextType": "PRINTED",
      "Geometry": {
        "BoundingBox": {
          "Width": 0.1579817235469818,
          "Height": 0.10491862893104553,
          "Left": 0.24591968953609467,
          "Top": 0.2105920910835266
        },
        "Polygon": [
          {
            "X": 0.24616199731826782,
            "Y": 0.2105920910835266
          },
          {
            "X": 0.4039013981819153,
            "Y": 0.21082788705825806
          },
          {
            "X": 0.4036615490913391,
            "Y": 0.31551072001457214
          },
          {
            "X": 0.24591968953609467,
            "Y": 0.31526970863342285
          }
        ]
      },
      "Id": "5a25330e-e55a-45da-ad82-14204a90f48c",
      "Page": 1
    },
    {
      "BlockType": "WORD",
      "Confidence": 99.99336242675781,
      "Text": "of",
      "TextType": "PRINTED",
      "Geometry": {
        "BoundingBox": {
          "Width": 0.029254833236336708,
          "Height": 0.10433445125818253,
          "Left": 0.4114151895046234,
          "Top": 0.2078132927417755
        },
        "Polygon": [
          {
            "X": 0.4116540253162384,
            "Y": 0.2078132927417755
          },
          {
            "X": 0.4406700134277344,
            "Y": 0.20785664021968842
          },
          {
            "X": 0.4404316246509552,
            "Y": 0.31214773654937744
          },
          {
            "X": 0.4114151895046234,
            "Y": 0.3121034502983093
          }
        ]
      },
      "Id": "539e99ab-768f-42e0-8953-d592f6c53ff3",
      "Page": 1
    },
    {
      "BlockType": "WORD",
      "Confidence": 99.92388153076172,
      "Text": "Room",
      "TextType": "PRINTED",
      "Geometry": {
        "BoundingBox": {
          "Width": 0.07793796807527542,
          "Height": 0.10380266606807709,
          "Left": 0.4454236328601837,
          "Top": 0.21312472224235535
        },
        "Polygon": [
          {
            "X": 0.4456605613231659,
            "Y": 0.21312472224235535
          },
          {
            "X": 0.5233616232872009,
            "Y": 0.21324092149734497
          },
          {
            "X": 0.5231258869171143,
            "Y": 0.31692740321159363
          },
          {
            "X": 0.4454236328601837,
            "Y": 0.31680864095687866
          }
        ]
      },
      "Id": "6c4957ca-9983-4899-8e29-f58fb7418dd6",
      "Page": 1
    },
    {
      "BlockType": "WORD",
      "Confidence": 99.78890991210938,
      "Text": "Partitions",
      "TextType": "PRINTED",
      "Geometry": {
        "BoundingBox": {
          "Width": 0.12367182970046997,
          "Height": 0.1021595150232315,
          "Left": 0.530726969242096,
          "Top": 0.21473461389541626
        },
        "Polygon": [
          {
            "X": 0.5309586524963379,
            "Y": 0.21473461389541626
          },
          {
            "X": 0.6543987989425659,
            "Y": 0.2149192839860916
          },
          {
            "X": 0.654168963432312,
            "Y": 0.3168941140174866
          },
          {
            "X": 0.530726969242096,
            "Y": 0.31670546531677246
          }
        ]
      },
      "Id": "d3dc2744-b8c9-4a2e-aa27-c8500d659a68",
      "Page": 1
    },
    {
      "BlockType": "WORD",
      "Confidence": 98.93773651123047,
      "Text": "(n",
      "TextType": "PRINTED",
      "Geometry": {
        "BoundingBox": {
          "Width": 0.025776952505111694,
          "Height": 0.1216345950961113,
          "Left": 0.6634119749069214,
          "Top": 0.21359781920909882
        },
        "Polygon": [
          {
            "X": 0.6636858582496643,
            "Y": 0.21359781920909882
          },
          {
            "X": 0.6891889572143555,
            "Y": 0.21363596618175507
          },
          {
            "X": 0.688915491104126,
            "Y": 0.3352324068546295
          },
          {
            "X": 0.6634119749069214,
            "Y": 0.3351932764053345
          }
        ]
      },
      "Id": "c12965f4-c1ef-45b4-933d-38ab1ed27382",
      "Page": 1
    },
    {
      "BlockType": "WORD",
      "Confidence": 98.45710754394531,
      "Text": "=",
      "TextType": "PRINTED",
      "Geometry": {
        "BoundingBox": {
          "Width": 0.019276702776551247,
          "Height": 0.043268948793411255,
          "Left": 0.6974510550498962,
          "Top": 0.24956274032592773
        },
        "Polygon": [
          {
            "X": 0.6975482702255249,
            "Y": 0.24956274032592773
          },
          {
            "X": 0.7167277932167053,
            "Y": 0.2495916485786438
          },
          {
            "X": 0.7166306972503662,
            "Y": 0.292831689119339
          },
          {
            "X": 0.6974510550498962,
            "Y": 0.29280251264572144
          }
        ]
      },
      "Id": "e1bb90d4-07b5-48a4-9db3-e1700e6dba21",
      "Page": 1
    },
    {
      "BlockType": "WORD",
      "Confidence": 99.87162780761719,
      "Text": "3)",
      "TextType": "PRINTED",
      "Geometry": {
        "BoundingBox": {
          "Width": 0.025199690833687782,
          "Height": 0.12231814861297607,
          "Left": 0.7244685292243958,
          "Top": 0.21304546296596527
        },
        "Polygon": [
          {
            "X": 0.7247428297996521,
            "Y": 0.21304546296596527
          },
          {
            "X": 0.7496682405471802,
            "Y": 0.21308273077011108
          },
          {
            "X": 0.7493943572044373,
            "Y": 0.33536359667778015
          },
          {
            "X": 0.7244685292243958,
            "Y": 0.33532536029815674
          }
        ]
      },
      "Id": "c45c7862-1d53-4c67-85f3-dd3c2742bfdb",
      "Page": 1
    },
    {
      "BlockType": "WORD",
      "Confidence": 99.960205078125,
      "Text": "Room",
      "TextType": "PRINTED",
      "Geometry": {
        "BoundingBox": {
          "Width": 0.07019201666116714,
          "Height": 0.09431347995996475,
          "Left": 0.01524971704930067,
          "Top": 0.3946719765663147
        },
        "Polygon": [
          {
            "X": 0.015471027232706547,
            "Y": 0.3946719765663147
          },
          {
            "X": 0.08544173091650009,
            "Y": 0.3947806656360626
          },
          {
            "X": 0.08522140234708786,
            "Y": 0.48898544907569885
          },
          {
            "X": 0.01524971704930067,
            "Y": 0.4888747036457062
          }
        ]
      },
      "Id": "af9aaedc-3327-46a5-b709-0bd72781674a",
      "Page": 1
    },
    {
      "BlockType": "WORD",
      "Confidence": 99.96673583984375,
      "Text": "Block",
      "TextType": "PRINTED",
      "Geometry": {
        "BoundingBox": {
          "Width": 0.06522725522518158,
          "Height": 0.09914206713438034,
          "Left": 0.09275560826063156,
          "Top": 0.3919483423233032
        },
        "Polygon": [
          {
            "X": 0.09298712760210037,
            "Y": 0.3919483423233032
          },
          {
            "X": 0.15798287093639374,
            "Y": 0.39204922318458557
          },
          {
            "X": 0.15775230526924133,
            "Y": 0.4910903871059418
          },
          {
            "X": 0.09275560826063156,
            "Y": 0.49098747968673706
          }
        ]
      },
      "Id": "8a6a9eaf-3bb9-40e6-9ff7-b44a6ef19645",
      "Page": 1
    },
    {
      "BlockType": "WORD",
      "Confidence": 99.97064208984375,
      "Text": "Room",
      "TextType": "PRINTED",
      "Geometry": {
        "BoundingBox": {
          "Width": 0.06999960541725159,
          "Height": 0.09329474717378616,
          "Left": 0.3296798765659332,
          "Top": 0.39823663234710693
        },
        "Polygon": [
          {
            "X": 0.32989442348480225,
            "Y": 0.39823663234710693
          },
          {
            "X": 0.3996794819831848,
            "Y": 0.39834511280059814
          },
          {
            "X": 0.3994659185409546,
            "Y": 0.4915314018726349
          },
          {
            "X": 0.3296798765659332,
            "Y": 0.4914208650588989
          }
        ]
      },
      "Id": "caedba8d-468b-4cee-b392-97d81837629e",
      "Page": 1
    },
    {
      "BlockType": "WORD",
      "Confidence": 99.88810729980469,
      "Text": "Location",
      "TextType": "PRINTED",
      "Geometry": {
        "BoundingBox": {
          "Width": 0.10068728029727936,
          "Height": 0.0933324545621872,
          "Left": 0.5393784046173096,
          "Top": 0.39854779839515686
        },
        "Polygon": [
          {
            "X": 0.5395900011062622,
            "Y": 0.39854779839515686
          },
          {
            "X": 0.6400657296180725,
            "Y": 0.398703932762146
          },
          {
            "X": 0.6398555040359497,
            "Y": 0.49188023805618286
          },
          {
            "X": 0.5393784046173096,
            "Y": 0.49172112345695496
          }
        ]
      },
      "Id": "4fce24e5-009f-41ee-afb9-a41ca4d82f92",
      "Page": 1
    },
    {
      "BlockType": "WORD",
      "Confidence": 99.9390869140625,
      "Text": "Associated",
      "TextType": "PRINTED",
      "Geometry": {
        "BoundingBox": {
          "Width": 0.12130817770957947,
          "Height": 0.09321168065071106,
          "Left": 0.7897883057594299,
          "Top": 0.39980125427246094
        },
        "Polygon": [
          {
            "X": 0.7899960875511169,
            "Y": 0.39980125427246094
          },
          {
            "X": 0.911096453666687,
            "Y": 0.3999894857406616
          },
          {
            "X": 0.9108904004096985,
            "Y": 0.493012934923172
          },
          {
            "X": 0.7897883057594299,
            "Y": 0.4928211271762848
          }
        ]
      },
      "Id": "7222451f-5b13-43c3-8866-1c4356e9f798",
      "Page": 1
    },
    {
      "BlockType": "WORD",
      "Confidence": 99.75884246826172,
      "Text": "Floor",
      "TextType": "PRINTED",
      "Geometry": {
        "BoundingBox": {
          "Width": 0.062204573303461075,
          "Height": 0.0960920974612236,
          "Left": 0.9194769263267517,
          "Top": 0.39962896704673767
        },
        "Polygon": [
          {
            "X": 0.9196894764900208,
            "Y": 0.39962896704673767
          },
          {
            "X": 0.9816815257072449,
            "Y": 0.3997253179550171
          },
          {
            "X": 0.9814698696136475,
            "Y": 0.49572107195854187
          },
          {
            "X": 0.9194769263267517,
            "Y": 0.49562281370162964
          }
        ]
      },
      "Id": "e76cfead-bffe-4fa0-9cb9-699292994bf5",
      "Page": 1
    },
    {
      "BlockType": "WORD",
      "Confidence": 99.83651733398438,
      "Text": "Unaffiliated",
      "TextType": "PRINTED",
      "Geometry": {
        "BoundingBox": {
          "Width": 0.13493534922599792,
          "Height": 0.09854866564273834,
          "Left": 0.01561801042407751,
          "Top": 0.5545613765716553
        },
        "Polygon": [
          {
            "X": 0.015849001705646515,
            "Y": 0.5545613765716553
          },
          {
            "X": 0.150553360581398,
            "Y": 0.5547774434089661
          },
          {
            "X": 0.15032434463500977,
            "Y": 0.6531100273132324
          },
          {
            "X": 0.01561801042407751,
            "Y": 0.6528898477554321
          }
        ]
      },
      "Id": "2280786e-b789-46e1-abfe-9ae647692ed8",
      "Page": 1
    },
    {
      "BlockType": "WORD",
      "Confidence": 99.98358917236328,
      "Text": "359",
      "TextType": "PRINTED",
      "Geometry": {
        "BoundingBox": {
          "Width": 0.04094480723142624,
          "Height": 0.08937396109104156,
          "Left": 0.34351804852485657,
          "Top": 0.565251886844635
        },
        "Polygon": [
          {
            "X": 0.34372347593307495,
            "Y": 0.565251886844635
          },
          {
            "X": 0.3844628632068634,
            "Y": 0.5653173327445984
          },
          {
            "X": 0.384257972240448,
            "Y": 0.6546258330345154
          },
          {
            "X": 0.34351804852485657,
            "Y": 0.6545592546463013
          }
        ]
      },
      "Id": "27d45a0e-cc73-4ff2-8636-eb3e6cb74235",
      "Page": 1
    },
    {
      "BlockType": "WORD",
      "Confidence": 99.70359802246094,
      "Text": "SE",
      "TextType": "PRINTED",
      "Geometry": {
        "BoundingBox": {
          "Width": 0.03019915707409382,
          "Height": 0.09170499444007874,
          "Left": 0.5390629768371582,
          "Top": 0.5642229914665222
        },
        "Polygon": [
          {
            "X": 0.5392711162567139,
            "Y": 0.5642229914665222
          },
          {
            "X": 0.5692620873451233,
            "Y": 0.5642711520195007
          },
          {
            "X": 0.569054365158081,
            "Y": 0.6559279561042786
          },
          {
            "X": 0.5390629768371582,
            "Y": 0.6558789014816284
          }
        ]
      },
      "Id": "871f9cc9-96c9-4341-8d9b-068a535ec807",
      "Page": 1
    },
    {
      "BlockType": "WORD",
      "Confidence": 99.92747497558594,
      "Text": "Quad",
      "TextType": "PRINTED",
      "Geometry": {
        "BoundingBox": {
          "Width": 0.06475552171468735,
          "Height": 0.11273419111967087,
          "Left": 0.5761460065841675,
          "Top": 0.5582821369171143
        },
        "Polygon": [
          {
            "X": 0.5764011740684509,
            "Y": 0.5582821369171143
          },
          {
            "X": 0.6409015655517578,
            "Y": 0.5583856701850891
          },
          {
            "X": 0.6406474709510803,
            "Y": 0.6710163354873657
          },
          {
            "X": 0.5761460065841675,
            "Y": 0.6709105372428894
          }
        ]
      },
      "Id": "0815ebe2-9ac3-477b-be05-1ca2c2e26e2b",
      "Page": 1
    },
    {
      "BlockType": "WORD",
      "Confidence": 98.77105712890625,
      "Text": "1",
      "TextType": "PRINTED",
      "Geometry": {
        "BoundingBox": {
          "Width": 0.009218215011060238,
          "Height": 0.08601264655590057,
          "Left": 0.8829966187477112,
          "Top": 0.5711581707000732
        },
        "Polygon": [
          {
            "X": 0.8831875324249268,
            "Y": 0.5711581707000732
          },
          {
            "X": 0.892214834690094,
            "Y": 0.5711727142333984
          },
          {
            "X": 0.8920240998268127,
            "Y": 0.657170832157135
          },
          {
            "X": 0.8829966187477112,
            "Y": 0.6571560502052307
          }
        ]
      },
      "Id": "0821a5aa-af7b-4fc9-b393-39654735e76c",
      "Page": 1
    },
    {
      "BlockType": "WORD",
      "Confidence": 99.9683609008789,
      "Text": "Room",
      "TextType": "PRINTED",
      "Geometry": {
        "BoundingBox": {
          "Width": 0.06946270167827606,
          "Height": 0.09253112971782684,
          "Left": 0.015413245186209679,
          "Top": 0.6985569000244141
        },
        "Polygon": [
          {
            "X": 0.015630342066287994,
            "Y": 0.6985569000244141
          },
          {
            "X": 0.08487594872713089,
            "Y": 0.6986711025238037
          },
          {
            "X": 0.08465980738401413,
            "Y": 0.7910880446434021
          },
          {
            "X": 0.015413245186209679,
            "Y": 0.7909718155860901
          }
        ]
      },
      "Id": "be939827-5e1c-4296-9473-f0d40f68d18e",
      "Page": 1
    },
    {
      "BlockType": "WORD",
      "Confidence": 99.97247314453125,
      "Text": "Block",
      "TextType": "PRINTED",
      "Geometry": {
        "BoundingBox": {
          "Width": 0.06440051645040512,
          "Height": 0.09489680826663971,
          "Left": 0.09212867170572281,
          "Top": 0.6964808702468872
        },
        "Polygon": [
          {
            "X": 0.09235025942325592,
            "Y": 0.6964808702468872
          },
          {
            "X": 0.15652918815612793,
            "Y": 0.6965866684913635
          },
          {
            "X": 0.15630850195884705,
            "Y": 0.7913776636123657
          },
          {
            "X": 0.09212867170572281,
            "Y": 0.7912699580192566
          }
        ]
      },
      "Id": "7a21a4a5-5c42-488e-bfb8-22216c7d71c3",
      "Page": 1
    },
    {
      "BlockType": "WORD",
      "Confidence": 98.13427734375,
      "Text": "1",
      "TextType": "PRINTED",
      "Geometry": {
        "BoundingBox": {
          "Width": 0.008414956741034985,
          "Height": 0.0874999538064003,
          "Left": 0.1655745804309845,
          "Top": 0.704357922077179
        },
        "Polygon": [
          {
            "X": 0.16577813029289246,
            "Y": 0.704357922077179
          },
          {
            "X": 0.17398953437805176,
            "Y": 0.7043715119361877
          },
          {
            "X": 0.17378608882427216,
            "Y": 0.791857898235321
          },
          {
            "X": 0.1655745804309845,
            "Y": 0.7918441295623779
          }
        ]
      },
      "Id": "4ffa3b44-75e6-465d-ad1e-37c6e637e375",
      "Page": 1
    },
    {
      "BlockType": "WORD",
      "Confidence": 99.94813537597656,
      "Text": "45",
      "TextType": "PRINTED",
      "Geometry": {
        "BoundingBox": {
          "Width": 0.027216412127017975,
          "Height": 0.0887024998664856,
          "Left": 0.35015812516212463,
          "Top": 0.7050583362579346
        },
        "Polygon": [
          {
            "X": 0.3503619432449341,
            "Y": 0.7050583362579346
          },
          {
            "X": 0.377374529838562,
            "Y": 0.7051029205322266
          },
          {
            "X": 0.37717103958129883,
            "Y": 0.7937608361244202
          },
          {
            "X": 0.35015812516212463,
            "Y": 0.7937154769897461
          }
        ]
      },
      "Id": "e2bfb3eb-d853-447b-ac07-792a979f70c9",
      "Page": 1
    },
    {
      "BlockType": "WORD",
      "Confidence": 99.9489517211914,
      "Text": "NW",
      "TextType": "PRINTED",
      "Geometry": {
        "BoundingBox": {
          "Width": 0.04855853691697121,
          "Height": 0.08774682879447937,
          "Left": 0.5297057032585144,
          "Top": 0.7030224204063416
        },
        "Polygon": [
          {
            "X": 0.5299049019813538,
            "Y": 0.7030224204063416
          },
          {
            "X": 0.5782642364501953,
            "Y": 0.7031022310256958
          },
          {
            "X": 0.5780656933784485,
            "Y": 0.7907692790031433
          },
          {
            "X": 0.5297057032585144,
            "Y": 0.7906880974769592
          }
        ]
      },
      "Id": "adc6e027-742a-4e76-8a11-dd3651c671e9",
      "Page": 1
    },
    {
      "BlockType": "WORD",
      "Confidence": 99.91996002197266,
      "Text": "Quad",
      "TextType": "PRINTED",
      "Geometry": {
        "BoundingBox": {
          "Width": 0.06437359005212784,
          "Height": 0.11067791283130646,
          "Left": 0.5856002569198608,
          "Top": 0.7008451819419861
        },
        "Polygon": [
          {
            "X": 0.5858505964279175,
            "Y": 0.7008451819419861
          },
          {
            "X": 0.6499738693237305,
            "Y": 0.7009509205818176
          },
          {
            "X": 0.6497246026992798,
            "Y": 0.8115230798721313
          },
          {
            "X": 0.5856002569198608,
            "Y": 0.8114150166511536
          }
        ]
      },
      "Id": "b779d970-36a6-400e-ac8f-0c017d1618ff",
      "Page": 1
    },
    {
      "BlockType": "WORD",
      "Confidence": 99.3690185546875,
      "Text": "1",
      "TextType": "PRINTED",
      "Geometry": {
        "BoundingBox": {
          "Width": 0.008961317129433155,
          "Height": 0.085105299949646,
          "Left": 0.8827409744262695,
          "Top": 0.7116132974624634
        },
        "Polygon": [
          {
            "X": 0.882929801940918,
            "Y": 0.7116132974624634
          },
          {
            "X": 0.8917022943496704,
            "Y": 0.7116277813911438
          },
          {
            "X": 0.8915135264396667,
            "Y": 0.7967185974121094
          },
          {
            "X": 0.8827409744262695,
            "Y": 0.7967038750648499
          }
        ]
      },
      "Id": "a01d8118-b68e-4f3a-841b-02263a09f9f2",
      "Page": 1
    },
    {
      "BlockType": "WORD",
      "Confidence": 99.96514892578125,
      "Text": "Room",
      "TextType": "PRINTED",
      "Geometry": {
        "BoundingBox": {
          "Width": 0.06979236006736755,
          "Height": 0.0919976532459259,
          "Left": 0.015403320081532001,
          "Top": 0.8379090428352356
        },
        "Polygon": [
          {
            "X": 0.015619151294231415,
            "Y": 0.8379090428352356
          },
          {
            "X": 0.08519567549228668,
            "Y": 0.8380268812179565
          },
          {
            "X": 0.0849807932972908,
            "Y": 0.9299066662788391
          },
          {
            "X": 0.015403320081532001,
            "Y": 0.9297868609428406
          }
        ]
      },
      "Id": "ca49dd8f-27c0-409d-8f8d-c1c7c682230c",
      "Page": 1
    },
    {
      "BlockType": "WORD",
      "Confidence": 99.96116638183594,
      "Text": "Block",
      "TextType": "PRINTED",
      "Geometry": {
        "BoundingBox": {
          "Width": 0.06451606005430222,
          "Height": 0.09396885335445404,
          "Left": 0.09252618253231049,
          "Top": 0.8372629880905151
        },
        "Polygon": [
          {
            "X": 0.0927455797791481,
            "Y": 0.8372629880905151
          },
          {
            "X": 0.1570422351360321,
            "Y": 0.837371826171875
          },
          {
            "X": 0.15682373940944672,
            "Y": 0.9312318563461304
          },
          {
            "X": 0.09252618253231049,
            "Y": 0.9311210513114929
          }
        ]
      },
      "Id": "ffbb07fa-caf1-4f5d-aabc-23f2f4adebb7",
      "Page": 1
    },
    {
      "BlockType": "WORD",
      "Confidence": 99.93788146972656,
      "Text": "7",
      "TextType": "PRINTED",
      "Geometry": {
        "BoundingBox": {
          "Width": 0.01417182944715023,
          "Height": 0.0890314057469368,
          "Left": 0.16251236200332642,
          "Top": 0.8429743051528931
        },
        "Polygon": [
          {
            "X": 0.1627195030450821,
            "Y": 0.8429743051528931
          },
          {
            "X": 0.1766842007637024,
            "Y": 0.8429979681968689
          },
          {
            "X": 0.17647725343704224,
            "Y": 0.9320057034492493
          },
          {
            "X": 0.16251236200332642,
            "Y": 0.93198162317276
          }
        ]
      },
      "Id": "aecb674a-7207-4cde-a63c-0cde258c6d0d",
      "Page": 1
    },
    {
      "BlockType": "WORD",
      "Confidence": 99.965576171875,
      "Text": "349",
      "TextType": "PRINTED",
      "Geometry": {
        "BoundingBox": {
          "Width": 0.04138923063874245,
          "Height": 0.0887165367603302,
          "Left": 0.3433160185813904,
          "Top": 0.8457103371620178
        },
        "Polygon": [
          {
            "X": 0.343519926071167,
            "Y": 0.8457103371620178
          },
          {
            "X": 0.38470524549484253,
            "Y": 0.8457801342010498
          },
          {
            "X": 0.3845019042491913,
            "Y": 0.9344268441200256
          },
          {
            "X": 0.3433160185813904,
            "Y": 0.9343558549880981
          }
        ]
      },
      "Id": "322c9507-5293-4051-b74f-c3638eb98af3",
      "Page": 1
    },
    {
      "BlockType": "WORD",
      "Confidence": 99.8221435546875,
      "Text": "SW",
      "TextType": "PRINTED",
      "Geometry": {
        "BoundingBox": {
          "Width": 0.040368128567934036,
          "Height": 0.09164388477802277,
          "Left": 0.5336621403694153,
          "Top": 0.8422122597694397
        },
        "Polygon": [
          {
            "X": 0.5338701605796814,
            "Y": 0.8422122597694397
          },
          {
            "X": 0.5740302801132202,
            "Y": 0.8422803282737732
          },
          {
            "X": 0.5738227963447571,
            "Y": 0.9338561296463013
          },
          {
            "X": 0.5336621403694153,
            "Y": 0.933786928653717
          }
        ]
      },
      "Id": "6e6a45ff-55bc-45ba-b6d0-c625fa7e052f",
      "Page": 1
    },
    {
      "BlockType": "WORD",
      "Confidence": 99.92476654052734,
      "Text": "Quad",
      "TextType": "PRINTED",
      "Geometry": {
        "BoundingBox": {
          "Width": 0.06409038603305817,
          "Height": 0.1124931052327156,
          "Left": 0.5820282697677612,
          "Top": 0.8390114903450012
        },
        "Polygon": [
          {
            "X": 0.5822827816009521,
            "Y": 0.8390114903450012
          },
          {
            "X": 0.6461186408996582,
            "Y": 0.8391196131706238
          },
          {
            "X": 0.645865261554718,
            "Y": 0.9515045881271362
          },
          {
            "X": 0.5820282697677612,
            "Y": 0.9513942003250122
          }
        ]
      },
      "Id": "6b7e67ff-d74b-482e-b547-406807f36900",
      "Page": 1
    },
    {
      "BlockType": "WORD",
      "Confidence": 97.4626693725586,
      "Text": "1",
      "TextType": "PRINTED",
      "Geometry": {
        "BoundingBox": {
          "Width": 0.009148143231868744,
          "Height": 0.08722122758626938,
          "Left": 0.8827597498893738,
          "Top": 0.8503173589706421
        },
        "Polygon": [
          {
            "X": 0.8829532861709595,
            "Y": 0.8503173589706421
          },
          {
            "X": 0.8919078707695007,
            "Y": 0.8503325581550598
          },
          {
            "X": 0.8917144536972046,
            "Y": 0.9375386238098145
          },
          {
            "X": 0.8827597498893738,
            "Y": 0.9375231862068176
          }
        ]
      },
      "Id": "e1a9bfba-ee28-4db2-b1df-7fb17a8d4acd",
      "Page": 1
    },
    {
      "BlockType": "TABLE",
      "Confidence": 99.365234375,
      "Geometry": {
        "BoundingBox": {
          "Width": 0.9730691909790039,
          "Height": 0.5983526110649109,
          "Left": 0.011258471757173538,
          "Top": 0.3656424880027771
        },
        "Polygon": [
          {
            "X": 0.012660475447773933,
            "Y": 0.3656424880027771
          },
          {
            "X": 0.9843276739120483,
            "Y": 0.3671427369117737
          },
          {
            "X": 0.9830119609832764,
            "Y": 0.963995099067688
          },
          {
            "X": 0.011258471757173538,
            "Y": 0.9623112678527832
          }
        ]
      },
      "Id": "0db8d8f1-37b6-4000-9847-87c6a8d242b7",
      "Relationships": [
        {
          "Type": "CHILD",
          "Ids": [
            "4bf2c65a-eab7-4a4c-9701-de3ee1234529",
            "ce467f87-c22d-403e-b382-f1ef4b6ca927",
            "1cb3e965-4370-4409-8403-05f7f96ca44f",
            "40758e93-a896-4263-a722-a5275893f863",
            "749fd221-3e35-4448-b65d-c2906e2678f1",
            "58b33836-29ce-423a-aa32-26eed3cbfd61",
            "16637fbe-2a0c-482c-a0c4-9b1bb0dda093",
            "1f08f37c-d570-4f6f-9929-6f9f020602b3",
            "d39866bf-1508-4a02-8a71-b3381b288a13",
            "4abd4d70-0638-4074-8887-50f9b3d129be",
            "2d89e61a-50d8-43a1-a96a-b9773188d1b9",
            "9ea09762-e319-4fb8-9990-c694cc2d719b",
            "6765aadb-3f12-41d0-ad9f-6b4fac7d9fc5",
            "4fae472c-ef64-483e-ad8f-31fd1c4c6b84",
            "40c58427-0188-458a-835d-de379b5fd5e4",
            "47c5545f-ae7a-49b3-acb2-542f960cafb4"
          ]
        },
        {
          "Type": "TABLE_TITLE",
          "Ids": [
            "3e882680-1e60-4464-98d9-307044354480"
          ]
        }
      ],
      "EntityTypes": [
        "STRUCTURED_TABLE"
      ],
      "Page": 1
    },
    {
      "BlockType": "CELL",
      "Confidence": 91.40625,
      "RowIndex": 1,
      "ColumnIndex": 1,
      "RowSpan": 1,
      "ColumnSpan": 1,
      "Geometry": {
        "BoundingBox": {
          "Width": 0.23745585978031158,
          "Height": 0.16400058567523956,
          "Left": 0.012276009656488895,
          "Top": 0.3656424880027771
        },
        "Polygon": [
          {
            "X": 0.012660475447773933,
            "Y": 0.3656424880027771
          },
          {
            "X": 0.2497318685054779,
            "Y": 0.3660085201263428
          },
          {
            "X": 0.24935317039489746,
            "Y": 0.5296430587768555
          },
          {
            "X": 0.012276009656488895,
            "Y": 0.5292647480964661
          }
        ]
      },
      "Id": "4bf2c65a-eab7-4a4c-9701-de3ee1234529",
      "Relationships": [
        {
          "Type": "CHILD",
          "Ids": [
            "af9aaedc-3327-46a5-b709-0bd72781674a",
            "8a6a9eaf-3bb9-40e6-9ff7-b44a6ef19645"
          ]
        }
      ],
      "EntityTypes": [
        "COLUMN_HEADER"
      ],
      "Page": 1
    },
    {
      "BlockType": "CELL",
      "Confidence": 90.673828125,
      "RowIndex": 1,
      "ColumnIndex": 2,
      "RowSpan": 1,
      "ColumnSpan": 1,
      "Geometry": {
        "BoundingBox": {
          "Width": 0.22058893740177155,
          "Height": 0.1639859676361084,
          "Left": 0.24935317039489746,
          "Top": 0.3660085201263428
        },
        "Polygon": [
          {
            "X": 0.2497318685054779,
            "Y": 0.3660085201263428
          },
          {
            "X": 0.4699421226978302,
            "Y": 0.366348534822464
          },
          {
            "X": 0.46956875920295715,
            "Y": 0.5299944877624512
          },
          {
            "X": 0.24935317039489746,
            "Y": 0.5296430587768555
          }
        ]
      },
      "Id": "ce467f87-c22d-403e-b382-f1ef4b6ca927",
      "Relationships": [
        {
          "Type": "CHILD",
          "Ids": [
            "caedba8d-468b-4cee-b392-97d81837629e"
          ]
        }
      ],
      "EntityTypes": [
        "COLUMN_HEADER"
      ],
      "Page": 1
    },
    {
      "BlockType": "CELL",
      "Confidence": 93.06640625,
      "RowIndex": 1,
      "ColumnIndex": 3,
      "RowSpan": 1,
      "ColumnSpan": 1,
      "Geometry": {
        "BoundingBox": {
          "Width": 0.25967496633529663,
          "Height": 0.16405975818634033,
          "Left": 0.46956875920295715,
          "Top": 0.366348534822464
        },
        "Polygon": [
          {
            "X": 0.4699421226978302,
            "Y": 0.366348534822464
          },
          {
            "X": 0.7292437553405762,
            "Y": 0.3667488992214203
          },
          {
            "X": 0.7288767099380493,
            "Y": 0.5304082632064819
          },
          {
            "X": 0.46956875920295715,
            "Y": 0.5299944877624512
          }
        ]
      },
      "Id": "1cb3e965-4370-4409-8403-05f7f96ca44f",
      "Relationships": [
        {
          "Type": "CHILD",
          "Ids": [
            "4fce24e5-009f-41ee-afb9-a41ca4d82f92"
          ]
        }
      ],
      "EntityTypes": [
        "COLUMN_HEADER"
      ],
      "Page": 1
    },
    {
      "BlockType": "CELL",
      "Confidence": 93.06640625,
      "RowIndex": 1,
      "ColumnIndex": 4,
      "RowSpan": 1,
      "ColumnSpan": 1,
      "Geometry": {
        "BoundingBox": {
          "Width": 0.255450963973999,
          "Height": 0.16406646370887756,
          "Left": 0.7288767099380493,
          "Top": 0.3667488992214203
        },
        "Polygon": [
          {
            "X": 0.7292437553405762,
            "Y": 0.3667488992214203
          },
          {
            "X": 0.9843276739120483,
            "Y": 0.3671427369117737
          },
          {
            "X": 0.9839668869972229,
            "Y": 0.5308153629302979
          },
          {
            "X": 0.7288767099380493,
            "Y": 0.5304082632064819
          }
        ]
      },
      "Id": "40758e93-a896-4263-a722-a5275893f863",
      "Relationships": [
        {
          "Type": "CHILD",
          "Ids": [
            "7222451f-5b13-43c3-8866-1c4356e9f798",
            "e76cfead-bffe-4fa0-9cb9-699292994bf5"
          ]
        }
      ],
      "EntityTypes": [
        "COLUMN_HEADER"
      ],
      "Page": 1
    },
    {
      "BlockType": "CELL",
      "Confidence": 89.0625,
      "RowIndex": 2,
      "ColumnIndex": 1,
      "RowSpan": 1,
      "ColumnSpan": 1,
      "Geometry": {
        "BoundingBox": {
          "Width": 0.23742417991161346,
          "Height": 0.14807002246379852,
          "Left": 0.011929001659154892,
          "Top": 0.5292647480964661
        },
        "Polygon": [
          {
            "X": 0.012276009656488895,
            "Y": 0.5292647480964661
          },
          {
            "X": 0.24935317039489746,
            "Y": 0.5296430587768555
          },
          {
            "X": 0.24901138246059418,
            "Y": 0.6773347854614258
          },
          {
            "X": 0.011929001659154892,
            "Y": 0.6769453883171082
          }
        ]
      },
      "Id": "749fd221-3e35-4448-b65d-c2906e2678f1",
      "Relationships": [
        {
          "Type": "CHILD",
          "Ids": [
            "2280786e-b789-46e1-abfe-9ae647692ed8"
          ]
        }
      ],
      "Page": 1
    },
    {
      "BlockType": "CELL",
      "Confidence": 88.330078125,
      "RowIndex": 2,
      "ColumnIndex": 2,
      "RowSpan": 1,
      "ColumnSpan": 1,
      "Geometry": {
        "BoundingBox": {
          "Width": 0.22055739164352417,
          "Height": 0.14805340766906738,
          "Left": 0.24901138246059418,
          "Top": 0.5296430587768555
        },
        "Polygon": [
          {
            "X": 0.24935317039489746,
            "Y": 0.5296430587768555
          },
          {
            "X": 0.46956875920295715,
            "Y": 0.5299944877624512
          },
          {
            "X": 0.46923181414604187,
            "Y": 0.6776964664459229
          },
          {
            "X": 0.24901138246059418,
            "Y": 0.6773347854614258
          }
        ]
      },
      "Id": "58b33836-29ce-423a-aa32-26eed3cbfd61",
      "Relationships": [
        {
          "Type": "CHILD",
          "Ids": [
            "27d45a0e-cc73-4ff2-8636-eb3e6cb74235"
          ]
        }
      ],
      "Page": 1
    },
    {
      "BlockType": "CELL",
      "Confidence": 90.72265625,
      "RowIndex": 2,
      "ColumnIndex": 3,
      "RowSpan": 1,
      "ColumnSpan": 1,
      "Geometry": {
        "BoundingBox": {
          "Width": 0.25964489579200745,
          "Height": 0.14812791347503662,
          "Left": 0.46923181414604187,
          "Top": 0.5299944877624512
        },
        "Polygon": [
          {
            "X": 0.46956875920295715,
            "Y": 0.5299944877624512
          },
          {
            "X": 0.7288767099380493,
            "Y": 0.5304082632064819
          },
          {
            "X": 0.7285454273223877,
            "Y": 0.6781224012374878
          },
          {
            "X": 0.46923181414604187,
            "Y": 0.6776964664459229
          }
        ]
      },
      "Id": "16637fbe-2a0c-482c-a0c4-9b1bb0dda093",
      "Relationships": [
        {
          "Type": "CHILD",
          "Ids": [
            "871f9cc9-96c9-4341-8d9b-068a535ec807",
            "0815ebe2-9ac3-477b-be05-1ca2c2e26e2b"
          ]
        }
      ],
      "Page": 1
    },
    {
      "BlockType": "CELL",
      "Confidence": 90.72265625,
      "RowIndex": 2,
      "ColumnIndex": 4,
      "RowSpan": 1,
      "ColumnSpan": 1,
      "Geometry": {
        "BoundingBox": {
          "Width": 0.2554214298725128,
          "Height": 0.14813311398029327,
          "Left": 0.7285454273223877,
          "Top": 0.5304082632064819
        },
        "Polygon": [
          {
            "X": 0.7288767099380493,
            "Y": 0.5304082632064819
          },
          {
            "X": 0.9839668869972229,
            "Y": 0.5308153629302979
          },
          {
            "X": 0.9836412072181702,
            "Y": 0.6785414218902588
          },
          {
            "X": 0.7285454273223877,
            "Y": 0.6781224012374878
          }
        ]
      },
      "Id": "1f08f37c-d570-4f6f-9929-6f9f020602b3",
      "Relationships": [
        {
          "Type": "CHILD",
          "Ids": [
            "0821a5aa-af7b-4fc9-b393-39654735e76c"
          ]
        }
      ],
      "Page": 1
    },
    {
      "BlockType": "CELL",
      "Confidence": 87.01171875,
      "RowIndex": 3,
      "ColumnIndex": 1,
      "RowSpan": 1,
      "ColumnSpan": 1,
      "Geometry": {
        "BoundingBox": {
          "Width": 0.23740771412849426,
          "Height": 0.13885629177093506,
          "Left": 0.01160366740077734,
          "Top": 0.6769453883171082
        },
        "Polygon": [
          {
            "X": 0.011929001659154892,
            "Y": 0.6769453883171082
          },
          {
            "X": 0.24901138246059418,
            "Y": 0.6773347854614258
          },
          {
            "X": 0.2486909180879593,
            "Y": 0.8158016800880432
          },
          {
            "X": 0.01160366740077734,
            "Y": 0.8154018521308899
          }
        ]
      },
      "Id": "d39866bf-1508-4a02-8a71-b3381b288a13",
      "Relationships": [
        {
          "Type": "CHILD",
          "Ids": [
            "be939827-5e1c-4296-9473-f0d40f68d18e",
            "7a21a4a5-5c42-488e-bfb8-22216c7d71c3",
            "4ffa3b44-75e6-465d-ad1e-37c6e637e375"
          ]
        }
      ],
      "Page": 1
    },
    {
      "BlockType": "CELL",
      "Confidence": 86.328125,
      "RowIndex": 3,
      "ColumnIndex": 2,
      "RowSpan": 1,
      "ColumnSpan": 1,
      "Geometry": {
        "BoundingBox": {
          "Width": 0.2205408811569214,
          "Height": 0.1388382613658905,
          "Left": 0.2486909180879593,
          "Top": 0.6773347854614258
        },
        "Polygon": [
          {
            "X": 0.24901138246059418,
            "Y": 0.6773347854614258
          },
          {
            "X": 0.46923181414604187,
            "Y": 0.6776964664459229
          },
          {
            "X": 0.4689158797264099,
            "Y": 0.8161730170249939
          },
          {
            "X": 0.2486909180879593,
            "Y": 0.8158016800880432
          }
        ]
      },
      "Id": "4abd4d70-0638-4074-8887-50f9b3d129be",
      "Relationships": [
        {
          "Type": "CHILD",
          "Ids": [
            "e2bfb3eb-d853-447b-ac07-792a979f70c9"
          ]
        }
      ],
      "Page": 1
    },
    {
      "BlockType": "CELL",
      "Confidence": 88.623046875,
      "RowIndex": 3,
      "ColumnIndex": 3,
      "RowSpan": 1,
      "ColumnSpan": 1,
      "Geometry": {
        "BoundingBox": {
          "Width": 0.2596295475959778,
          "Height": 0.1389138400554657,
          "Left": 0.4689158797264099,
          "Top": 0.6776964664459229
        },
        "Polygon": [
          {
            "X": 0.46923181414604187,
            "Y": 0.6776964664459229
          },
          {
            "X": 0.7285454273223877,
            "Y": 0.6781224012374878
          },
          {
            "X": 0.7282348871231079,
            "Y": 0.8166103363037109
          },
          {
            "X": 0.4689158797264099,
            "Y": 0.8161730170249939
          }
        ]
      },
      "Id": "2d89e61a-50d8-43a1-a96a-b9773188d1b9",
      "Relationships": [
        {
          "Type": "CHILD",
          "Ids": [
            "adc6e027-742a-4e76-8a11-dd3651c671e9",
            "b779d970-36a6-400e-ac8f-0c017d1618ff"
          ]
        }
      ],
      "Page": 1
    },
    {
      "BlockType": "CELL",
      "Confidence": 88.623046875,
      "RowIndex": 3,
      "ColumnIndex": 4,
      "RowSpan": 1,
      "ColumnSpan": 1,
      "Geometry": {
        "BoundingBox": {
          "Width": 0.25540634989738464,
          "Height": 0.13891808688640594,
          "Left": 0.7282348871231079,
          "Top": 0.6781224012374878
        },
        "Polygon": [
          {
            "X": 0.7285454273223877,
            "Y": 0.6781224012374878
          },
          {
            "X": 0.9836412072181702,
            "Y": 0.6785414218902588
          },
          {
            "X": 0.9833359122276306,
            "Y": 0.8170405030250549
          },
          {
            "X": 0.7282348871231079,
            "Y": 0.8166103363037109
          }
        ]
      },
      "Id": "9ea09762-e319-4fb8-9990-c694cc2d719b",
      "Relationships": [
        {
          "Type": "CHILD",
          "Ids": [
            "a01d8118-b68e-4f3a-841b-02263a09f9f2"
          ]
        }
      ],
      "Page": 1
    },
    {
      "BlockType": "CELL",
      "Confidence": 89.208984375,
      "RowIndex": 4,
      "ColumnIndex": 1,
      "RowSpan": 1,
      "ColumnSpan": 1,
      "Geometry": {
        "BoundingBox": {
          "Width": 0.23743245005607605,
          "Height": 0.1473202258348465,
          "Left": 0.011258471757173538,
          "Top": 0.8154018521308899
        },
        "Polygon": [
          {
            "X": 0.01160366740077734,
            "Y": 0.8154018521308899
          },
          {
            "X": 0.2486909180879593,
            "Y": 0.8158016800880432
          },
          {
            "X": 0.24835090339183807,
            "Y": 0.9627220630645752
          },
          {
            "X": 0.011258471757173538,
            "Y": 0.9623112678527832
          }
        ]
      },
      "Id": "6765aadb-3f12-41d0-ad9f-6b4fac7d9fc5",
      "Relationships": [
        {
          "Type": "CHILD",
          "Ids": [
            "ca49dd8f-27c0-409d-8f8d-c1c7c682230c",
            "ffbb07fa-caf1-4f5d-aabc-23f2f4adebb7",
            "aecb674a-7207-4cde-a63c-0cde258c6d0d"
          ]
        }
      ],
      "Page": 1
    },
    {
      "BlockType": "CELL",
      "Confidence": 88.525390625,
      "RowIndex": 4,
      "ColumnIndex": 2,
      "RowSpan": 1,
      "ColumnSpan": 1,
      "Geometry": {
        "BoundingBox": {
          "Width": 0.22056499123573303,
          "Height": 0.1473020315170288,
          "Left": 0.24835090339183807,
          "Top": 0.8158016800880432
        },
        "Polygon": [
          {
            "X": 0.2486909180879593,
            "Y": 0.8158016800880432
          },
          {
            "X": 0.4689158797264099,
            "Y": 0.8161730170249939
          },
          {
            "X": 0.4685806930065155,
            "Y": 0.963103711605072
          },
          {
            "X": 0.24835090339183807,
            "Y": 0.9627220630645752
          }
        ]
      },
      "Id": "4fae472c-ef64-483e-ad8f-31fd1c4c6b84",
      "Relationships": [
        {
          "Type": "CHILD",
          "Ids": [
            "322c9507-5293-4051-b74f-c3638eb98af3"
          ]
        }
      ],
      "Page": 1
    },
    {
      "BlockType": "CELL",
      "Confidence": 90.869140625,
      "RowIndex": 4,
      "ColumnIndex": 3,
      "RowSpan": 1,
      "ColumnSpan": 1,
      "Geometry": {
        "BoundingBox": {
          "Width": 0.2596541941165924,
          "Height": 0.1473800241947174,
          "Left": 0.4685806930065155,
          "Top": 0.8161730170249939
        },
        "Polygon": [
          {
            "X": 0.4689158797264099,
            "Y": 0.8161730170249939
          },
          {
            "X": 0.7282348871231079,
            "Y": 0.8166103363037109
          },
          {
            "X": 0.7279053330421448,
            "Y": 0.9635530710220337
          },
          {
            "X": 0.4685806930065155,
            "Y": 0.963103711605072
          }
        ]
      },
      "Id": "40c58427-0188-458a-835d-de379b5fd5e4",
      "Relationships": [
        {
          "Type": "CHILD",
          "Ids": [
            "6e6a45ff-55bc-45ba-b6d0-c625fa7e052f",
            "6b7e67ff-d74b-482e-b547-406807f36900"
          ]
        }
      ],
      "Page": 1
    },
    {
      "BlockType": "CELL",
      "Confidence": 90.869140625,
      "RowIndex": 4,
      "ColumnIndex": 4,
      "RowSpan": 1,
      "ColumnSpan": 1,
      "Geometry": {
        "BoundingBox": {
          "Width": 0.25543054938316345,
          "Height": 0.14738477766513824,
          "Left": 0.7279053330421448,
          "Top": 0.8166103363037109
        },
        "Polygon": [
          {
            "X": 0.7282348871231079,
            "Y": 0.8166103363037109
          },
          {
            "X": 0.9833359122276306,
            "Y": 0.8170405030250549
          },
          {
            "X": 0.9830119609832764,
            "Y": 0.963995099067688
          },
          {
            "X": 0.7279053330421448,
            "Y": 0.9635530710220337
          }
        ]
      },
      "Id": "47c5545f-ae7a-49b3-acb2-542f960cafb4",
      "Relationships": [
        {
          "Type": "CHILD",
          "Ids": [
            "e1a9bfba-ee28-4db2-b1df-7fb17a8d4acd"
          ]
        }
      ],
      "Page": 1
    },
    {
      "BlockType": "TABLE_TITLE",
      "Confidence": 94.580078125,
      "Geometry": {
        "BoundingBox": {
          "Width": 0.9807010889053345,
          "Height": 0.35139524936676025,
          "Left": 0.010433392599225044,
          "Top": 0.004775174427777529
        },
        "Polygon": [
          {
            "X": 0.011255643330514431,
            "Y": 0.004775174427777529
          },
          {
            "X": 0.991134524345398,
            "Y": 0.006176224444061518
          },
          {
            "X": 0.9903632402420044,
            "Y": 0.3561704456806183
          },
          {
            "X": 0.010433392599225044,
            "Y": 0.35466083884239197
          }
        ]
      },
      "Id": "3e882680-1e60-4464-98d9-307044354480",
      "Relationships": [
        {
          "Type": "CHILD",
          "Ids": [
            "e4cad5d6-2add-418e-a454-770a58d7f4c7",
            "efb5c4ba-57e4-4483-a930-4cb874241073",
            "5a25330e-e55a-45da-ad82-14204a90f48c",
            "539e99ab-768f-42e0-8953-d592f6c53ff3",
            "6c4957ca-9983-4899-8e29-f58fb7418dd6",
            "d3dc2744-b8c9-4a2e-aa27-c8500d659a68",
            "c12965f4-c1ef-45b4-933d-38ab1ed27382",
            "e1bb90d4-07b5-48a4-9db3-e1700e6dba21",
            "c45c7862-1d53-4c67-85f3-dd3c2742bfdb"
          ]
        }
      ],
      "Page": 1
    }
  ],
  "AnalyzeDocumentModelVersion": "1.0"
}