"'Room Block 1","'Room Block 2","'Room Block 3",
"'Larger Rooms","'Small, homogeneous rooms","'Larger, variable size rooms",
"'North-south oriented rooms","'East-west oriented rooms","'Variably (randomly) oriented rooms",
"'No crawlways","'Crawlways","'Crawlways",
"'Smaller (shorter) doors","'Larger doors","'Larger doors",
"'Fewer wall features (per excavated room)","'-","'-",
"'Smaller wall features","'-","'",
"'Two-story rooms","'Two-story rooms smaller","'No relationship between",
"'larger than one-story","'than one-story","'room size and no. of stories",
"'More juniper relative to other species of wood","'Less juniper relative to other wood species","'Less juniper relative to other wood species",
"'No large storage bins","'Large storage bins","'Large storage bins",
"'Double mealing bins","'No double mealing bins","'No double mealing bins",
"'Low frequency of Area 4 sandstones","'High frequency of Area 4 sandstones","'?",
"'No kivas, only ceremonial rooms","'Kivas and ceremonial rooms","'Kivas and ceremonial rooms",
"'Spatial isolation-East of Salt R. Draw","'Connected to RB 3 by corridor roof","'Connected to RB 2 by corridor roof",
"'No formal plaza Last founded-slow growth (13 construction phases)","'Great Kiva, Plaza 1, Plaza 2 First founded-rapid growth (7 construction phases)","'Plaza 1, Plaza 2 slow growth (14 construction phases)",
"'Ladder-type, linear core construction","'Block-type core construction","'Linear core construction",
"'?","'Overlies Pueblo III architecture","'?",
,,

'Confidence Scores % (Table Cell)
"'94.82421875","'94.72656250","'95.06835938",
"'94.77539063","'94.67773438","'95.01953125",
"'92.48046875","'92.38281250","'92.72460938",
"'82.17773438","'82.12890625","'82.37304688",
"'88.62304688","'88.52539063","'88.86718750",
"'48.73046875","'48.68164063","'48.85253906",
"'74.36523438","'74.31640625","'74.56054688",
"'39.81933594","'41.87011719","'44.16503906",
"'39.81933594","'41.87011719","'44.16503906",
"'55.71289063","'55.61523438","'55.81054688",
"'50.83007813","'50.78125000","'50.92773438",
"'42.23632813","'42.18750000","'41.87011719",
"'37.50000000","'37.45117188","'41.87011719",
"'92.77343750","'92.67578125","'92.96875000",
"'76.51367188","'76.41601563","'76.70898438",
"'52.34375000","'52.29492188","'52.44140625",
"'69.43359375","'69.38476563","'69.62890625",
"'77.53906250","'77.44140625","'77.73437500",
