{
  "DocumentMetadata": {
    "Pages": 1
  },
  "JobStatus": "SUCCEEDED",
  "Blocks": [
    {
      "BlockType": "PAGE",
      "Geometry": {
        "BoundingBox": {
          "Width": 0.9999927878379822,
          "Height": 1,
          "Left": 0.000007232481948449276,
          "Top": 0
        },
        "Polygon": [
          {
            "X": 0.00034069400862790644,
            "Y": 2.8329905532586963e-8
          },
          {
            "X": 1,
            "Y": 0
          },
          {
            "X": 1,
            "Y": 1
          },
          {
            "X": 0.000007232481948449276,
            "Y": 1
          }
        ]
      },
      "Id": "e775eb4d-f0be-4344-a06c-e091b8e1b505",
      "Relationships": [
        {
          "Type": "CHILD",
          "Ids": [
            "48a9e1a6-4129-4a4a-9557-964ca61463de",
            "0288d1a4-ee7f-4652-aded-d432159839c6",
            "ddef2b2b-363c-4458-85c0-8813713a43c5",
            "98f90595-4e05-433d-a031-e030d0fee513",
            "a5cebb6c-d8de-421c-975c-0523a016092c",
            "a99f0d25-2bc9-4ca3-aa07-9534af2f882c",
            "35d46af9-f999-4b60-95bb-20966f7a6bf4",
            "84f1b65b-81b3-4eef-81fd-c198ca35e321",
            "1b834faf-7403-486a-bea1-851dfab221c3",
            "dd9c0416-20ce-4f66-9bc6-abe135dc1510",
            "44259c1c-6de3-42a0-a983-26881fcb1d12",
            "fda1d8aa-96c2-49e2-b7b1-35b73dd988d7",
            "4f1a2952-eeaf-49d5-9195-45bf96543b4b",
            "f0114b96-5a3c-4779-872e-681b69402df5",
            "c4425c8d-f501-4b04-86ec-8380dee68cf6",
            "d3c20deb-0a37-4c3d-8d37-75f812e94b82",
            "a19a4fa3-42eb-4224-b744-d5b69bc23e59",
            "aa55965a-a2b7-436b-93d2-3fdad3037a14",
            "41f35745-4bce-4c7a-8d4c-6deecebe4f78",
            "d68ea01d-a4ab-42e9-84a4-86416ef7fc1b",
            "a959fc2b-cba7-4ba3-b782-f27d65629cc2",
            "178dde12-bed7-4500-8053-f5b7ea286a89",
            "e6ad44e7-8ebb-4386-8c99-9b95af7e17e2",
            "2d0bddcf-c100-4dc7-9499-4047255df87a"
          ]
        }
      ],
      "Page": 1
    },
    {
      "BlockType": "LINE",
      "Confidence": 99.29173278808594,
      "Text": "TABLE 3.7.",
      "Geometry": {
        "BoundingBox": {
          "Width": 0.12198884040117264,
          "Height": 0.10098636150360107,
          "Left": 0.42591720819473267,
          "Top": 0.06678222119808197
        },
        "Polygon": [
          {
            "X": 0.42593055963516235,
            "Y": 0.06678222119808197
          },
          {
            "X": 0.5479060411453247,
            "Y": 0.06678226590156555
          },
          {
            "X": 0.547898530960083,
            "Y": 0.16776858270168304
          },
          {
            "X": 0.42591720819473267,
            "Y": 0.1677521914243698
          }
        ]
      },
      "Id": "48a9e1a6-4129-4a4a-9557-964ca61463de",
      "Relationships": [
        {
          "Type": "CHILD",
          "Ids": [
            "267cfcee-1b58-4722-bdd1-d4977ae13b9b",
            "0033481a-a63d-4260-ac7d-31177edc73d6"
          ]
        }
      ],
      "Page": 1
    },
    {
      "BlockType": "LINE",
      "Confidence": 99.62226867675781,
      "Text": "Kruskal-Wallis Analysis of Standing Wall Height Grouped by Intrasite Divisions",
      "Geometry": {
        "BoundingBox": {
          "Width": 0.939311146736145,
          "Height": 0.12746354937553406,
          "Left": 0.019688963890075684,
          "Top": 0.19686971604824066
        },
        "Polygon": [
          {
            "X": 0.019730035215616226,
            "Y": 0.19686971604824066
          },
          {
            "X": 0.9589850306510925,
            "Y": 0.19703228771686554
          },
          {
            "X": 0.9590001106262207,
            "Y": 0.3243332505226135
          },
          {
            "X": 0.019688963890075684,
            "Y": 0.3240121006965637
          }
        ]
      },
      "Id": "0288d1a4-ee7f-4652-aded-d432159839c6",
      "Relationships": [
        {
          "Type": "CHILD",
          "Ids": [
            "ad030682-b9bf-4312-8a1c-a84fbd0b461a",
            "1f5384e4-22ee-48cf-b252-8a86548a8c67",
            "4f15d314-f00f-4fcc-a6db-2a86a61dd7b1",
            "991543a7-9db0-4eaa-8be2-7f73db55a022",
            "1b6f9b93-5fa5-4591-9eee-4533abbc3c38",
            "f743dba0-9339-4954-9aea-d7d06cebe570",
            "291caca9-a6e8-4415-ae2f-bd06a98d8270",
            "f6b6c02d-81c1-430b-bf69-90a7020f835e",
            "046366bb-926c-4ea6-bc33-756eff86f374",
            "6cf207b9-cf81-4296-b8ff-3ced835cde12"
          ]
        }
      ],
      "Page": 1
    },
    {
      "BlockType": "LINE",
      "Confidence": 99.97789001464844,
      "Text": "Group",
      "Geometry": {
        "BoundingBox": {
          "Width": 0.07326190918684006,
          "Height": 0.10193467885255814,
          "Left": 0.019540714100003242,
          "Top": 0.3540699779987335
        },
        "Polygon": [
          {
            "X": 0.01957363449037075,
            "Y": 0.3540699779987335
          },
          {
            "X": 0.09280262142419815,
            "Y": 0.3540979325771332
          },
          {
            "X": 0.0927732065320015,
            "Y": 0.45600464940071106
          },
          {
            "X": 0.019540714100003242,
            "Y": 0.4559668004512787
          }
        ]
      },
      "Id": "ddef2b2b-363c-4458-85c0-8813713a43c5",
      "Relationships": [
        {
          "Type": "CHILD",
          "Ids": [
            "5887db8a-e4a6-4b35-9e38-df23385060ff"
          ]
        }
      ],
      "Page": 1
    },
    {
      "BlockType": "LINE",
      "Confidence": 99.96589660644531,
      "Text": "Count",
      "Geometry": {
        "BoundingBox": {
          "Width": 0.07168526947498322,
          "Height": 0.07921715825796127,
          "Left": 0.31549179553985596,
          "Top": 0.3626568019390106
        },
        "Polygon": [
          {
            "X": 0.31550636887550354,
            "Y": 0.3626568019390106
          },
          {
            "X": 0.38717707991600037,
            "Y": 0.3626849949359894
          },
          {
            "X": 0.3871651589870453,
            "Y": 0.4418739676475525
          },
          {
            "X": 0.31549179553985596,
            "Y": 0.44183826446533203
          }
        ]
      },
      "Id": "98f90595-4e05-433d-a031-e030d0fee513",
      "Relationships": [
        {
          "Type": "CHILD",
          "Ids": [
            "109b421e-e4d7-4fd2-96bd-3bf549c035c8"
          ]
        }
      ],
      "Page": 1
    },
    {
      "BlockType": "LINE",
      "Confidence": 99.91215515136719,
      "Text": "Rank Sum",
      "Geometry": {
        "BoundingBox": {
          "Width": 0.11520908027887344,
          "Height": 0.08093394339084625,
          "Left": 0.4371900260448456,
          "Top": 0.3632153868675232
        },
        "Polygon": [
          {
            "X": 0.43720027804374695,
            "Y": 0.3632153868675232
          },
          {
            "X": 0.5523990988731384,
            "Y": 0.36326074600219727
          },
          {
            "X": 0.5523931980133057,
            "Y": 0.44414931535720825
          },
          {
            "X": 0.4371900260448456,
            "Y": 0.4440915882587433
          }
        ]
      },
      "Id": "a5cebb6c-d8de-421c-975c-0523a016092c",
      "Relationships": [
        {
          "Type": "CHILD",
          "Ids": [
            "17d5cf72-dbc4-4061-8758-6258aa88eeec",
            "662d9d03-7682-44c4-84f7-27045d57b037"
          ]
        }
      ],
      "Page": 1
    },
    {
      "BlockType": "LINE",
      "Confidence": 98.4855728149414,
      "Text": "Kruskal-Wallis",
      "Geometry": {
        "BoundingBox": {
          "Width": 0.1640450656414032,
          "Height": 0.08339519798755646,
          "Left": 0.6100946068763733,
          "Top": 0.3655097186565399
        },
        "Polygon": [
          {
            "X": 0.6100984215736389,
            "Y": 0.3655097186565399
          },
          {
            "X": 0.7741370797157288,
            "Y": 0.36557480692863464
          },
          {
            "X": 0.7741397023200989,
            "Y": 0.44890493154525757
          },
          {
            "X": 0.6100946068763733,
            "Y": 0.4488217234611511
          }
        ]
      },
      "Id": "a99f0d25-2bc9-4ca3-aa07-9534af2f882c",
      "Relationships": [
        {
          "Type": "CHILD",
          "Ids": [
            "e7a81ea9-1692-41b2-b83d-f792fadbb152"
          ]
        }
      ],
      "Page": 1
    },
    {
      "BlockType": "LINE",
      "Confidence": 99.93241882324219,
      "Text": "Probability",
      "Geometry": {
        "BoundingBox": {
          "Width": 0.12401366233825684,
          "Height": 0.10450894385576248,
          "Left": 0.8347892165184021,
          "Top": 0.37082043290138245
        },
        "Polygon": [
          {
            "X": 0.8347892165184021,
            "Y": 0.37082043290138245
          },
          {
            "X": 0.9587905406951904,
            "Y": 0.3708704710006714
          },
          {
            "X": 0.9588028788566589,
            "Y": 0.47532936930656433
          },
          {
            "X": 0.8347954750061035,
            "Y": 0.4752621352672577
          }
        ]
      },
      "Id": "35d46af9-f999-4b60-95bb-20966f7a6bf4",
      "Relationships": [
        {
          "Type": "CHILD",
          "Ids": [
            "8e44f266-983a-4b88-8bb5-a86f1379e10e"
          ]
        }
      ],
      "Page": 1
    },
    {
      "BlockType": "LINE",
      "Confidence": 99.89965057373047,
      "Text": "Statistic",
      "Geometry": {
        "BoundingBox": {
          "Width": 0.08902536332607269,
          "Height": 0.08061186969280243,
          "Left": 0.6472489237785339,
          "Top": 0.48511654138565063
        },
        "Polygon": [
          {
            "X": 0.6472511887550354,
            "Y": 0.48511654138565063
          },
          {
            "X": 0.7362731695175171,
            "Y": 0.4851659834384918
          },
          {
            "X": 0.7362743020057678,
            "Y": 0.5657284259796143
          },
          {
            "X": 0.6472489237785339,
            "Y": 0.5656694769859314
          }
        ]
      },
      "Id": "84f1b65b-81b3-4eef-81fd-c198ca35e321",
      "Relationships": [
        {
          "Type": "CHILD",
          "Ids": [
            "58cde039-305f-472b-ac45-ca4e888d3106"
          ]
        }
      ],
      "Page": 1
    },
    {
      "BlockType": "LINE",
      "Confidence": 99.70186614990234,
      "Text": "Main Pueblo",
      "Geometry": {
        "BoundingBox": {
          "Width": 0.14257019758224487,
          "Height": 0.08457870036363602,
          "Left": 0.020411085337400436,
          "Top": 0.6077765822410583
        },
        "Polygon": [
          {
            "X": 0.020438335835933685,
            "Y": 0.6077765822410583
          },
          {
            "X": 0.1629812866449356,
            "Y": 0.6078790426254272
          },
          {
            "X": 0.16295969486236572,
            "Y": 0.6923552751541138
          },
          {
            "X": 0.020411085337400436,
            "Y": 0.6922368407249451
          }
        ]
      },
      "Id": "1b834faf-7403-486a-bea1-851dfab221c3",
      "Relationships": [
        {
          "Type": "CHILD",
          "Ids": [
            "87e7f117-fe3f-4aef-9171-b4843dc4674b",
            "01dd4958-afc4-4e07-b466-2350cb302a4d"
          ]
        }
      ],
      "Page": 1
    },
    {
      "BlockType": "LINE",
      "Confidence": 99.9422836303711,
      "Text": "68",
      "Geometry": {
        "BoundingBox": {
          "Width": 0.026156583800911903,
          "Height": 0.0727865919470787,
          "Left": 0.3385765254497528,
          "Top": 0.6214146018028259
        },
        "Polygon": [
          {
            "X": 0.3385891318321228,
            "Y": 0.6214146018028259
          },
          {
            "X": 0.36473312973976135,
            "Y": 0.6214338541030884
          },
          {
            "X": 0.364721417427063,
            "Y": 0.6942011713981628
          },
          {
            "X": 0.3385765254497528,
            "Y": 0.694179356098175
          }
        ]
      },
      "Id": "dd9c0416-20ce-4f66-9bc6-abe135dc1510",
      "Relationships": [
        {
          "Type": "CHILD",
          "Ids": [
            "f6e73a58-0adf-471a-9a16-5c1d564fd860"
          ]
        }
      ],
      "Page": 1
    },
    {
      "BlockType": "LINE",
      "Confidence": 99.26644134521484,
      "Text": "4513.50",
      "Geometry": {
        "BoundingBox": {
          "Width": 0.08801576495170593,
          "Height": 0.0715964213013649,
          "Left": 0.4508356750011444,
          "Top": 0.625798225402832
        },
        "Polygon": [
          {
            "X": 0.45084428787231445,
            "Y": 0.625798225402832
          },
          {
            "X": 0.5388514399528503,
            "Y": 0.6258634924888611
          },
          {
            "X": 0.5388457775115967,
            "Y": 0.697394609451294
          },
          {
            "X": 0.4508356750011444,
            "Y": 0.6973209381103516
          }
        ]
      },
      "Id": "44259c1c-6de3-42a0-a983-26881fcb1d12",
      "Relationships": [
        {
          "Type": "CHILD",
          "Ids": [
            "02dea2be-4688-4f4c-b46d-427e4cd54c1d"
          ]
        }
      ],
      "Page": 1
    },
    {
      "BlockType": "LINE",
      "Confidence": 99.62393951416016,
      "Text": "56.140",
      "Geometry": {
        "BoundingBox": {
          "Width": 0.07374534010887146,
          "Height": 0.07604026794433594,
          "Left": 0.6550144553184509,
          "Top": 0.627424418926239
        },
        "Polygon": [
          {
            "X": 0.655016303062439,
            "Y": 0.627424418926239
          },
          {
            "X": 0.7287590503692627,
            "Y": 0.6274793148040771
          },
          {
            "X": 0.7287598252296448,
            "Y": 0.703464686870575
          },
          {
            "X": 0.6550144553184509,
            "Y": 0.7034024000167847
          }
        ]
      },
      "Id": "fda1d8aa-96c2-49e2-b7b1-35b73dd988d7",
      "Relationships": [
        {
          "Type": "CHILD",
          "Ids": [
            "3d134b8b-01bc-41d5-9014-de5c09dc8357"
          ]
        }
      ],
      "Page": 1
    },
    {
      "BlockType": "LINE",
      "Confidence": 99.65699005126953,
      "Text": "0.000",
      "Geometry": {
        "BoundingBox": {
          "Width": 0.06116947904229164,
          "Height": 0.07531611621379852,
          "Left": 0.8665261268615723,
          "Top": 0.6331438422203064
        },
        "Polygon": [
          {
            "X": 0.8665261268615723,
            "Y": 0.6331438422203064
          },
          {
            "X": 0.9276878237724304,
            "Y": 0.6331897974014282
          },
          {
            "X": 0.927695631980896,
            "Y": 0.7084599733352661
          },
          {
            "X": 0.8665317893028259,
            "Y": 0.7084078788757324
          }
        ]
      },
      "Id": "4f1a2952-eeaf-49d5-9195-45bf96543b4b",
      "Relationships": [
        {
          "Type": "CHILD",
          "Ids": [
            "0ff85677-2709-4704-9861-bc50a25b67a9"
          ]
        }
      ],
      "Page": 1
    },
    {
      "BlockType": "LINE",
      "Confidence": 99.91424560546875,
      "Text": "Outlier",
      "Geometry": {
        "BoundingBox": {
          "Width": 0.08042676746845245,
          "Height": 0.08079656958580017,
          "Left": 0.02026325650513172,
          "Top": 0.7240636944770813
        },
        "Polygon": [
          {
            "X": 0.020289305597543716,
            "Y": 0.7240636944770813
          },
          {
            "X": 0.10069002211093903,
            "Y": 0.7241339087486267
          },
          {
            "X": 0.10066702216863632,
            "Y": 0.8048602938652039
          },
          {
            "X": 0.02026325650513172,
            "Y": 0.804781436920166
          }
        ]
      },
      "Id": "f0114b96-5a3c-4779-872e-681b69402df5",
      "Relationships": [
        {
          "Type": "CHILD",
          "Ids": [
            "9fef596a-6914-4c28-92a9-74c5ebc885ab"
          ]
        }
      ],
      "Page": 1
    },
    {
      "BlockType": "LINE",
      "Confidence": 99.93970489501953,
      "Text": "26",
      "Geometry": {
        "BoundingBox": {
          "Width": 0.026407906785607338,
          "Height": 0.07392460107803345,
          "Left": 0.33755967020988464,
          "Top": 0.7372828722000122
        },
        "Polygon": [
          {
            "X": 0.33757251501083374,
            "Y": 0.7372828722000122
          },
          {
            "X": 0.36396756768226624,
            "Y": 0.7373063564300537
          },
          {
            "X": 0.36395567655563354,
            "Y": 0.8112074732780457
          },
          {
            "X": 0.33755967020988464,
            "Y": 0.811181366443634
          }
        ]
      },
      "Id": "c4425c8d-f501-4b04-86ec-8380dee68cf6",
      "Relationships": [
        {
          "Type": "CHILD",
          "Ids": [
            "1fc9b56f-a179-4332-ab0e-81d4f57ceb2f"
          ]
        }
      ],
      "Page": 1
    },
    {
      "BlockType": "LINE",
      "Confidence": 99.97076416015625,
      "Text": "384.00",
      "Geometry": {
        "BoundingBox": {
          "Width": 0.07386817783117294,
          "Height": 0.07456467300653458,
          "Left": 0.4640948176383972,
          "Top": 0.7407004237174988
        },
        "Polygon": [
          {
            "X": 0.4641033411026001,
            "Y": 0.7407004237174988
          },
          {
            "X": 0.5379629731178284,
            "Y": 0.7407664656639099
          },
          {
            "X": 0.5379570722579956,
            "Y": 0.8152650594711304
          },
          {
            "X": 0.4640948176383972,
            "Y": 0.8151916861534119
          }
        ]
      },
      "Id": "d3c20deb-0a37-4c3d-8d37-75f812e94b82",
      "Relationships": [
        {
          "Type": "CHILD",
          "Ids": [
            "0fbd00a2-fc2b-4be3-9468-0da80ad3c8a7"
          ]
        }
      ],
      "Page": 1
    },
    {
      "BlockType": "LINE",
      "Confidence": 97.15666198730469,
      "Text": "-",
      "Geometry": {
        "BoundingBox": {
          "Width": 0.028667515143752098,
          "Height": 0.015220298431813717,
          "Left": 0.6764879822731018,
          "Top": 0.7819830179214478
        },
        "Polygon": [
          {
            "X": 0.6764882206916809,
            "Y": 0.7819830179214478
          },
          {
            "X": 0.7051555514335632,
            "Y": 0.7820101976394653
          },
          {
            "X": 0.7051554918289185,
            "Y": 0.7972033023834229
          },
          {
            "X": 0.6764879822731018,
            "Y": 0.7971755266189575
          }
        ]
      },
      "Id": "a19a4fa3-42eb-4224-b744-d5b69bc23e59",
      "Relationships": [
        {
          "Type": "CHILD",
          "Ids": [
            "1c3d0fd9-ceea-4451-b7f9-81e24f26da7e"
          ]
        }
      ],
      "Page": 1
    },
    {
      "BlockType": "LINE",
      "Confidence": 95.43910217285156,
      "Text": "-",
      "Geometry": {
        "BoundingBox": {
          "Width": 0.029874185100197792,
          "Height": 0.017029322683811188,
          "Left": 0.8815879225730896,
          "Top": 0.786923885345459
        },
        "Polygon": [
          {
            "X": 0.8815879225730896,
            "Y": 0.786923885345459
          },
          {
            "X": 0.9114604592323303,
            "Y": 0.7869524359703064
          },
          {
            "X": 0.911462128162384,
            "Y": 0.8039531707763672
          },
          {
            "X": 0.8815892934799194,
            "Y": 0.8039239645004272
          }
        ]
      },
      "Id": "aa55965a-a2b7-436b-93d2-3fdad3037a14",
      "Relationships": [
        {
          "Type": "CHILD",
          "Ids": [
            "465c6f78-4b87-4bf7-8d09-40675c4d4926"
          ]
        }
      ],
      "Page": 1
    },
    {
      "BlockType": "LINE",
      "Confidence": 99.84935760498047,
      "Text": "Room Blocks 5 and 7",
      "Geometry": {
        "BoundingBox": {
          "Width": 0.233183816075325,
          "Height": 0.08251393586397171,
          "Left": 0.019985996186733246,
          "Top": 0.8430377840995789
        },
        "Polygon": [
          {
            "X": 0.020012546330690384,
            "Y": 0.8430377840995789
          },
          {
            "X": 0.25316980481147766,
            "Y": 0.8432782292366028
          },
          {
            "X": 0.2531522512435913,
            "Y": 0.9255517721176147
          },
          {
            "X": 0.019985996186733246,
            "Y": 0.9252858757972717
          }
        ]
      },
      "Id": "41f35745-4bce-4c7a-8d4c-6deecebe4f78",
      "Relationships": [
        {
          "Type": "CHILD",
          "Ids": [
            "7fe2eefc-21e2-4cc8-b479-638902903bd6",
            "3590c25e-2a2f-4af4-981c-a1d3f7031d6d",
            "e0edd2a7-8200-4389-94d7-f391a88b40e0",
            "8384e0c2-df7e-4e56-affd-c7d18ab7f571",
            "5ba60874-7418-4744-b534-85bf35862cb5"
          ]
        }
      ],
      "Page": 1
    },
    {
      "BlockType": "LINE",
      "Confidence": 99.94425964355469,
      "Text": "9",
      "Geometry": {
        "BoundingBox": {
          "Width": 0.013955204747617245,
          "Height": 0.07417593151330948,
          "Left": 0.3503451645374298,
          "Top": 0.8546842336654663
        },
        "Polygon": [
          {
            "X": 0.3503575921058655,
            "Y": 0.8546842336654663
          },
          {
            "X": 0.36430037021636963,
            "Y": 0.8546988368034363
          },
          {
            "X": 0.36428841948509216,
            "Y": 0.9288601875305176
          },
          {
            "X": 0.3503451645374298,
            "Y": 0.9288442134857178
          }
        ]
      },
      "Id": "d68ea01d-a4ab-42e9-84a4-86416ef7fc1b",
      "Relationships": [
        {
          "Type": "CHILD",
          "Ids": [
            "c8fe09f1-bfc9-4200-8d36-fa447f4f24d7"
          ]
        }
      ],
      "Page": 1
    },
    {
      "BlockType": "LINE",
      "Confidence": 99.79354858398438,
      "Text": "458.50",
      "Geometry": {
        "BoundingBox": {
          "Width": 0.07368648797273636,
          "Height": 0.07403914630413055,
          "Left": 0.4641772210597992,
          "Top": 0.8588266968727112
        },
        "Polygon": [
          {
            "X": 0.4641856551170349,
            "Y": 0.8588266968727112
          },
          {
            "X": 0.5378637313842773,
            "Y": 0.8589041829109192
          },
          {
            "X": 0.5378578305244446,
            "Y": 0.9328658580780029
          },
          {
            "X": 0.4641772210597992,
            "Y": 0.9327811598777771
          }
        ]
      },
      "Id": "a959fc2b-cba7-4ba3-b782-f27d65629cc2",
      "Relationships": [
        {
          "Type": "CHILD",
          "Ids": [
            "3490272f-c04a-4928-9af7-50367c55f9da"
          ]
        }
      ],
      "Page": 1
    },
    {
      "BlockType": "LINE",
      "Confidence": 97.63019561767578,
      "Text": "-",
      "Geometry": {
        "BoundingBox": {
          "Width": 0.029528914019465446,
          "Height": 0.018415363505482674,
          "Left": 0.6761309504508972,
          "Top": 0.9001743197441101
        },
        "Polygon": [
          {
            "X": 0.6761312484741211,
            "Y": 0.9001743197441101
          },
          {
            "X": 0.7056598663330078,
            "Y": 0.9002069234848022
          },
          {
            "X": 0.7056598663330078,
            "Y": 0.9185896515846252
          },
          {
            "X": 0.6761309504508972,
            "Y": 0.918556272983551
          }
        ]
      },
      "Id": "178dde12-bed7-4500-8053-f5b7ea286a89",
      "Relationships": [
        {
          "Type": "CHILD",
          "Ids": [
            "5a07c18d-7ab8-4487-b3d1-aca0f05b2ae8"
          ]
        }
      ],
      "Page": 1
    },
    {
      "BlockType": "LINE",
      "Confidence": 90.81610107421875,
      "Text": "-",
      "Geometry": {
        "BoundingBox": {
          "Width": 0.02947523258626461,
          "Height": 0.018377216532826424,
          "Left": 0.8814756274223328,
          "Top": 0.9055066704750061
        },
        "Polygon": [
          {
            "X": 0.8814756274223328,
            "Y": 0.9055066704750061
          },
          {
            "X": 0.9109491109848022,
            "Y": 0.9055394530296326
          },
          {
            "X": 0.9109508395195007,
            "Y": 0.9238839149475098
          },
          {
            "X": 0.8814771175384521,
            "Y": 0.9238503575325012
          }
        ]
      },
      "Id": "e6ad44e7-8ebb-4386-8c99-9b95af7e17e2",
      "Relationships": [
        {
          "Type": "CHILD",
          "Ids": [
            "5f36bf85-dfc4-4355-aefb-3cb7a9fc4dbd"
          ]
        }
      ],
      "Page": 1
    },
    {
      "BlockType": "WORD",
      "Confidence": 99.74246215820312,
      "Text": "TABLE",
      "TextType": "PRINTED",
      "Geometry": {
        "BoundingBox": {
          "Width": 0.0777013823390007,
          "Height": 0.0831054076552391,
          "Left": 0.4259195923805237,
          "Top": 0.06678222119808197
        },
        "Polygon": [
          {
            "X": 0.42593055963516235,
            "Y": 0.06678222119808197
          },
          {
            "X": 0.503620982170105,
            "Y": 0.06678225100040436
          },
          {
            "X": 0.5036129951477051,
            "Y": 0.14988763630390167
          },
          {
            "X": 0.4259195923805237,
            "Y": 0.14987903833389282
          }
        ]
      },
      "Id": "267cfcee-1b58-4722-bdd1-d4977ae13b9b",
      "Page": 1
    },
    {
      "BlockType": "WORD",
      "Confidence": 98.84101867675781,
      "Text": "3.7.",
      "TextType": "PRINTED",
      "Geometry": {
        "BoundingBox": {
          "Width": 0.0377541221678257,
          "Height": 0.07993673533201218,
          "Left": 0.5101503729820251,
          "Top": 0.08783184736967087
        },
        "Polygon": [
          {
            "X": 0.5101577639579773,
            "Y": 0.08783184736967087
          },
          {
            "X": 0.5479044914245605,
            "Y": 0.08783291280269623
          },
          {
            "X": 0.547898530960083,
            "Y": 0.16776858270168304
          },
          {
            "X": 0.5101503729820251,
            "Y": 0.16776351630687714
          }
        ]
      },
      "Id": "0033481a-a63d-4260-ac7d-31177edc73d6",
      "Page": 1
    },
    {
      "BlockType": "WORD",
      "Confidence": 97.79767608642578,
      "Text": "Kruskal-Wallis",
      "TextType": "PRINTED",
      "Geometry": {
        "BoundingBox": {
          "Width": 0.16937851905822754,
          "Height": 0.0921001061797142,
          "Left": 0.019700299948453903,
          "Top": 0.19686971604824066
        },
        "Polygon": [
          {
            "X": 0.019730035215616226,
            "Y": 0.19686971604824066
          },
          {
            "X": 0.18907882273197174,
            "Y": 0.19689902663230896
          },
          {
            "X": 0.1890564113855362,
            "Y": 0.28896981477737427
          },
          {
            "X": 0.019700299948453903,
            "Y": 0.2889198064804077
          }
        ]
      },
      "Id": "ad030682-b9bf-4312-8a1c-a84fbd0b461a",
      "Page": 1
    },
    {
      "BlockType": "WORD",
      "Confidence": 99.92933654785156,
      "Text": "Analysis",
      "TextType": "PRINTED",
      "Geometry": {
        "BoundingBox": {
          "Width": 0.09523417055606842,
          "Height": 0.11352598667144775,
          "Left": 0.195046067237854,
          "Top": 0.19995059072971344
        },
        "Polygon": [
          {
            "X": 0.19507338106632233,
            "Y": 0.19995059072971344
          },
          {
            "X": 0.2902802526950836,
            "Y": 0.19996744394302368
          },
          {
            "X": 0.2902580201625824,
            "Y": 0.3134765625
          },
          {
            "X": 0.195046067237854,
            "Y": 0.3134453594684601
          }
        ]
      },
      "Id": "1f5384e4-22ee-48cf-b252-8a86548a8c67",
      "Page": 1
    },
    {
      "BlockType": "WORD",
      "Confidence": 99.98532104492188,
      "Text": "of",
      "TextType": "PRINTED",
      "Geometry": {
        "BoundingBox": {
          "Width": 0.02673034556210041,
          "Height": 0.0964047759771347,
          "Left": 0.2983117997646332,
          "Top": 0.20172418653964996
        },
        "Polygon": [
          {
            "X": 0.29833030700683594,
            "Y": 0.20172418653964996
          },
          {
            "X": 0.32504215836524963,
            "Y": 0.20172898471355438
          },
          {
            "X": 0.3250248432159424,
            "Y": 0.29812896251678467
          },
          {
            "X": 0.2983117997646332,
            "Y": 0.29812076687812805
          }
        ]
      },
      "Id": "4f15d314-f00f-4fcc-a6db-2a86a61dd7b1",
      "Page": 1
    },
    {
      "BlockType": "WORD",
      "Confidence": 99.95602416992188,
      "Text": "Standing",
      "TextType": "PRINTED",
      "Geometry": {
        "BoundingBox": {
          "Width": 0.10173027217388153,
          "Height": 0.11415796726942062,
          "Left": 0.3327382802963257,
          "Top": 0.2040945440530777
        },
        "Polygon": [
          {
            "X": 0.332758367061615,
            "Y": 0.2040945440530777
          },
          {
            "X": 0.4344685673713684,
            "Y": 0.20411311089992523
          },
          {
            "X": 0.43445393443107605,
            "Y": 0.3182525038719177
          },
          {
            "X": 0.3327382802963257,
            "Y": 0.31821852922439575
          }
        ]
      },
      "Id": "991543a7-9db0-4eaa-8be2-7f73db55a022",
      "Page": 1
    },
    {
      "BlockType": "WORD",
      "Confidence": 99.78974151611328,
      "Text": "Wall",
      "TextType": "PRINTED",
      "Geometry": {
        "BoundingBox": {
          "Width": 0.052814505994319916,
          "Height": 0.08883029967546463,
          "Left": 0.44248420000076294,
          "Top": 0.20559686422348022
        },
        "Polygon": [
          {
            "X": 0.4424952268600464,
            "Y": 0.20559686422348022
          },
          {
            "X": 0.49529871344566345,
            "Y": 0.205606609582901
          },
          {
            "X": 0.4952898621559143,
            "Y": 0.29442715644836426
          },
          {
            "X": 0.44248420000076294,
            "Y": 0.29441118240356445
          }
        ]
      },
      "Id": "1b6f9b93-5fa5-4591-9eee-4533abbc3c38",
      "Page": 1
    },
    {
      "BlockType": "WORD",
      "Confidence": 99.96916961669922,
      "Text": "Height",
      "TextType": "PRINTED",
      "Geometry": {
        "BoundingBox": {
          "Width": 0.08115342259407043,
          "Height": 0.11375990509986877,
          "Left": 0.5045083165168762,
          "Top": 0.20754535496234894
        },
        "Polygon": [
          {
            "X": 0.5045191049575806,
            "Y": 0.20754535496234894
          },
          {
            "X": 0.5856617093086243,
            "Y": 0.20756053924560547
          },
          {
            "X": 0.5856552124023438,
            "Y": 0.3213052451610565
          },
          {
            "X": 0.5045083165168762,
            "Y": 0.32127782702445984
          }
        ]
      },
      "Id": "f743dba0-9339-4954-9aea-d7d06cebe570",
      "Page": 1
    },
    {
      "BlockType": "WORD",
      "Confidence": 99.9747543334961,
      "Text": "Grouped",
      "TextType": "PRINTED",
      "Geometry": {
        "BoundingBox": {
          "Width": 0.10591942071914673,
          "Height": 0.11319725215435028,
          "Left": 0.5935080647468567,
          "Top": 0.2089873105287552
        },
        "Polygon": [
          {
            "X": 0.5935141444206238,
            "Y": 0.2089873105287552
          },
          {
            "X": 0.6994274854660034,
            "Y": 0.20900732278823853
          },
          {
            "X": 0.6994271278381348,
            "Y": 0.32218456268310547
          },
          {
            "X": 0.5935080647468567,
            "Y": 0.3221486210823059
          }
        ]
      },
      "Id": "291caca9-a6e8-4415-ae2f-bd06a98d8270",
      "Page": 1
    },
    {
      "BlockType": "WORD",
      "Confidence": 99.97954559326172,
      "Text": "by",
      "TextType": "PRINTED",
      "Geometry": {
        "BoundingBox": {
          "Width": 0.03050474263727665,
          "Height": 0.11395817250013351,
          "Left": 0.7073733806610107,
          "Top": 0.21029947698116302
        },
        "Polygon": [
          {
            "X": 0.7073733806610107,
            "Y": 0.21029947698116302
          },
          {
            "X": 0.7378764748573303,
            "Y": 0.21030530333518982
          },
          {
            "X": 0.737878143787384,
            "Y": 0.32425764203071594
          },
          {
            "X": 0.7073733806610107,
            "Y": 0.32424721121788025
          }
        ]
      },
      "Id": "f6b6c02d-81c1-430b-bf69-90a7020f835e",
      "Page": 1
    },
    {
      "BlockType": "WORD",
      "Confidence": 99.48635864257812,
      "Text": "Intrasite",
      "TextType": "PRINTED",
      "Geometry": {
        "BoundingBox": {
          "Width": 0.09660090506076813,
          "Height": 0.08666160702705383,
          "Left": 0.7449408769607544,
          "Top": 0.21427077054977417
        },
        "Polygon": [
          {
            "X": 0.7449408769607544,
            "Y": 0.21427077054977417
          },
          {
            "X": 0.841536283493042,
            "Y": 0.21428970992565155
          },
          {
            "X": 0.8415417671203613,
            "Y": 0.300932377576828
          },
          {
            "X": 0.7449424266815186,
            "Y": 0.3009023368358612
          }
        ]
      },
      "Id": "046366bb-926c-4ea6-bc33-756eff86f374",
      "Page": 1
    },
    {
      "BlockType": "WORD",
      "Confidence": 99.35472106933594,
      "Text": "Divisions",
      "TextType": "PRINTED",
      "Geometry": {
        "BoundingBox": {
          "Width": 0.10932264477014542,
          "Height": 0.09235283732414246,
          "Left": 0.8496753573417664,
          "Top": 0.21418051421642303
        },
        "Polygon": [
          {
            "X": 0.8496753573417664,
            "Y": 0.21418051421642303
          },
          {
            "X": 0.9589870572090149,
            "Y": 0.2142019122838974
          },
          {
            "X": 0.9589979648590088,
            "Y": 0.3065333366394043
          },
          {
            "X": 0.8496814966201782,
            "Y": 0.30649855732917786
          }
        ]
      },
      "Id": "6cf207b9-cf81-4296-b8ff-3ced835cde12",
      "Page": 1
    },
    {
      "BlockType": "WORD",
      "Confidence": 99.97789001464844,
      "Text": "Group",
      "TextType": "PRINTED",
      "Geometry": {
        "BoundingBox": {
          "Width": 0.07326190918684006,
          "Height": 0.10193467885255814,
          "Left": 0.019540714100003242,
          "Top": 0.3540699779987335
        },
        "Polygon": [
          {
            "X": 0.01957363449037075,
            "Y": 0.3540699779987335
          },
          {
            "X": 0.09280262142419815,
            "Y": 0.3540979325771332
          },
          {
            "X": 0.0927732065320015,
            "Y": 0.45600464940071106
          },
          {
            "X": 0.019540714100003242,
            "Y": 0.4559668004512787
          }
        ]
      },
      "Id": "5887db8a-e4a6-4b35-9e38-df23385060ff",
      "Page": 1
    },
    {
      "BlockType": "WORD",
      "Confidence": 99.96589660644531,
      "Text": "Count",
      "TextType": "PRINTED",
      "Geometry": {
        "BoundingBox": {
          "Width": 0.07168526947498322,
          "Height": 0.07921715825796127,
          "Left": 0.31549179553985596,
          "Top": 0.3626568019390106
        },
        "Polygon": [
          {
            "X": 0.31550636887550354,
            "Y": 0.3626568019390106
          },
          {
            "X": 0.38717707991600037,
            "Y": 0.3626849949359894
          },
          {
            "X": 0.3871651589870453,
            "Y": 0.4418739676475525
          },
          {
            "X": 0.31549179553985596,
            "Y": 0.44183826446533203
          }
        ]
      },
      "Id": "109b421e-e4d7-4fd2-96bd-3bf549c035c8",
      "Page": 1
    },
    {
      "BlockType": "WORD",
      "Confidence": 99.95132446289062,
      "Text": "Rank",
      "TextType": "PRINTED",
      "Geometry": {
        "BoundingBox": {
          "Width": 0.05781600624322891,
          "Height": 0.07989626377820969,
          "Left": 0.43719014525413513,
          "Top": 0.3632153868675232
        },
        "Polygon": [
          {
            "X": 0.43720027804374695,
            "Y": 0.3632153868675232
          },
          {
            "X": 0.49500617384910583,
            "Y": 0.363238126039505
          },
          {
            "X": 0.4949982166290283,
            "Y": 0.4431116282939911
          },
          {
            "X": 0.43719014525413513,
            "Y": 0.4430827498435974
          }
        ]
      },
      "Id": "17d5cf72-dbc4-4061-8758-6258aa88eeec",
      "Page": 1
    },
    {
      "BlockType": "WORD",
      "Confidence": 99.87298583984375,
      "Text": "Sum",
      "TextType": "PRINTED",
      "Geometry": {
        "BoundingBox": {
          "Width": 0.05044523999094963,
          "Height": 0.07710795849561691,
          "Left": 0.5019536018371582,
          "Top": 0.36704134941101074
        },
        "Polygon": [
          {
            "X": 0.5019609928131104,
            "Y": 0.36704134941101074
          },
          {
            "X": 0.5523988008499146,
            "Y": 0.36706146597862244
          },
          {
            "X": 0.5523931980133057,
            "Y": 0.44414931535720825
          },
          {
            "X": 0.5019536018371582,
            "Y": 0.4441240429878235
          }
        ]
      },
      "Id": "662d9d03-7682-44c4-84f7-27045d57b037",
      "Page": 1
    },
    {
      "BlockType": "WORD",
      "Confidence": 98.4855728149414,
      "Text": "Kruskal-Wallis",
      "TextType": "PRINTED",
      "Geometry": {
        "BoundingBox": {
          "Width": 0.1640450656414032,
          "Height": 0.08339519798755646,
          "Left": 0.6100946068763733,
          "Top": 0.3655097186565399
        },
        "Polygon": [
          {
            "X": 0.6100984215736389,
            "Y": 0.3655097186565399
          },
          {
            "X": 0.7741370797157288,
            "Y": 0.36557480692863464
          },
          {
            "X": 0.7741397023200989,
            "Y": 0.44890493154525757
          },
          {
            "X": 0.6100946068763733,
            "Y": 0.4488217234611511
          }
        ]
      },
      "Id": "e7a81ea9-1692-41b2-b83d-f792fadbb152",
      "Page": 1
    },
    {
      "BlockType": "WORD",
      "Confidence": 99.93241882324219,
      "Text": "Probability",
      "TextType": "PRINTED",
      "Geometry": {
        "BoundingBox": {
          "Width": 0.12401366233825684,
          "Height": 0.10450894385576248,
          "Left": 0.8347892165184021,
          "Top": 0.37082043290138245
        },
        "Polygon": [
          {
            "X": 0.8347892165184021,
            "Y": 0.37082043290138245
          },
          {
            "X": 0.9587905406951904,
            "Y": 0.3708704710006714
          },
          {
            "X": 0.9588028788566589,
            "Y": 0.47532936930656433
          },
          {
            "X": 0.8347954750061035,
            "Y": 0.4752621352672577
          }
        ]
      },
      "Id": "8e44f266-983a-4b88-8bb5-a86f1379e10e",
      "Page": 1
    },
    {
      "BlockType": "WORD",
      "Confidence": 99.89965057373047,
      "Text": "Statistic",
      "TextType": "PRINTED",
      "Geometry": {
        "BoundingBox": {
          "Width": 0.08902536332607269,
          "Height": 0.08061186969280243,
          "Left": 0.6472489237785339,
          "Top": 0.48511654138565063
        },
        "Polygon": [
          {
            "X": 0.6472511887550354,
            "Y": 0.48511654138565063
          },
          {
            "X": 0.7362731695175171,
            "Y": 0.4851659834384918
          },
          {
            "X": 0.7362743020057678,
            "Y": 0.5657284259796143
          },
          {
            "X": 0.6472489237785339,
            "Y": 0.5656694769859314
          }
        ]
      },
      "Id": "58cde039-305f-472b-ac45-ca4e888d3106",
      "Page": 1
    },
    {
      "BlockType": "WORD",
      "Confidence": 99.9883804321289,
      "Text": "Main",
      "TextType": "PRINTED",
      "Geometry": {
        "BoundingBox": {
          "Width": 0.05876589193940163,
          "Height": 0.08091137558221817,
          "Left": 0.020412245765328407,
          "Top": 0.6077765822410583
        },
        "Polygon": [
          {
            "X": 0.020438335835933685,
            "Y": 0.6077765822410583
          },
          {
            "X": 0.07917813956737518,
            "Y": 0.6078188419342041
          },
          {
            "X": 0.07915428280830383,
            "Y": 0.6886879801750183
          },
          {
            "X": 0.020412245765328407,
            "Y": 0.6886394619941711
          }
        ]
      },
      "Id": "87e7f117-fe3f-4aef-9171-b4843dc4674b",
      "Page": 1
    },
    {
      "BlockType": "WORD",
      "Confidence": 99.41536712646484,
      "Text": "Pueblo",
      "TextType": "PRINTED",
      "Geometry": {
        "BoundingBox": {
          "Width": 0.07638528198003769,
          "Height": 0.08322740346193314,
          "Left": 0.08659567683935165,
          "Top": 0.6091278791427612
        },
        "Polygon": [
          {
            "X": 0.08661992102861404,
            "Y": 0.6091278791427612
          },
          {
            "X": 0.16298095881938934,
            "Y": 0.6091828942298889
          },
          {
            "X": 0.16295969486236572,
            "Y": 0.6923552751541138
          },
          {
            "X": 0.08659567683935165,
            "Y": 0.6922918558120728
          }
        ]
      },
      "Id": "01dd4958-afc4-4e07-b466-2350cb302a4d",
      "Page": 1
    },
    {
      "BlockType": "WORD",
      "Confidence": 99.9422836303711,
      "Text": "68",
      "TextType": "PRINTED",
      "Geometry": {
        "BoundingBox": {
          "Width": 0.026156583800911903,
          "Height": 0.0727865919470787,
          "Left": 0.3385765254497528,
          "Top": 0.6214146018028259
        },
        "Polygon": [
          {
            "X": 0.3385891318321228,
            "Y": 0.6214146018028259
          },
          {
            "X": 0.36473312973976135,
            "Y": 0.6214338541030884
          },
          {
            "X": 0.364721417427063,
            "Y": 0.6942011713981628
          },
          {
            "X": 0.3385765254497528,
            "Y": 0.694179356098175
          }
        ]
      },
      "Id": "f6e73a58-0adf-471a-9a16-5c1d564fd860",
      "Page": 1
    },
    {
      "BlockType": "WORD",
      "Confidence": 99.26644134521484,
      "Text": "4513.50",
      "TextType": "PRINTED",
      "Geometry": {
        "BoundingBox": {
          "Width": 0.08801576495170593,
          "Height": 0.0715964213013649,
          "Left": 0.4508356750011444,
          "Top": 0.625798225402832
        },
        "Polygon": [
          {
            "X": 0.45084428787231445,
            "Y": 0.625798225402832
          },
          {
            "X": 0.5388514399528503,
            "Y": 0.6258634924888611
          },
          {
            "X": 0.5388457775115967,
            "Y": 0.697394609451294
          },
          {
            "X": 0.4508356750011444,
            "Y": 0.6973209381103516
          }
        ]
      },
      "Id": "02dea2be-4688-4f4c-b46d-427e4cd54c1d",
      "Page": 1
    },
    {
      "BlockType": "WORD",
      "Confidence": 99.62393951416016,
      "Text": "56.140",
      "TextType": "PRINTED",
      "Geometry": {
        "BoundingBox": {
          "Width": 0.07374534010887146,
          "Height": 0.07604026794433594,
          "Left": 0.6550144553184509,
          "Top": 0.627424418926239
        },
        "Polygon": [
          {
            "X": 0.655016303062439,
            "Y": 0.627424418926239
          },
          {
            "X": 0.7287590503692627,
            "Y": 0.6274793148040771
          },
          {
            "X": 0.7287598252296448,
            "Y": 0.703464686870575
          },
          {
            "X": 0.6550144553184509,
            "Y": 0.7034024000167847
          }
        ]
      },
      "Id": "3d134b8b-01bc-41d5-9014-de5c09dc8357",
      "Page": 1
    },
    {
      "BlockType": "WORD",
      "Confidence": 99.65699005126953,
      "Text": "0.000",
      "TextType": "PRINTED",
      "Geometry": {
        "BoundingBox": {
          "Width": 0.06116947904229164,
          "Height": 0.07531611621379852,
          "Left": 0.8665261268615723,
          "Top": 0.6331438422203064
        },
        "Polygon": [
          {
            "X": 0.8665261268615723,
            "Y": 0.6331438422203064
          },
          {
            "X": 0.9276878237724304,
            "Y": 0.6331897974014282
          },
          {
            "X": 0.927695631980896,
            "Y": 0.7084599733352661
          },
          {
            "X": 0.8665317893028259,
            "Y": 0.7084078788757324
          }
        ]
      },
      "Id": "0ff85677-2709-4704-9861-bc50a25b67a9",
      "Page": 1
    },
    {
      "BlockType": "WORD",
      "Confidence": 99.91424560546875,
      "Text": "Outlier",
      "TextType": "PRINTED",
      "Geometry": {
        "BoundingBox": {
          "Width": 0.08042676746845245,
          "Height": 0.08079656958580017,
          "Left": 0.02026325650513172,
          "Top": 0.7240636944770813
        },
        "Polygon": [
          {
            "X": 0.020289305597543716,
            "Y": 0.7240636944770813
          },
          {
            "X": 0.10069002211093903,
            "Y": 0.7241339087486267
          },
          {
            "X": 0.10066702216863632,
            "Y": 0.8048602938652039
          },
          {
            "X": 0.02026325650513172,
            "Y": 0.804781436920166
          }
        ]
      },
      "Id": "9fef596a-6914-4c28-92a9-74c5ebc885ab",
      "Page": 1
    },
    {
      "BlockType": "WORD",
      "Confidence": 99.93970489501953,
      "Text": "26",
      "TextType": "PRINTED",
      "Geometry": {
        "BoundingBox": {
          "Width": 0.026407906785607338,
          "Height": 0.07392460107803345,
          "Left": 0.33755967020988464,
          "Top": 0.7372828722000122
        },
        "Polygon": [
          {
            "X": 0.33757251501083374,
            "Y": 0.7372828722000122
          },
          {
            "X": 0.36396756768226624,
            "Y": 0.7373063564300537
          },
          {
            "X": 0.36395567655563354,
            "Y": 0.8112074732780457
          },
          {
            "X": 0.33755967020988464,
            "Y": 0.811181366443634
          }
        ]
      },
      "Id": "1fc9b56f-a179-4332-ab0e-81d4f57ceb2f",
      "Page": 1
    },
    {
      "BlockType": "WORD",
      "Confidence": 99.97076416015625,
      "Text": "384.00",
      "TextType": "PRINTED",
      "Geometry": {
        "BoundingBox": {
          "Width": 0.07386817783117294,
          "Height": 0.07456467300653458,
          "Left": 0.4640948176383972,
          "Top": 0.7407004237174988
        },
        "Polygon": [
          {
            "X": 0.4641033411026001,
            "Y": 0.7407004237174988
          },
          {
            "X": 0.5379629731178284,
            "Y": 0.7407664656639099
          },
          {
            "X": 0.5379570722579956,
            "Y": 0.8152650594711304
          },
          {
            "X": 0.4640948176383972,
            "Y": 0.8151916861534119
          }
        ]
      },
      "Id": "0fbd00a2-fc2b-4be3-9468-0da80ad3c8a7",
      "Page": 1
    },
    {
      "BlockType": "WORD",
      "Confidence": 97.15666198730469,
      "Text": "-",
      "TextType": "PRINTED",
      "Geometry": {
        "BoundingBox": {
          "Width": 0.028667515143752098,
          "Height": 0.015220298431813717,
          "Left": 0.6764879822731018,
          "Top": 0.7819830179214478
        },
        "Polygon": [
          {
            "X": 0.6764882206916809,
            "Y": 0.7819830179214478
          },
          {
            "X": 0.7051555514335632,
            "Y": 0.7820101976394653
          },
          {
            "X": 0.7051554918289185,
            "Y": 0.7972033023834229
          },
          {
            "X": 0.6764879822731018,
            "Y": 0.7971755266189575
          }
        ]
      },
      "Id": "1c3d0fd9-ceea-4451-b7f9-81e24f26da7e",
      "Page": 1
    },
    {
      "BlockType": "WORD",
      "Confidence": 95.43910217285156,
      "Text": "-",
      "TextType": "PRINTED",
      "Geometry": {
        "BoundingBox": {
          "Width": 0.029874185100197792,
          "Height": 0.017029322683811188,
          "Left": 0.8815879225730896,
          "Top": 0.786923885345459
        },
        "Polygon": [
          {
            "X": 0.8815879225730896,
            "Y": 0.786923885345459
          },
          {
            "X": 0.9114604592323303,
            "Y": 0.7869524359703064
          },
          {
            "X": 0.911462128162384,
            "Y": 0.8039531707763672
          },
          {
            "X": 0.8815892934799194,
            "Y": 0.8039239645004272
          }
        ]
      },
      "Id": "465c6f78-4b87-4bf7-8d09-40675c4d4926",
      "Page": 1
    },
    {
      "BlockType": "WORD",
      "Confidence": 99.96083068847656,
      "Text": "Room",
      "TextType": "PRINTED",
      "Geometry": {
        "BoundingBox": {
          "Width": 0.06743554025888443,
          "Height": 0.07759573310613632,
          "Left": 0.019987523555755615,
          "Top": 0.8430377840995789
        },
        "Polygon": [
          {
            "X": 0.020012546330690384,
            "Y": 0.8430377840995789
          },
          {
            "X": 0.08742306381464005,
            "Y": 0.8431073427200317
          },
          {
            "X": 0.08740049600601196,
            "Y": 0.9206335544586182
          },
          {
            "X": 0.019987523555755615,
            "Y": 0.9205570816993713
          }
        ]
      },
      "Id": "7fe2eefc-21e2-4cc8-b479-638902903bd6",
      "Page": 1
    },
    {
      "BlockType": "WORD",
      "Confidence": 99.9644775390625,
      "Text": "Blocks",
      "TextType": "PRINTED",
      "Geometry": {
        "BoundingBox": {
          "Width": 0.07114878296852112,
          "Height": 0.07967453449964523,
          "Left": 0.09427496790885925,
          "Top": 0.8433360457420349
        },
        "Polygon": [
          {
            "X": 0.09429788589477539,
            "Y": 0.8433360457420349
          },
          {
            "X": 0.16542375087738037,
            "Y": 0.8434094190597534
          },
          {
            "X": 0.16540350019931793,
            "Y": 0.9230105876922607
          },
          {
            "X": 0.09427496790885925,
            "Y": 0.9229297041893005
          }
        ]
      },
      "Id": "3590c25e-2a2f-4af4-981c-a1d3f7031d6d",
      "Page": 1
    },
    {
      "BlockType": "WORD",
      "Confidence": 99.86614227294922,
      "Text": "5",
      "TextType": "PRINTED",
      "Geometry": {
        "BoundingBox": {
          "Width": 0.012518848292529583,
          "Height": 0.07114559412002563,
          "Left": 0.17223426699638367,
          "Top": 0.8510696291923523
        },
        "Polygon": [
          {
            "X": 0.1722521334886551,
            "Y": 0.8510696291923523
          },
          {
            "X": 0.18475311994552612,
            "Y": 0.8510826826095581
          },
          {
            "X": 0.18473565578460693,
            "Y": 0.9222152233123779
          },
          {
            "X": 0.17223426699638367,
            "Y": 0.9222010374069214
          }
        ]
      },
      "Id": "e0edd2a7-8200-4389-94d7-f391a88b40e0",
      "Page": 1
    },
    {
      "BlockType": "WORD",
      "Confidence": 99.98957824707031,
      "Text": "and",
      "TextType": "PRINTED",
      "Geometry": {
        "BoundingBox": {
          "Width": 0.04157761111855507,
          "Height": 0.07653767615556717,
          "Left": 0.19155380129814148,
          "Top": 0.8471199870109558
        },
        "Polygon": [
          {
            "X": 0.19157232344150543,
            "Y": 0.8471199870109558
          },
          {
            "X": 0.23313140869140625,
            "Y": 0.8471630811691284
          },
          {
            "X": 0.23311437666416168,
            "Y": 0.9236576557159424
          },
          {
            "X": 0.19155380129814148,
            "Y": 0.9236103892326355
          }
        ]
      },
      "Id": "8384e0c2-df7e-4e56-affd-c7d18ab7f571",
      "Page": 1
    },
    {
      "BlockType": "WORD",
      "Confidence": 99.46578216552734,
      "Text": "7",
      "TextType": "PRINTED",
      "Geometry": {
        "BoundingBox": {
          "Width": 0.013530135154724121,
          "Height": 0.07334597408771515,
          "Left": 0.23963776230812073,
          "Top": 0.852205753326416
        },
        "Polygon": [
          {
            "X": 0.23965387046337128,
            "Y": 0.852205753326416
          },
          {
            "X": 0.25316789746284485,
            "Y": 0.8522198796272278
          },
          {
            "X": 0.2531522512435913,
            "Y": 0.9255517721176147
          },
          {
            "X": 0.23963776230812073,
            "Y": 0.9255363345146179
          }
        ]
      },
      "Id": "5ba60874-7418-4744-b534-85bf35862cb5",
      "Page": 1
    },
    {
      "BlockType": "WORD",
      "Confidence": 99.94425964355469,
      "Text": "9",
      "TextType": "PRINTED",
      "Geometry": {
        "BoundingBox": {
          "Width": 0.013955204747617245,
          "Height": 0.07417593151330948,
          "Left": 0.3503451645374298,
          "Top": 0.8546842336654663
        },
        "Polygon": [
          {
            "X": 0.3503575921058655,
            "Y": 0.8546842336654663
          },
          {
            "X": 0.36430037021636963,
            "Y": 0.8546988368034363
          },
          {
            "X": 0.36428841948509216,
            "Y": 0.9288601875305176
          },
          {
            "X": 0.3503451645374298,
            "Y": 0.9288442134857178
          }
        ]
      },
      "Id": "c8fe09f1-bfc9-4200-8d36-fa447f4f24d7",
      "Page": 1
    },
    {
      "BlockType": "WORD",
      "Confidence": 99.79354858398438,
      "Text": "458.50",
      "TextType": "PRINTED",
      "Geometry": {
        "BoundingBox": {
          "Width": 0.07368648797273636,
          "Height": 0.07403914630413055,
          "Left": 0.4641772210597992,
          "Top": 0.8588266968727112
        },
        "Polygon": [
          {
            "X": 0.4641856551170349,
            "Y": 0.8588266968727112
          },
          {
            "X": 0.5378637313842773,
            "Y": 0.8589041829109192
          },
          {
            "X": 0.5378578305244446,
            "Y": 0.9328658580780029
          },
          {
            "X": 0.4641772210597992,
            "Y": 0.9327811598777771
          }
        ]
      },
      "Id": "3490272f-c04a-4928-9af7-50367c55f9da",
      "Page": 1
    },
    {
      "BlockType": "WORD",
      "Confidence": 97.63019561767578,
      "Text": "-",
      "TextType": "PRINTED",
      "Geometry": {
        "BoundingBox": {
          "Width": 0.029528914019465446,
          "Height": 0.018415363505482674,
          "Left": 0.6761309504508972,
          "Top": 0.9001743197441101
        },
        "Polygon": [
          {
            "X": 0.6761312484741211,
            "Y": 0.9001743197441101
          },
          {
            "X": 0.7056598663330078,
            "Y": 0.9002069234848022
          },
          {
            "X": 0.7056598663330078,
            "Y": 0.9185896515846252
          },
          {
            "X": 0.6761309504508972,
            "Y": 0.918556272983551
          }
        ]
      },
      "Id": "5a07c18d-7ab8-4487-b3d1-aca0f05b2ae8",
      "Page": 1
    },
    {
      "BlockType": "WORD",
      "Confidence": 90.81610107421875,
      "Text": "-",
      "TextType": "PRINTED",
      "Geometry": {
        "BoundingBox": {
          "Width": 0.02947523258626461,
          "Height": 0.018377216532826424,
          "Left": 0.8814756274223328,
          "Top": 0.9055066704750061
        },
        "Polygon": [
          {
            "X": 0.8814756274223328,
            "Y": 0.9055066704750061
          },
          {
            "X": 0.9109491109848022,
            "Y": 0.9055394530296326
          },
          {
            "X": 0.9109508395195007,
            "Y": 0.9238839149475098
          },
          {
            "X": 0.8814771175384521,
            "Y": 0.9238503575325012
          }
        ]
      },
      "Id": "5f36bf85-dfc4-4355-aefb-3cb7a9fc4dbd",
      "Page": 1
    },
    {
      "BlockType": "TABLE",
      "Confidence": 98.974609375,
      "Geometry": {
        "BoundingBox": {
          "Width": 0.9440519213676453,
          "Height": 0.6241599321365356,
          "Left": 0.016524922102689743,
          "Top": 0.3328026831150055
        },
        "Polygon": [
          {
            "X": 0.016727056354284286,
            "Y": 0.3328026831150055
          },
          {
            "X": 0.960502564907074,
            "Y": 0.3331363797187805
          },
          {
            "X": 0.9605768322944641,
            "Y": 0.9569626450538635
          },
          {
            "X": 0.016524922102689743,
            "Y": 0.9558477997779846
          }
        ]
      },
      "Id": "2d0bddcf-c100-4dc7-9499-4047255df87a",
      "Relationships": [
        {
          "Type": "CHILD",
          "Ids": [
            "8366a5af-5e8f-4c5a-8b9f-01b4a76e9477",
            "9f2569ae-ad49-4ed1-a057-633e7f078e90",
            "f215fd75-8aae-4680-a4b9-d9d95749f27e",
            "073d1408-5dd5-4b7d-ac5e-8e5c812c952f",
            "f5720ad2-70d8-4220-be90-d3971e58354e",
            "6b29fd21-0676-406c-9413-bae34d543718",
            "22732894-14e3-4ec6-b023-f9d55c301089",
            "5564b530-bdd9-4ce4-91c9-37b18d029f2a",
            "e0c7e249-3a7c-464e-9910-985d08241394",
            "1ad6901b-af66-4a91-b148-cd5950125959",
            "6531fd81-72e7-446b-80d1-8952a0f0563e",
            "053cb601-a66d-47ff-9ba0-dc5f2f2e7992",
            "5545562b-fdb3-4cf7-96f5-415a9bca8659",
            "5017a951-107a-4002-ab05-ca581ab8c7cd",
            "35e24dcc-e617-45ef-85b5-abbde8e5bc09",
            "0115a788-100a-49d0-a517-954a71ef6d78",
            "78019838-27ab-4c74-8888-6a595e11309c",
            "384fea1d-6c56-4fdc-87cc-2c056f3de585",
            "b07b0351-75f4-4234-8332-df0235680175",
            "d57af24c-fad0-4712-ac56-ba61e540a667"
          ]
        },
        {
          "Type": "TABLE_TITLE",
          "Ids": [
            "d5ed7e60-9271-4c16-9eb6-bed978ca079e"
          ]
        }
      ],
      "EntityTypes": [
        "STRUCTURED_TABLE"
      ],
      "Page": 1
    },
    {
      "BlockType": "CELL",
      "Confidence": 94.775390625,
      "RowIndex": 1,
      "ColumnIndex": 1,
      "RowSpan": 1,
      "ColumnSpan": 1,
      "Geometry": {
        "BoundingBox": {
          "Width": 0.2706310749053955,
          "Height": 0.2595919966697693,
          "Left": 0.016642898321151733,
          "Top": 0.3328026831150055
        },
        "Polygon": [
          {
            "X": 0.016727056354284286,
            "Y": 0.3328026831150055
          },
          {
            "X": 0.28727397322654724,
            "Y": 0.33289834856987
          },
          {
            "X": 0.28722280263900757,
            "Y": 0.5923946499824524
          },
          {
            "X": 0.016642898321151733,
            "Y": 0.592205822467804
          }
        ]
      },
      "Id": "8366a5af-5e8f-4c5a-8b9f-01b4a76e9477",
      "Relationships": [
        {
          "Type": "CHILD",
          "Ids": [
            "5887db8a-e4a6-4b35-9e38-df23385060ff"
          ]
        }
      ],
      "EntityTypes": [
        "COLUMN_HEADER"
      ],
      "Page": 1
    },
    {
      "BlockType": "CELL",
      "Confidence": 87.79296875,
      "RowIndex": 1,
      "ColumnIndex": 2,
      "RowSpan": 1,
      "ColumnSpan": 1,
      "Geometry": {
        "BoundingBox": {
          "Width": 0.1273457556962967,
          "Height": 0.2595852017402649,
          "Left": 0.28722280263900757,
          "Top": 0.33289834856987
        },
        "Polygon": [
          {
            "X": 0.28727397322654724,
            "Y": 0.33289834856987
          },
          {
            "X": 0.41456854343414307,
            "Y": 0.3329433500766754
          },
          {
            "X": 0.414532870054245,
            "Y": 0.5924835205078125
          },
          {
            "X": 0.28722280263900757,
            "Y": 0.5923946499824524
          }
        ]
      },
      "Id": "9f2569ae-ad49-4ed1-a057-633e7f078e90",
      "Relationships": [
        {
          "Type": "CHILD",
          "Ids": [
            "109b421e-e4d7-4fd2-96bd-3bf549c035c8"
          ]
        }
      ],
      "EntityTypes": [
        "COLUMN_HEADER"
      ],
      "Page": 1
    },
    {
      "BlockType": "CELL",
      "Confidence": 93.017578125,
      "RowIndex": 1,
      "ColumnIndex": 3,
      "RowSpan": 1,
      "ColumnSpan": 1,
      "Geometry": {
        "BoundingBox": {
          "Width": 0.17053046822547913,
          "Height": 0.25965920090675354,
          "Left": 0.414532870054245,
          "Top": 0.3329433500766754
        },
        "Polygon": [
          {
            "X": 0.41456854343414307,
            "Y": 0.3329433500766754
          },
          {
            "X": 0.5850633382797241,
            "Y": 0.3330036401748657
          },
          {
            "X": 0.5850484371185303,
            "Y": 0.592602550983429
          },
          {
            "X": 0.414532870054245,
            "Y": 0.5924835205078125
          }
        ]
      },
      "Id": "f215fd75-8aae-4680-a4b9-d9d95749f27e",
      "Relationships": [
        {
          "Type": "CHILD",
          "Ids": [
            "17d5cf72-dbc4-4061-8758-6258aa88eeec",
            "662d9d03-7682-44c4-84f7-27045d57b037"
          ]
        }
      ],
      "EntityTypes": [
        "COLUMN_HEADER"
      ],
      "Page": 1
    },
    {
      "BlockType": "CELL",
      "Confidence": 94.189453125,
      "RowIndex": 1,
      "ColumnIndex": 4,
      "RowSpan": 1,
      "ColumnSpan": 1,
      "Geometry": {
        "BoundingBox": {
          "Width": 0.22010019421577454,
          "Height": 0.2597525715827942,
          "Left": 0.5850484371185303,
          "Top": 0.3330036401748657
        },
        "Polygon": [
          {
            "X": 0.5850633382797241,
            "Y": 0.3330036401748657
          },
          {
            "X": 0.8051366806030273,
            "Y": 0.33308145403862
          },
          {
            "X": 0.8051486611366272,
            "Y": 0.5927562117576599
          },
          {
            "X": 0.5850484371185303,
            "Y": 0.592602550983429
          }
        ]
      },
      "Id": "073d1408-5dd5-4b7d-ac5e-8e5c812c952f",
      "Relationships": [
        {
          "Type": "CHILD",
          "Ids": [
            "e7a81ea9-1692-41b2-b83d-f792fadbb152",
            "58cde039-305f-472b-ac45-ca4e888d3106"
          ]
        }
      ],
      "EntityTypes": [
        "COLUMN_HEADER"
      ],
      "Page": 1
    },
    {
      "BlockType": "CELL",
      "Confidence": 91.015625,
      "RowIndex": 1,
      "ColumnIndex": 5,
      "RowSpan": 1,
      "ColumnSpan": 1,
      "Geometry": {
        "BoundingBox": {
          "Width": 0.15539680421352386,
          "Height": 0.25978320837020874,
          "Left": 0.8051366806030273,
          "Top": 0.33308145403862
        },
        "Polygon": [
          {
            "X": 0.8051366806030273,
            "Y": 0.33308145403862
          },
          {
            "X": 0.960502564907074,
            "Y": 0.3331363797187805
          },
          {
            "X": 0.9605334997177124,
            "Y": 0.5928646922111511
          },
          {
            "X": 0.8051486611366272,
            "Y": 0.5927562117576599
          }
        ]
      },
      "Id": "f5720ad2-70d8-4220-be90-d3971e58354e",
      "Relationships": [
        {
          "Type": "CHILD",
          "Ids": [
            "8e44f266-983a-4b88-8bb5-a86f1379e10e"
          ]
        }
      ],
      "EntityTypes": [
        "COLUMN_HEADER"
      ],
      "Page": 1
    },
    {
      "BlockType": "CELL",
      "Confidence": 88.623046875,
      "RowIndex": 2,
      "ColumnIndex": 1,
      "RowSpan": 1,
      "ColumnSpan": 1,
      "Geometry": {
        "BoundingBox": {
          "Width": 0.27062109112739563,
          "Height": 0.12717893719673157,
          "Left": 0.016601713374257088,
          "Top": 0.592205822467804
        },
        "Polygon": [
          {
            "X": 0.016642898321151733,
            "Y": 0.592205822467804
          },
          {
            "X": 0.28722280263900757,
            "Y": 0.5923946499824524
          },
          {
            "X": 0.2871977388858795,
            "Y": 0.7193847298622131
          },
          {
            "X": 0.016601713374257088,
            "Y": 0.7191502451896667
          }
        ]
      },
      "Id": "6b29fd21-0676-406c-9413-bae34d543718",
      "Relationships": [
        {
          "Type": "CHILD",
          "Ids": [
            "87e7f117-fe3f-4aef-9171-b4843dc4674b",
            "01dd4958-afc4-4e07-b466-2350cb302a4d"
          ]
        }
      ],
      "Page": 1
    },
    {
      "BlockType": "CELL",
      "Confidence": 82.080078125,
      "RowIndex": 2,
      "ColumnIndex": 2,
      "RowSpan": 1,
      "ColumnSpan": 1,
      "Geometry": {
        "BoundingBox": {
          "Width": 0.12733513116836548,
          "Height": 0.12710040807724,
          "Left": 0.2871977388858795,
          "Top": 0.5923946499824524
        },
        "Polygon": [
          {
            "X": 0.28722280263900757,
            "Y": 0.5923946499824524
          },
          {
            "X": 0.414532870054245,
            "Y": 0.5924835205078125
          },
          {
            "X": 0.4145154058933258,
            "Y": 0.7194950580596924
          },
          {
            "X": 0.2871977388858795,
            "Y": 0.7193847298622131
          }
        ]
      },
      "Id": "22732894-14e3-4ec6-b023-f9d55c301089",
      "Relationships": [
        {
          "Type": "CHILD",
          "Ids": [
            "f6e73a58-0adf-471a-9a16-5c1d564fd860"
          ]
        }
      ],
      "Page": 1
    },
    {
      "BlockType": "CELL",
      "Confidence": 86.962890625,
      "RowIndex": 2,
      "ColumnIndex": 3,
      "RowSpan": 1,
      "ColumnSpan": 1,
      "Geometry": {
        "BoundingBox": {
          "Width": 0.17053304612636566,
          "Height": 0.12715931236743927,
          "Left": 0.4145154058933258,
          "Top": 0.5924835205078125
        },
        "Polygon": [
          {
            "X": 0.414532870054245,
            "Y": 0.5924835205078125
          },
          {
            "X": 0.5850484371185303,
            "Y": 0.592602550983429
          },
          {
            "X": 0.5850411653518677,
            "Y": 0.7196428775787354
          },
          {
            "X": 0.4145154058933258,
            "Y": 0.7194950580596924
          }
        ]
      },
      "Id": "5564b530-bdd9-4ce4-91c9-37b18d029f2a",
      "Relationships": [
        {
          "Type": "CHILD",
          "Ids": [
            "02dea2be-4688-4f4c-b46d-427e4cd54c1d"
          ]
        }
      ],
      "Page": 1
    },
    {
      "BlockType": "CELL",
      "Confidence": 88.037109375,
      "RowIndex": 2,
      "ColumnIndex": 4,
      "RowSpan": 1,
      "ColumnSpan": 1,
      "Geometry": {
        "BoundingBox": {
          "Width": 0.2201133370399475,
          "Height": 0.12723103165626526,
          "Left": 0.5850411653518677,
          "Top": 0.592602550983429
        },
        "Polygon": [
          {
            "X": 0.5850484371185303,
            "Y": 0.592602550983429
          },
          {
            "X": 0.8051486611366272,
            "Y": 0.5927562117576599
          },
          {
            "X": 0.8051545023918152,
            "Y": 0.7198336124420166
          },
          {
            "X": 0.5850411653518677,
            "Y": 0.7196428775787354
          }
        ]
      },
      "Id": "e0c7e249-3a7c-464e-9910-985d08241394",
      "Relationships": [
        {
          "Type": "CHILD",
          "Ids": [
            "3d134b8b-01bc-41d5-9014-de5c09dc8357"
          ]
        }
      ],
      "Page": 1
    },
    {
      "BlockType": "CELL",
      "Confidence": 85.05859375,
      "RowIndex": 2,
      "ColumnIndex": 5,
      "RowSpan": 1,
      "ColumnSpan": 1,
      "Geometry": {
        "BoundingBox": {
          "Width": 0.15539996325969696,
          "Height": 0.1272120624780655,
          "Left": 0.8051486611366272,
          "Top": 0.5927562117576599
        },
        "Polygon": [
          {
            "X": 0.8051486611366272,
            "Y": 0.5927562117576599
          },
          {
            "X": 0.9605334997177124,
            "Y": 0.5928646922111511
          },
          {
            "X": 0.9605486392974854,
            "Y": 0.7199682593345642
          },
          {
            "X": 0.8051545023918152,
            "Y": 0.7198336124420166
          }
        ]
      },
      "Id": "1ad6901b-af66-4a91-b148-cd5950125959",
      "Relationships": [
        {
          "Type": "CHILD",
          "Ids": [
            "0ff85677-2709-4704-9861-bc50a25b67a9"
          ]
        }
      ],
      "Page": 1
    },
    {
      "BlockType": "CELL",
      "Confidence": 86.962890625,
      "RowIndex": 3,
      "ColumnIndex": 1,
      "RowSpan": 1,
      "ColumnSpan": 1,
      "Geometry": {
        "BoundingBox": {
          "Width": 0.27063223719596863,
          "Height": 0.11184434592723846,
          "Left": 0.016565516591072083,
          "Top": 0.7191502451896667
        },
        "Polygon": [
          {
            "X": 0.016601713374257088,
            "Y": 0.7191502451896667
          },
          {
            "X": 0.2871977388858795,
            "Y": 0.7193847298622131
          },
          {
            "X": 0.287175714969635,
            "Y": 0.8309946060180664
          },
          {
            "X": 0.016565516591072083,
            "Y": 0.8307200074195862
          }
        ]
      },
      "Id": "6531fd81-72e7-446b-80d1-8952a0f0563e",
      "Relationships": [
        {
          "Type": "CHILD",
          "Ids": [
            "9fef596a-6914-4c28-92a9-74c5ebc885ab"
          ]
        }
      ],
      "Page": 1
    },
    {
      "BlockType": "CELL",
      "Confidence": 80.56640625,
      "RowIndex": 3,
      "ColumnIndex": 2,
      "RowSpan": 1,
      "ColumnSpan": 1,
      "Geometry": {
        "BoundingBox": {
          "Width": 0.1273396909236908,
          "Height": 0.11173904687166214,
          "Left": 0.287175714969635,
          "Top": 0.7193847298622131
        },
        "Polygon": [
          {
            "X": 0.2871977388858795,
            "Y": 0.7193847298622131
          },
          {
            "X": 0.4145154058933258,
            "Y": 0.7194950580596924
          },
          {
            "X": 0.41450005769729614,
            "Y": 0.8311237692832947
          },
          {
            "X": 0.287175714969635,
            "Y": 0.8309946060180664
          }
        ]
      },
      "Id": "053cb601-a66d-47ff-9ba0-dc5f2f2e7992",
      "Relationships": [
        {
          "Type": "CHILD",
          "Ids": [
            "1fc9b56f-a179-4332-ab0e-81d4f57ceb2f"
          ]
        }
      ],
      "Page": 1
    },
    {
      "BlockType": "CELL",
      "Confidence": 85.3515625,
      "RowIndex": 3,
      "ColumnIndex": 3,
      "RowSpan": 1,
      "ColumnSpan": 1,
      "Geometry": {
        "BoundingBox": {
          "Width": 0.17054110765457153,
          "Height": 0.11180176585912704,
          "Left": 0.41450005769729614,
          "Top": 0.7194950580596924
        },
        "Polygon": [
          {
            "X": 0.4145154058933258,
            "Y": 0.7194950580596924
          },
          {
            "X": 0.5850411653518677,
            "Y": 0.7196428775787354
          },
          {
            "X": 0.5850347876548767,
            "Y": 0.8312968611717224
          },
          {
            "X": 0.41450005769729614,
            "Y": 0.8311237692832947
          }
        ]
      },
      "Id": "5545562b-fdb3-4cf7-96f5-415a9bca8659",
      "Relationships": [
        {
          "Type": "CHILD",
          "Ids": [
            "0fbd00a2-fc2b-4be3-9468-0da80ad3c8a7"
          ]
        }
      ],
      "Page": 1
    },
    {
      "BlockType": "CELL",
      "Confidence": 86.376953125,
      "RowIndex": 3,
      "ColumnIndex": 4,
      "RowSpan": 1,
      "ColumnSpan": 1,
      "Geometry": {
        "BoundingBox": {
          "Width": 0.22012488543987274,
          "Height": 0.11187735944986343,
          "Left": 0.5850347876548767,
          "Top": 0.7196428775787354
        },
        "Polygon": [
          {
            "X": 0.5850411653518677,
            "Y": 0.7196428775787354
          },
          {
            "X": 0.8051545023918152,
            "Y": 0.7198336124420166
          },
          {
            "X": 0.8051596879959106,
            "Y": 0.8315201997756958
          },
          {
            "X": 0.5850347876548767,
            "Y": 0.8312968611717224
          }
        ]
      },
      "Id": "5017a951-107a-4002-ab05-ca581ab8c7cd",
      "Relationships": [
        {
          "Type": "CHILD",
          "Ids": [
            "1c3d0fd9-ceea-4451-b7f9-81e24f26da7e"
          ]
        }
      ],
      "Page": 1
    },
    {
      "BlockType": "CELL",
      "Confidence": 83.49609375,
      "RowIndex": 3,
      "ColumnIndex": 5,
      "RowSpan": 1,
      "ColumnSpan": 1,
      "Geometry": {
        "BoundingBox": {
          "Width": 0.15540741384029388,
          "Height": 0.11184430122375488,
          "Left": 0.8051545023918152,
          "Top": 0.7198336124420166
        },
        "Polygon": [
          {
            "X": 0.8051545023918152,
            "Y": 0.7198336124420166
          },
          {
            "X": 0.9605486392974854,
            "Y": 0.7199682593345642
          },
          {
            "X": 0.9605619311332703,
            "Y": 0.8316779136657715
          },
          {
            "X": 0.8051596879959106,
            "Y": 0.8315201997756958
          }
        ]
      },
      "Id": "35e24dcc-e617-45ef-85b5-abbde8e5bc09",
      "Relationships": [
        {
          "Type": "CHILD",
          "Ids": [
            "465c6f78-4b87-4bf7-8d09-40675c4d4926"
          ]
        }
      ],
      "Page": 1
    },
    {
      "BlockType": "CELL",
      "Confidence": 92.28515625,
      "RowIndex": 4,
      "ColumnIndex": 1,
      "RowSpan": 1,
      "ColumnSpan": 1,
      "Geometry": {
        "BoundingBox": {
          "Width": 0.27065080404281616,
          "Height": 0.12544739246368408,
          "Left": 0.016524922102689743,
          "Top": 0.8307200074195862
        },
        "Polygon": [
          {
            "X": 0.016565516591072083,
            "Y": 0.8307200074195862
          },
          {
            "X": 0.287175714969635,
            "Y": 0.8309946060180664
          },
          {
            "X": 0.287151038646698,
            "Y": 0.9561673998832703
          },
          {
            "X": 0.016524922102689743,
            "Y": 0.9558477997779846
          }
        ]
      },
      "Id": "0115a788-100a-49d0-a517-954a71ef6d78",
      "Relationships": [
        {
          "Type": "CHILD",
          "Ids": [
            "7fe2eefc-21e2-4cc8-b479-638902903bd6",
            "3590c25e-2a2f-4af4-981c-a1d3f7031d6d",
            "e0edd2a7-8200-4389-94d7-f391a88b40e0",
            "8384e0c2-df7e-4e56-affd-c7d18ab7f571",
            "5ba60874-7418-4744-b534-85bf35862cb5"
          ]
        }
      ],
      "Page": 1
    },
    {
      "BlockType": "CELL",
      "Confidence": 85.498046875,
      "RowIndex": 4,
      "ColumnIndex": 2,
      "RowSpan": 1,
      "ColumnSpan": 1,
      "Geometry": {
        "BoundingBox": {
          "Width": 0.12734903395175934,
          "Height": 0.12532316148281097,
          "Left": 0.287151038646698,
          "Top": 0.8309946060180664
        },
        "Polygon": [
          {
            "X": 0.287175714969635,
            "Y": 0.8309946060180664
          },
          {
            "X": 0.41450005769729614,
            "Y": 0.8311237692832947
          },
          {
            "X": 0.41448286175727844,
            "Y": 0.9563177824020386
          },
          {
            "X": 0.287151038646698,
            "Y": 0.9561673998832703
          }
        ]
      },
      "Id": "78019838-27ab-4c74-8888-6a595e11309c",
      "Relationships": [
        {
          "Type": "CHILD",
          "Ids": [
            "c8fe09f1-bfc9-4200-8d36-fa447f4f24d7"
          ]
        }
      ],
      "Page": 1
    },
    {
      "BlockType": "CELL",
      "Confidence": 90.576171875,
      "RowIndex": 4,
      "ColumnIndex": 3,
      "RowSpan": 1,
      "ColumnSpan": 1,
      "Geometry": {
        "BoundingBox": {
          "Width": 0.17055191099643707,
          "Height": 0.12539535760879517,
          "Left": 0.41448286175727844,
          "Top": 0.8311237692832947
        },
        "Polygon": [
          {
            "X": 0.41450005769729614,
            "Y": 0.8311237692832947
          },
          {
            "X": 0.5850347876548767,
            "Y": 0.8312968611717224
          },
          {
            "X": 0.5850275754928589,
            "Y": 0.9565191268920898
          },
          {
            "X": 0.41448286175727844,
            "Y": 0.9563177824020386
          }
        ]
      },
      "Id": "384fea1d-6c56-4fdc-87cc-2c056f3de585",
      "Relationships": [
        {
          "Type": "CHILD",
          "Ids": [
            "3490272f-c04a-4928-9af7-50367c55f9da"
          ]
        }
      ],
      "Page": 1
    },
    {
      "BlockType": "CELL",
      "Confidence": 91.69921875,
      "RowIndex": 4,
      "ColumnIndex": 4,
      "RowSpan": 1,
      "ColumnSpan": 1,
      "Geometry": {
        "BoundingBox": {
          "Width": 0.2201378345489502,
          "Height": 0.12548226118087769,
          "Left": 0.5850275754928589,
          "Top": 0.8312968611717224
        },
        "Polygon": [
          {
            "X": 0.5850347876548767,
            "Y": 0.8312968611717224
          },
          {
            "X": 0.8051596879959106,
            "Y": 0.8315201997756958
          },
          {
            "X": 0.8051654100418091,
            "Y": 0.9567791223526001
          },
          {
            "X": 0.5850275754928589,
            "Y": 0.9565191268920898
          }
        ]
      },
      "Id": "b07b0351-75f4-4234-8332-df0235680175",
      "Relationships": [
        {
          "Type": "CHILD",
          "Ids": [
            "5a07c18d-7ab8-4487-b3d1-aca0f05b2ae8"
          ]
        }
      ],
      "Page": 1
    },
    {
      "BlockType": "CELL",
      "Confidence": 88.623046875,
      "RowIndex": 4,
      "ColumnIndex": 5,
      "RowSpan": 1,
      "ColumnSpan": 1,
      "Geometry": {
        "BoundingBox": {
          "Width": 0.15541718900203705,
          "Height": 0.12544241547584534,
          "Left": 0.8051596879959106,
          "Top": 0.8315201997756958
        },
        "Polygon": [
          {
            "X": 0.8051596879959106,
            "Y": 0.8315201997756958
          },
          {
            "X": 0.9605619311332703,
            "Y": 0.8316779136657715
          },
          {
            "X": 0.9605768322944641,
            "Y": 0.9569626450538635
          },
          {
            "X": 0.8051654100418091,
            "Y": 0.9567791223526001
          }
        ]
      },
      "Id": "d57af24c-fad0-4712-ac56-ba61e540a667",
      "Relationships": [
        {
          "Type": "CHILD",
          "Ids": [
            "5f36bf85-dfc4-4355-aefb-3cb7a9fc4dbd"
          ]
        }
      ],
      "Page": 1
    },
    {
      "BlockType": "TABLE_TITLE",
      "Confidence": 83.837890625,
      "Geometry": {
        "BoundingBox": {
          "Width": 0.9403914213180542,
          "Height": 0.13366025686264038,
          "Left": 0.017854759469628334,
          "Top": 0.1905515044927597
        },
        "Polygon": [
          {
            "X": 0.017897948622703552,
            "Y": 0.1905515044927597
          },
          {
            "X": 0.9582304358482361,
            "Y": 0.19070637226104736
          },
          {
            "X": 0.9582461714744568,
            "Y": 0.3242117762565613
          },
          {
            "X": 0.017854759469628334,
            "Y": 0.3238903880119324
          }
        ]
      },
      "Id": "d5ed7e60-9271-4c16-9eb6-bed978ca079e",
      "Relationships": [
        {
          "Type": "CHILD",
          "Ids": [
            "ad030682-b9bf-4312-8a1c-a84fbd0b461a",
            "1f5384e4-22ee-48cf-b252-8a86548a8c67",
            "4f15d314-f00f-4fcc-a6db-2a86a61dd7b1",
            "991543a7-9db0-4eaa-8be2-7f73db55a022",
            "1b6f9b93-5fa5-4591-9eee-4533abbc3c38",
            "f743dba0-9339-4954-9aea-d7d06cebe570",
            "291caca9-a6e8-4415-ae2f-bd06a98d8270",
            "f6b6c02d-81c1-430b-bf69-90a7020f835e",
            "046366bb-926c-4ea6-bc33-756eff86f374",
            "6cf207b9-cf81-4296-b8ff-3ced835cde12"
          ]
        }
      ],
      "Page": 1
    }
  ],
  "AnalyzeDocumentModelVersion": "1.0"
}