{
  "DocumentMetadata": {
    "Pages": 1
  },
  "JobStatus": "SUCCEEDED",
  "Blocks": [
    {
      "BlockType": "PAGE",
      "Geometry": {
        "BoundingBox": {
          "Width": 1,
          "Height": 1,
          "Left": 0,
          "Top": 0
        },
        "Polygon": [
          {
            "X": 0,
            "Y": 2.7748325013600417e-13
          },
          {
            "X": 1,
            "Y": 0
          },
          {
            "X": 1,
            "Y": 1
          },
          {
            "X": 0,
            "Y": 1
          }
        ]
      },
      "Id": "4971424e-02e9-4f37-a6d5-4e41c55ea0b6",
      "Relationships": [
        {
          "Type": "CHILD",
          "Ids": [
            "b2cc3015-963d-42e9-be90-6d9ccd17259c",
            "280222d8-af4b-496e-afe1-61443b173624",
            "a2f6c516-fda6-45ce-8de5-55d9b85fefdb",
            "d7d5d387-aa1f-4032-9359-a1b3710ac509",
            "ffcc6547-9816-41be-849b-2077a05f4889",
            "01e3db79-2030-435c-946e-0ab02561ffb7",
            "ea066670-1fe6-4c47-a14a-2652771bc285",
            "141341d1-d8d6-473f-8fde-45ff2e62090e",
            "2707ff74-8276-4ab8-8d2b-4453d2601bc2",
            "f873b259-6f3c-4559-8591-334089cbc43e",
            "dfcd9352-dc16-43a1-a45f-b07754cf5b40",
            "da7ca96f-c6b8-4d7d-a2e3-a92164f8c330",
            "5c401a7d-e866-40ef-9387-f95c1d3e6069",
            "f4394952-feaf-4b04-9e62-62ed77c14c3b",
            "6ff2fd3a-d4da-496c-878e-4f8ea6cefc2d",
            "35b9d446-058d-4522-bb33-52c6e686d7eb",
            "6702e336-edcf-4e29-b48e-642bafb4dac2",
            "86f6ab11-c8ca-440f-91df-a4893c72e2f3",
            "47d90141-55d5-403b-a523-0dfbd4eca32c"
          ]
        }
      ],
      "Page": 1
    },
    {
      "BlockType": "LINE",
      "Confidence": 98.83163452148438,
      "Text": "TABLE 3.14.",
      "Geometry": {
        "BoundingBox": {
          "Width": 0.13864371180534363,
          "Height": 0.094438336789608,
          "Left": 0.42387229204177856,
          "Top": 0.06334173679351807
        },
        "Polygon": [
          {
            "X": 0.4238857626914978,
            "Y": 0.0645056664943695
          },
          {
            "X": 0.5625160336494446,
            "Y": 0.06334173679351807
          },
          {
            "X": 0.5625070929527283,
            "Y": 0.1566820740699768
          },
          {
            "X": 0.42387229204177856,
            "Y": 0.15778008103370667
          }
        ]
      },
      "Id": "b2cc3015-963d-42e9-be90-6d9ccd17259c",
      "Relationships": [
        {
          "Type": "CHILD",
          "Ids": [
            "fac7d2b1-1e05-486a-8dbc-c42da67df3bb",
            "ba0cc9eb-f939-4a5d-ae16-a53b4a2874ff"
          ]
        }
      ],
      "Page": 1
    },
    {
      "BlockType": "LINE",
      "Confidence": 99.49713134765625,
      "Text": "Distribution of Doors by Wall Type (Expected Values Shown in Parentheses)",
      "Geometry": {
        "BoundingBox": {
          "Width": 0.9484944939613342,
          "Height": 0.1407720148563385,
          "Left": 0.019714824855327606,
          "Top": 0.17687629163265228
        },
        "Polygon": [
          {
            "X": 0.019753050059080124,
            "Y": 0.18427522480487823
          },
          {
            "X": 0.9682028889656067,
            "Y": 0.17687629163265228
          },
          {
            "X": 0.9682093262672424,
            "Y": 0.3108956217765808
          },
          {
            "X": 0.019714824855327606,
            "Y": 0.317648321390152
          }
        ]
      },
      "Id": "280222d8-af4b-496e-afe1-61443b173624",
      "Relationships": [
        {
          "Type": "CHILD",
          "Ids": [
            "7a6d0c2a-1499-428d-bb05-e1cb19eb4cc5",
            "29d10b09-90f2-4708-8996-5e5bef3ef7b0",
            "458c62d3-6c5c-4c84-8d0c-c0ce23021652",
            "2225c044-5837-4bd0-a51c-5cb2c8c1d7b5",
            "7ebb6d84-c727-4da1-8fa0-8e7c1278d91f",
            "918ee2d6-2de4-4459-8f17-febfc1cc72fb",
            "1fb9e4f6-b1c1-4671-9fc9-b07e88f32407",
            "53367444-9ea1-406c-a544-8e98a5a33256",
            "aad61ac8-cfa1-4bb7-94cd-f23f904ce1ca",
            "bdf6eb8e-6920-4941-ae8c-c72b5142fbd3",
            "e175f74d-9ebf-42f7-841d-24c5624d18e6"
          ]
        }
      ],
      "Page": 1
    },
    {
      "BlockType": "LINE",
      "Confidence": 99.90960693359375,
      "Text": "No Door",
      "Geometry": {
        "BoundingBox": {
          "Width": 0.10288365930318832,
          "Height": 0.07511130720376968,
          "Left": 0.37040993571281433,
          "Top": 0.3542236387729645
        },
        "Polygon": [
          {
            "X": 0.3704220652580261,
            "Y": 0.3549351394176483
          },
          {
            "X": 0.47329360246658325,
            "Y": 0.3542236387729645
          },
          {
            "X": 0.47328415513038635,
            "Y": 0.4286624789237976
          },
          {
            "X": 0.37040993571281433,
            "Y": 0.42933496832847595
          }
        ]
      },
      "Id": "a2f6c516-fda6-45ce-8de5-55d9b85fefdb",
      "Relationships": [
        {
          "Type": "CHILD",
          "Ids": [
            "f41e8b74-6725-46f1-ba1b-2f47f1e28680",
            "2457e2c1-8449-4966-a74e-5b5b8dcdee4f"
          ]
        }
      ],
      "Page": 1
    },
    {
      "BlockType": "LINE",
      "Confidence": 99.92874145507812,
      "Text": "Door",
      "Geometry": {
        "BoundingBox": {
          "Width": 0.06074116751551628,
          "Height": 0.07364604622125626,
          "Left": 0.6624935865402222,
          "Top": 0.34220603108406067
        },
        "Polygon": [
          {
            "X": 0.6624979972839355,
            "Y": 0.3426293134689331
          },
          {
            "X": 0.7232347726821899,
            "Y": 0.34220603108406067
          },
          {
            "X": 0.7232319116592407,
            "Y": 0.4154514670372009
          },
          {
            "X": 0.6624935865402222,
            "Y": 0.4158520996570587
          }
        ]
      },
      "Id": "d7d5d387-aa1f-4032-9359-a1b3710ac509",
      "Relationships": [
        {
          "Type": "CHILD",
          "Ids": [
            "583b1d6e-2935-4371-80b9-7bcca75349aa"
          ]
        }
      ],
      "Page": 1
    },
    {
      "BlockType": "LINE",
      "Confidence": 99.92063903808594,
      "Text": "Total",
      "Geometry": {
        "BoundingBox": {
          "Width": 0.05768440291285515,
          "Height": 0.07821344584226608,
          "Left": 0.913105845451355,
          "Top": 0.32708749175071716
        },
        "Polygon": [
          {
            "X": 0.913105845451355,
            "Y": 0.3274933695793152
          },
          {
            "X": 0.9707865118980408,
            "Y": 0.32708749175071716
          },
          {
            "X": 0.9707902669906616,
            "Y": 0.4049178659915924
          },
          {
            "X": 0.9131080508232117,
            "Y": 0.40530094504356384
          }
        ]
      },
      "Id": "ffcc6547-9816-41be-849b-2077a05f4889",
      "Relationships": [
        {
          "Type": "CHILD",
          "Ids": [
            "7fd9e6d1-9fe8-4888-9a62-04eca7302c26"
          ]
        }
      ],
      "Page": 1
    },
    {
      "BlockType": "LINE",
      "Confidence": 99.94271850585938,
      "Text": "Bounding walls",
      "Geometry": {
        "BoundingBox": {
          "Width": 0.1747167706489563,
          "Height": 0.10526712238788605,
          "Left": 0.019831836223602295,
          "Top": 0.4969335198402405
        },
        "Polygon": [
          {
            "X": 0.01986168883740902,
            "Y": 0.4980161190032959
          },
          {
            "X": 0.1945486068725586,
            "Y": 0.4969335198402405
          },
          {
            "X": 0.19452513754367828,
            "Y": 0.6012110114097595
          },
          {
            "X": 0.019831836223602295,
            "Y": 0.6022006273269653
          }
        ]
      },
      "Id": "01e3db79-2030-435c-946e-0ab02561ffb7",
      "Relationships": [
        {
          "Type": "CHILD",
          "Ids": [
            "f403d993-4870-4cd9-839a-a727d04bddba",
            "f83bf39a-ffff-4829-98c2-e8a5a1b624f9"
          ]
        }
      ],
      "Page": 1
    },
    {
      "BlockType": "LINE",
      "Confidence": 99.94451904296875,
      "Text": "64 (44.05)",
      "Geometry": {
        "BoundingBox": {
          "Width": 0.11451000720262527,
          "Height": 0.0892418920993805,
          "Left": 0.364707887172699,
          "Top": 0.48478129506111145
        },
        "Polygon": [
          {
            "X": 0.36472249031066895,
            "Y": 0.4854969382286072
          },
          {
            "X": 0.47921788692474365,
            "Y": 0.48478129506111145
          },
          {
            "X": 0.4792068600654602,
            "Y": 0.5733592510223389
          },
          {
            "X": 0.364707887172699,
            "Y": 0.5740231871604919
          }
        ]
      },
      "Id": "ea066670-1fe6-4c47-a14a-2652771bc285",
      "Relationships": [
        {
          "Type": "CHILD",
          "Ids": [
            "3a222f86-c002-4b1e-90ee-8cbf25a276e2",
            "a5a16516-5acc-4856-88ed-a4388a96f630"
          ]
        }
      ],
      "Page": 1
    },
    {
      "BlockType": "LINE",
      "Confidence": 99.96410369873047,
      "Text": "132 (151.95)",
      "Geometry": {
        "BoundingBox": {
          "Width": 0.14032137393951416,
          "Height": 0.09135500341653824,
          "Left": 0.6231671571731567,
          "Top": 0.4735521972179413
        },
        "Polygon": [
          {
            "X": 0.6231738328933716,
            "Y": 0.4744359850883484
          },
          {
            "X": 0.7634885311126709,
            "Y": 0.4735521972179413
          },
          {
            "X": 0.7634863257408142,
            "Y": 0.5640880465507507
          },
          {
            "X": 0.6231671571731567,
            "Y": 0.5649071931838989
          }
        ]
      },
      "Id": "141341d1-d8d6-473f-8fde-45ff2e62090e",
      "Relationships": [
        {
          "Type": "CHILD",
          "Ids": [
            "b37ea570-da0e-4adb-9161-72a565ed62a3",
            "bc5aa83b-7d41-48a1-b835-dafe86444f29"
          ]
        }
      ],
      "Page": 1
    },
    {
      "BlockType": "LINE",
      "Confidence": 99.88104248046875,
      "Text": "196",
      "Geometry": {
        "BoundingBox": {
          "Width": 0.03911347687244415,
          "Height": 0.07350201159715652,
          "Left": 0.9242074489593506,
          "Top": 0.4671534597873688
        },
        "Polygon": [
          {
            "X": 0.9242074489593506,
            "Y": 0.46740081906318665
          },
          {
            "X": 0.9633175730705261,
            "Y": 0.4671534597873688
          },
          {
            "X": 0.9633209109306335,
            "Y": 0.5404226779937744
          },
          {
            "X": 0.9242097735404968,
            "Y": 0.5406554937362671
          }
        ]
      },
      "Id": "2707ff74-8276-4ab8-8d2b-4453d2601bc2",
      "Relationships": [
        {
          "Type": "CHILD",
          "Ids": [
            "b8cad07a-c693-4153-9040-86405870e221"
          ]
        }
      ],
      "Page": 1
    },
    {
      "BlockType": "LINE",
      "Confidence": 99.8094711303711,
      "Text": "Partition walls",
      "Geometry": {
        "BoundingBox": {
          "Width": 0.1643647402524948,
          "Height": 0.08079957962036133,
          "Left": 0.019503751769661903,
          "Top": 0.6121902465820312
        },
        "Polygon": [
          {
            "X": 0.0195266492664814,
            "Y": 0.6131120920181274
          },
          {
            "X": 0.18386848270893097,
            "Y": 0.6121902465820312
          },
          {
            "X": 0.18385019898414612,
            "Y": 0.6921350955963135
          },
          {
            "X": 0.019503751769661903,
            "Y": 0.6929898262023926
          }
        ]
      },
      "Id": "f873b259-6f3c-4559-8591-334089cbc43e",
      "Relationships": [
        {
          "Type": "CHILD",
          "Ids": [
            "beff5007-5ace-4ba0-90fb-b06bd23ae59b",
            "f8c6ef1b-deda-4444-ab89-9b8433c91104"
          ]
        }
      ],
      "Page": 1
    },
    {
      "BlockType": "LINE",
      "Confidence": 99.92574310302734,
      "Text": "5 (24.95)",
      "Geometry": {
        "BoundingBox": {
          "Width": 0.10059919208288193,
          "Height": 0.08990754932165146,
          "Left": 0.3798099756240845,
          "Top": 0.6012632250785828
        },
        "Polygon": [
          {
            "X": 0.3798242509365082,
            "Y": 0.6018321514129639
          },
          {
            "X": 0.480409175157547,
            "Y": 0.6012632250785828
          },
          {
            "X": 0.4803980588912964,
            "Y": 0.6906476616859436
          },
          {
            "X": 0.3798099756240845,
            "Y": 0.6911707520484924
          }
        ]
      },
      "Id": "dfcd9352-dc16-43a1-a45f-b07754cf5b40",
      "Relationships": [
        {
          "Type": "CHILD",
          "Ids": [
            "3e3c67cd-82fd-4dc7-953a-e2fb280b3132",
            "879e264c-28e3-4c8b-bc63-b4c058a37bbe"
          ]
        }
      ],
      "Page": 1
    },
    {
      "BlockType": "LINE",
      "Confidence": 99.93167877197266,
      "Text": "106 (86.05)",
      "Geometry": {
        "BoundingBox": {
          "Width": 0.1407032459974289,
          "Height": 0.08992651849985123,
          "Left": 0.6240565180778503,
          "Top": 0.5876956582069397
        },
        "Polygon": [
          {
            "X": 0.6240630745887756,
            "Y": 0.5885000228881836
          },
          {
            "X": 0.7647597789764404,
            "Y": 0.5876956582069397
          },
          {
            "X": 0.7647576332092285,
            "Y": 0.6768816113471985
          },
          {
            "X": 0.6240565180778503,
            "Y": 0.6776221394538879
          }
        ]
      },
      "Id": "da7ca96f-c6b8-4d7d-a2e3-a92164f8c330",
      "Relationships": [
        {
          "Type": "CHILD",
          "Ids": [
            "24e53e1c-0599-4f53-8bd7-a776fe67169a",
            "7605e8fc-0711-4ebc-964b-1a29087fdc4c"
          ]
        }
      ],
      "Page": 1
    },
    {
      "BlockType": "LINE",
      "Confidence": 99.75823974609375,
      "Text": "111",
      "Geometry": {
        "BoundingBox": {
          "Width": 0.03723011910915375,
          "Height": 0.07419396936893463,
          "Left": 0.9252622723579407,
          "Top": 0.5812724828720093
        },
        "Polygon": [
          {
            "X": 0.9252622723579407,
            "Y": 0.5814862847328186
          },
          {
            "X": 0.9624890089035034,
            "Y": 0.5812724828720093
          },
          {
            "X": 0.9624924063682556,
            "Y": 0.6552665829658508
          },
          {
            "X": 0.9252647161483765,
            "Y": 0.6554664373397827
          }
        ]
      },
      "Id": "5c401a7d-e866-40ef-9387-f95c1d3e6069",
      "Relationships": [
        {
          "Type": "CHILD",
          "Ids": [
            "4f92668a-045f-4213-9fda-ad3963678ccb"
          ]
        }
      ],
      "Page": 1
    },
    {
      "BlockType": "LINE",
      "Confidence": 99.83960723876953,
      "Text": "Total",
      "Geometry": {
        "BoundingBox": {
          "Width": 0.057465534657239914,
          "Height": 0.07519666105508804,
          "Left": 0.04737912490963936,
          "Top": 0.7297400236129761
        },
        "Polygon": [
          {
            "X": 0.0473998598754406,
            "Y": 0.7300279140472412
          },
          {
            "X": 0.10484465956687927,
            "Y": 0.7297400236129761
          },
          {
            "X": 0.10482543706893921,
            "Y": 0.8046708106994629
          },
          {
            "X": 0.04737912490963936,
            "Y": 0.8049367070198059
          }
        ]
      },
      "Id": "f4394952-feaf-4b04-9e62-62ed77c14c3b",
      "Relationships": [
        {
          "Type": "CHILD",
          "Ids": [
            "a89eaf5e-9947-4429-9bbf-063a3cb3f54e"
          ]
        }
      ],
      "Page": 1
    },
    {
      "BlockType": "LINE",
      "Confidence": 99.9681625366211,
      "Text": "69",
      "Geometry": {
        "BoundingBox": {
          "Width": 0.02609095349907875,
          "Height": 0.07289110869169235,
          "Left": 0.36562657356262207,
          "Top": 0.7215083837509155
        },
        "Polygon": [
          {
            "X": 0.3656385540962219,
            "Y": 0.7216399908065796
          },
          {
            "X": 0.3917175233364105,
            "Y": 0.7215083837509155
          },
          {
            "X": 0.3917061984539032,
            "Y": 0.7942776083946228
          },
          {
            "X": 0.36562657356262207,
            "Y": 0.7943994998931885
          }
        ]
      },
      "Id": "6ff2fd3a-d4da-496c-878e-4f8ea6cefc2d",
      "Relationships": [
        {
          "Type": "CHILD",
          "Ids": [
            "ea054672-1c18-4fbe-8570-f1062370c875"
          ]
        }
      ],
      "Page": 1
    },
    {
      "BlockType": "LINE",
      "Confidence": 99.97866821289062,
      "Text": "238",
      "Geometry": {
        "BoundingBox": {
          "Width": 0.039832983165979385,
          "Height": 0.07230444997549057,
          "Left": 0.623259961605072,
          "Top": 0.7086355686187744
        },
        "Polygon": [
          {
            "X": 0.6232653260231018,
            "Y": 0.7088388204574585
          },
          {
            "X": 0.6630929708480835,
            "Y": 0.7086355686187744
          },
          {
            "X": 0.6630886197090149,
            "Y": 0.7807513475418091
          },
          {
            "X": 0.623259961605072,
            "Y": 0.7809399962425232
          }
        ]
      },
      "Id": "35b9d446-058d-4522-bb33-52c6e686d7eb",
      "Relationships": [
        {
          "Type": "CHILD",
          "Ids": [
            "c10d481e-e1f2-4f52-9b81-38d74f155240"
          ]
        }
      ],
      "Page": 1
    },
    {
      "BlockType": "LINE",
      "Confidence": 99.94969940185547,
      "Text": "307",
      "Geometry": {
        "BoundingBox": {
          "Width": 0.040304385125637054,
          "Height": 0.07159397006034851,
          "Left": 0.923088788986206,
          "Top": 0.6950531601905823
        },
        "Polygon": [
          {
            "X": 0.923088788986206,
            "Y": 0.6952612996101379
          },
          {
            "X": 0.9633898735046387,
            "Y": 0.6950531601905823
          },
          {
            "X": 0.9633931517601013,
            "Y": 0.7664535641670227
          },
          {
            "X": 0.9230910539627075,
            "Y": 0.7666471004486084
          }
        ]
      },
      "Id": "6702e336-edcf-4e29-b48e-642bafb4dac2",
      "Relationships": [
        {
          "Type": "CHILD",
          "Ids": [
            "ff8e8467-7856-4fe2-94ab-afd3d702e122"
          ]
        }
      ],
      "Page": 1
    },
    {
      "BlockType": "LINE",
      "Confidence": 94.2679214477539,
      "Text": "Note: x2 = 32.22;df=1;p = 0.000; = 0.32; Yule's Q = 0.82",
      "Geometry": {
        "BoundingBox": {
          "Width": 0.5632194876670837,
          "Height": 0.10186963528394699,
          "Left": 0.018575944006443024,
          "Top": 0.8481375575065613
        },
        "Polygon": [
          {
            "X": 0.018604464828968048,
            "Y": 0.850612998008728
          },
          {
            "X": 0.5817954540252686,
            "Y": 0.8481375575065613
          },
          {
            "X": 0.5817866325378418,
            "Y": 0.947817862033844
          },
          {
            "X": 0.018575944006443024,
            "Y": 0.9500072002410889
          }
        ]
      },
      "Id": "86f6ab11-c8ca-440f-91df-a4893c72e2f3",
      "Relationships": [
        {
          "Type": "CHILD",
          "Ids": [
            "03c9d3a3-0e21-4bb7-babb-9c476358e176",
            "640489eb-afdb-45e7-ba38-e538ba475281",
            "89e7d146-8f57-400a-b4c8-2a374d207709",
            "9fae32fb-a8cb-419a-89bd-377d05a11dc1",
            "ca1fcfe8-e33c-4bf3-8127-5767bd6fe650",
            "124f6122-a20f-4345-a25f-63e9c3a06956",
            "ada60e51-f0c3-4d64-b4d1-7c4014011e99",
            "4d69f94b-3e2a-48b7-b67e-ec6ec9912b4b",
            "8dababba-8e5f-4e4b-8379-3aabeda56e5b",
            "8be5f336-9f75-4e0d-97ad-ec0cc5631367",
            "59e631d6-d7c5-46ee-8a1c-a9056e53dc98",
            "9f63d19e-f754-430e-866b-70f31f136545"
          ]
        }
      ],
      "Page": 1
    },
    {
      "BlockType": "WORD",
      "Confidence": 99.64930725097656,
      "Text": "TABLE",
      "TextType": "PRINTED",
      "Geometry": {
        "BoundingBox": {
          "Width": 0.07905912399291992,
          "Height": 0.07977890968322754,
          "Left": 0.4238743484020233,
          "Top": 0.06384198367595673
        },
        "Polygon": [
          {
            "X": 0.4238857626914978,
            "Y": 0.0645056664943695
          },
          {
            "X": 0.5029334425926208,
            "Y": 0.06384198367595673
          },
          {
            "X": 0.5029242634773254,
            "Y": 0.14298909902572632
          },
          {
            "X": 0.4238743484020233,
            "Y": 0.14362089335918427
          }
        ]
      },
      "Id": "fac7d2b1-1e05-486a-8dbc-c42da67df3bb",
      "Page": 1
    },
    {
      "BlockType": "WORD",
      "Confidence": 98.01396942138672,
      "Text": "3.14.",
      "TextType": "PRINTED",
      "Geometry": {
        "BoundingBox": {
          "Width": 0.053032197058200836,
          "Height": 0.07860312610864639,
          "Left": 0.5094823837280273,
          "Top": 0.07849890738725662
        },
        "Polygon": [
          {
            "X": 0.5094912648200989,
            "Y": 0.07893998920917511
          },
          {
            "X": 0.5625145435333252,
            "Y": 0.07849890738725662
          },
          {
            "X": 0.5625070929527283,
            "Y": 0.1566820740699768
          },
          {
            "X": 0.5094823837280273,
            "Y": 0.15710203349590302
          }
        ]
      },
      "Id": "ba0cc9eb-f939-4a5d-ae16-a53b4a2874ff",
      "Page": 1
    },
    {
      "BlockType": "WORD",
      "Confidence": 99.87748718261719,
      "Text": "Distribution",
      "TextType": "PRINTED",
      "Geometry": {
        "BoundingBox": {
          "Width": 0.15422959625720978,
          "Height": 0.08416799455881119,
          "Left": 0.019719770178198814,
          "Top": 0.21622270345687866
        },
        "Polygon": [
          {
            "X": 0.019743556156754494,
            "Y": 0.21739956736564636
          },
          {
            "X": 0.17394937574863434,
            "Y": 0.21622270345687866
          },
          {
            "X": 0.1739300787448883,
            "Y": 0.29927921295166016
          },
          {
            "X": 0.019719770178198814,
            "Y": 0.30039069056510925
          }
        ]
      },
      "Id": "7a6d0c2a-1499-428d-bb05-e1cb19eb4cc5",
      "Page": 1
    },
    {
      "BlockType": "WORD",
      "Confidence": 99.99330139160156,
      "Text": "of",
      "TextType": "PRINTED",
      "Geometry": {
        "BoundingBox": {
          "Width": 0.029034797102212906,
          "Height": 0.086279958486557,
          "Left": 0.18133623898029327,
          "Top": 0.2101036161184311
        },
        "Polygon": [
          {
            "X": 0.18135599792003632,
            "Y": 0.2103259116411209
          },
          {
            "X": 0.21037103235721588,
            "Y": 0.2101036161184311
          },
          {
            "X": 0.21035213768482208,
            "Y": 0.296174019575119
          },
          {
            "X": 0.18133623898029327,
            "Y": 0.2963835597038269
          }
        ]
      },
      "Id": "29d10b09-90f2-4708-8996-5e5bef3ef7b0",
      "Page": 1
    },
    {
      "BlockType": "WORD",
      "Confidence": 99.89556121826172,
      "Text": "Doors",
      "TextType": "PRINTED",
      "Geometry": {
        "BoundingBox": {
          "Width": 0.0778210312128067,
          "Height": 0.08193286508321762,
          "Left": 0.21535898745059967,
          "Top": 0.2126825600862503
        },
        "Polygon": [
          {
            "X": 0.21537669003009796,
            "Y": 0.21327738463878632
          },
          {
            "X": 0.29318001866340637,
            "Y": 0.2126825600862503
          },
          {
            "X": 0.29316455125808716,
            "Y": 0.2940528988838196
          },
          {
            "X": 0.21535898745059967,
            "Y": 0.29461541771888733
          }
        ]
      },
      "Id": "458c62d3-6c5c-4c84-8d0c-c0ce23021652",
      "Page": 1
    },
    {
      "BlockType": "WORD",
      "Confidence": 99.99082946777344,
      "Text": "by",
      "TextType": "PRINTED",
      "Geometry": {
        "BoundingBox": {
          "Width": 0.031074250116944313,
          "Height": 0.1091957613825798,
          "Left": 0.30032020807266235,
          "Top": 0.2064548283815384
        },
        "Polygon": [
          {
            "X": 0.3003406524658203,
            "Y": 0.20669317245483398
          },
          {
            "X": 0.3313944637775421,
            "Y": 0.2064548283815384
          },
          {
            "X": 0.3313751816749573,
            "Y": 0.3154294788837433
          },
          {
            "X": 0.30032020807266235,
            "Y": 0.3156505823135376
          }
        ]
      },
      "Id": "2225c044-5837-4bd0-a51c-5cb2c8c1d7b5",
      "Page": 1
    },
    {
      "BlockType": "WORD",
      "Confidence": 99.9261703491211,
      "Text": "Wall",
      "TextType": "PRINTED",
      "Geometry": {
        "BoundingBox": {
          "Width": 0.05627185106277466,
          "Height": 0.08515185117721558,
          "Left": 0.33728939294815063,
          "Top": 0.20226335525512695
        },
        "Polygon": [
          {
            "X": 0.3373042047023773,
            "Y": 0.20269621908664703
          },
          {
            "X": 0.3935612440109253,
            "Y": 0.20226335525512695
          },
          {
            "X": 0.3935481309890747,
            "Y": 0.2870066463947296
          },
          {
            "X": 0.33728939294815063,
            "Y": 0.28741520643234253
          }
        ]
      },
      "Id": "7ebb6d84-c727-4da1-8fa0-8e7c1278d91f",
      "Page": 1
    },
    {
      "BlockType": "WORD",
      "Confidence": 99.93040466308594,
      "Text": "Type",
      "TextType": "PRINTED",
      "Geometry": {
        "BoundingBox": {
          "Width": 0.06088344752788544,
          "Height": 0.10681097209453583,
          "Left": 0.4011007249355316,
          "Top": 0.20446844398975372
        },
        "Polygon": [
          {
            "X": 0.40111690759658813,
            "Y": 0.2049359232187271
          },
          {
            "X": 0.46198415756225586,
            "Y": 0.20446844398975372
          },
          {
            "X": 0.4619702696800232,
            "Y": 0.31084492802619934
          },
          {
            "X": 0.4011007249355316,
            "Y": 0.31127941608428955
          }
        ]
      },
      "Id": "918ee2d6-2de4-4459-8f17-febfc1cc72fb",
      "Page": 1
    },
    {
      "BlockType": "WORD",
      "Confidence": 99.8916244506836,
      "Text": "(Expected",
      "TextType": "PRINTED",
      "Geometry": {
        "BoundingBox": {
          "Width": 0.12399794906377792,
          "Height": 0.11446485668420792,
          "Left": 0.4702278673648834,
          "Top": 0.19138884544372559
        },
        "Polygon": [
          {
            "X": 0.47024238109588623,
            "Y": 0.19234871864318848
          },
          {
            "X": 0.5942258238792419,
            "Y": 0.19138884544372559
          },
          {
            "X": 0.5942162275314331,
            "Y": 0.3049655556678772
          },
          {
            "X": 0.4702278673648834,
            "Y": 0.3058536946773529
          }
        ]
      },
      "Id": "1fb9e4f6-b1c1-4671-9fc9-b07e88f32407",
      "Page": 1
    },
    {
      "BlockType": "WORD",
      "Confidence": 99.93852996826172,
      "Text": "Values",
      "TextType": "PRINTED",
      "Geometry": {
        "BoundingBox": {
          "Width": 0.0813005194067955,
          "Height": 0.08507229387760162,
          "Left": 0.5991948843002319,
          "Top": 0.18986661732196808
        },
        "Polygon": [
          {
            "X": 0.5992018580436707,
            "Y": 0.19049634039402008
          },
          {
            "X": 0.6804954409599304,
            "Y": 0.18986661732196808
          },
          {
            "X": 0.6804909110069275,
            "Y": 0.27434414625167847
          },
          {
            "X": 0.5991948843002319,
            "Y": 0.2749389111995697
          }
        ]
      },
      "Id": "53367444-9ea1-406c-a544-8e98a5a33256",
      "Page": 1
    },
    {
      "BlockType": "WORD",
      "Confidence": 99.9803695678711,
      "Text": "Shown",
      "TextType": "PRINTED",
      "Geometry": {
        "BoundingBox": {
          "Width": 0.08577044308185577,
          "Height": 0.0858263298869133,
          "Left": 0.687260091304779,
          "Top": 0.186058908700943
        },
        "Polygon": [
          {
            "X": 0.6872644424438477,
            "Y": 0.18672461807727814
          },
          {
            "X": 0.7730305194854736,
            "Y": 0.186058908700943
          },
          {
            "X": 0.7730287313461304,
            "Y": 0.271256685256958
          },
          {
            "X": 0.687260091304779,
            "Y": 0.2718852162361145
          }
        ]
      },
      "Id": "aad61ac8-cfa1-4bb7-94cd-f23f904ce1ca",
      "Page": 1
    },
    {
      "BlockType": "WORD",
      "Confidence": 99.97138214111328,
      "Text": "in",
      "TextType": "PRINTED",
      "Geometry": {
        "BoundingBox": {
          "Width": 0.025484219193458557,
          "Height": 0.0835949033498764,
          "Left": 0.7804049253463745,
          "Top": 0.1838836520910263
        },
        "Polygon": [
          {
            "X": 0.7804064750671387,
            "Y": 0.18408170342445374
          },
          {
            "X": 0.8058891892433167,
            "Y": 0.1838836520910263
          },
          {
            "X": 0.8058883547782898,
            "Y": 0.2672913074493408
          },
          {
            "X": 0.7804049253463745,
            "Y": 0.2674785554409027
          }
        ]
      },
      "Id": "bdf6eb8e-6920-4941-ae8c-c72b5142fbd3",
      "Page": 1
    },
    {
      "BlockType": "WORD",
      "Confidence": 95.07272338867188,
      "Text": "Parentheses)",
      "TextType": "PRINTED",
      "Geometry": {
        "BoundingBox": {
          "Width": 0.15475422143936157,
          "Height": 0.09819620847702026,
          "Left": 0.8134533166885376,
          "Top": 0.17687629163265228
        },
        "Polygon": [
          {
            "X": 0.8134539723396301,
            "Y": 0.17808350920677185
          },
          {
            "X": 0.9682028889656067,
            "Y": 0.17687629163265228
          },
          {
            "X": 0.9682075381278992,
            "Y": 0.27394166588783264
          },
          {
            "X": 0.8134533166885376,
            "Y": 0.27507251501083374
          }
        ]
      },
      "Id": "e175f74d-9ebf-42f7-841d-24c5624d18e6",
      "Page": 1
    },
    {
      "BlockType": "WORD",
      "Confidence": 99.92765045166016,
      "Text": "No",
      "TextType": "PRINTED",
      "Geometry": {
        "BoundingBox": {
          "Width": 0.03535207733511925,
          "Height": 0.07375816255807877,
          "Left": 0.37040993571281433,
          "Top": 0.3555767834186554
        },
        "Polygon": [
          {
            "X": 0.3704219162464142,
            "Y": 0.35582104325294495
          },
          {
            "X": 0.4057620167732239,
            "Y": 0.3555767834186554
          },
          {
            "X": 0.40575096011161804,
            "Y": 0.42910394072532654
          },
          {
            "X": 0.37040993571281433,
            "Y": 0.42933496832847595
          }
        ]
      },
      "Id": "f41e8b74-6725-46f1-ba1b-2f47f1e28680",
      "Page": 1
    },
    {
      "BlockType": "WORD",
      "Confidence": 99.89155578613281,
      "Text": "Door",
      "TextType": "PRINTED",
      "Geometry": {
        "BoundingBox": {
          "Width": 0.0603301115334034,
          "Height": 0.07458526641130447,
          "Left": 0.41296347975730896,
          "Top": 0.3542236387729645
        },
        "Polygon": [
          {
            "X": 0.41297447681427,
            "Y": 0.3546408414840698
          },
          {
            "X": 0.47329360246658325,
            "Y": 0.3542236387729645
          },
          {
            "X": 0.47328421473503113,
            "Y": 0.428414523601532
          },
          {
            "X": 0.41296347975730896,
            "Y": 0.42880892753601074
          }
        ]
      },
      "Id": "2457e2c1-8449-4966-a74e-5b5b8dcdee4f",
      "Page": 1
    },
    {
      "BlockType": "WORD",
      "Confidence": 99.92874145507812,
      "Text": "Door",
      "TextType": "PRINTED",
      "Geometry": {
        "BoundingBox": {
          "Width": 0.06074116751551628,
          "Height": 0.07364604622125626,
          "Left": 0.6624935865402222,
          "Top": 0.34220603108406067
        },
        "Polygon": [
          {
            "X": 0.6624979972839355,
            "Y": 0.3426293134689331
          },
          {
            "X": 0.7232347726821899,
            "Y": 0.34220603108406067
          },
          {
            "X": 0.7232319116592407,
            "Y": 0.4154514670372009
          },
          {
            "X": 0.6624935865402222,
            "Y": 0.4158520996570587
          }
        ]
      },
      "Id": "583b1d6e-2935-4371-80b9-7bcca75349aa",
      "Page": 1
    },
    {
      "BlockType": "WORD",
      "Confidence": 99.92063903808594,
      "Text": "Total",
      "TextType": "PRINTED",
      "Geometry": {
        "BoundingBox": {
          "Width": 0.05768440291285515,
          "Height": 0.07821344584226608,
          "Left": 0.913105845451355,
          "Top": 0.32708749175071716
        },
        "Polygon": [
          {
            "X": 0.913105845451355,
            "Y": 0.3274933695793152
          },
          {
            "X": 0.9707865118980408,
            "Y": 0.32708749175071716
          },
          {
            "X": 0.9707902669906616,
            "Y": 0.4049178659915924
          },
          {
            "X": 0.9131080508232117,
            "Y": 0.40530094504356384
          }
        ]
      },
      "Id": "7fd9e6d1-9fe8-4888-9a62-04eca7302c26",
      "Page": 1
    },
    {
      "BlockType": "WORD",
      "Confidence": 99.97948455810547,
      "Text": "Bounding",
      "TextType": "PRINTED",
      "Geometry": {
        "BoundingBox": {
          "Width": 0.11148404330015182,
          "Height": 0.10364427417516708,
          "Left": 0.019831836223602295,
          "Top": 0.49855637550354004
        },
        "Polygon": [
          {
            "X": 0.019861336797475815,
            "Y": 0.49924638867378235
          },
          {
            "X": 0.13131588697433472,
            "Y": 0.49855637550354004
          },
          {
            "X": 0.13129040598869324,
            "Y": 0.6015692353248596
          },
          {
            "X": 0.019831836223602295,
            "Y": 0.6022006273269653
          }
        ]
      },
      "Id": "f403d993-4870-4cd9-839a-a727d04bddba",
      "Page": 1
    },
    {
      "BlockType": "WORD",
      "Confidence": 99.90596008300781,
      "Text": "walls",
      "TextType": "PRINTED",
      "Geometry": {
        "BoundingBox": {
          "Width": 0.05670413374900818,
          "Height": 0.07924912869930267,
          "Left": 0.13784447312355042,
          "Top": 0.4969335198402405
        },
        "Polygon": [
          {
            "X": 0.13786379992961884,
            "Y": 0.49728482961654663
          },
          {
            "X": 0.1945486068725586,
            "Y": 0.4969335198402405
          },
          {
            "X": 0.19453084468841553,
            "Y": 0.5758541822433472
          },
          {
            "X": 0.13784447312355042,
            "Y": 0.5761826634407043
          }
        ]
      },
      "Id": "f83bf39a-ffff-4829-98c2-e8a5a1b624f9",
      "Page": 1
    },
    {
      "BlockType": "WORD",
      "Confidence": 99.95890045166016,
      "Text": "64",
      "TextType": "PRINTED",
      "Geometry": {
        "BoundingBox": {
          "Width": 0.027494074776768684,
          "Height": 0.07303701341152191,
          "Left": 0.3647089898586273,
          "Top": 0.49428290128707886
        },
        "Polygon": [
          {
            "X": 0.36472102999687195,
            "Y": 0.49445340037345886
          },
          {
            "X": 0.39220306277275085,
            "Y": 0.49428290128707886
          },
          {
            "X": 0.39219173789024353,
            "Y": 0.5671595931053162
          },
          {
            "X": 0.3647089898586273,
            "Y": 0.5673198699951172
          }
        ]
      },
      "Id": "3a222f86-c002-4b1e-90ee-8cbf25a276e2",
      "Page": 1
    },
    {
      "BlockType": "WORD",
      "Confidence": 99.93013000488281,
      "Text": "(44.05)",
      "TextType": "PRINTED",
      "Geometry": {
        "BoundingBox": {
          "Width": 0.07886902242898941,
          "Height": 0.08903521299362183,
          "Left": 0.40034887194633484,
          "Top": 0.48478129506111145
        },
        "Polygon": [
          {
            "X": 0.40036237239837646,
            "Y": 0.48527416586875916
          },
          {
            "X": 0.47921788692474365,
            "Y": 0.48478129506111145
          },
          {
            "X": 0.4792068600654602,
            "Y": 0.5733592510223389
          },
          {
            "X": 0.40034887194633484,
            "Y": 0.5738165378570557
          }
        ]
      },
      "Id": "a5a16516-5acc-4856-88ed-a4388a96f630",
      "Page": 1
    },
    {
      "BlockType": "WORD",
      "Confidence": 99.9827880859375,
      "Text": "132",
      "TextType": "PRINTED",
      "Geometry": {
        "BoundingBox": {
          "Width": 0.03890479356050491,
          "Height": 0.07402219623327255,
          "Left": 0.6231679916381836,
          "Top": 0.47990682721138
        },
        "Polygon": [
          {
            "X": 0.6231734156608582,
            "Y": 0.4801506996154785
          },
          {
            "X": 0.6620727777481079,
            "Y": 0.47990682721138
          },
          {
            "X": 0.6620683073997498,
            "Y": 0.553699791431427
          },
          {
            "X": 0.6231679916381836,
            "Y": 0.5539290308952332
          }
        ]
      },
      "Id": "b37ea570-da0e-4adb-9161-72a565ed62a3",
      "Page": 1
    },
    {
      "BlockType": "WORD",
      "Confidence": 99.94541931152344,
      "Text": "(151.95)",
      "TextType": "PRINTED",
      "Geometry": {
        "BoundingBox": {
          "Width": 0.09232480823993683,
          "Height": 0.09107482433319092,
          "Left": 0.6711637377738953,
          "Top": 0.4735521972179413
        },
        "Polygon": [
          {
            "X": 0.6711689233779907,
            "Y": 0.4741336703300476
          },
          {
            "X": 0.7634885311126709,
            "Y": 0.4735521972179413
          },
          {
            "X": 0.7634863257408142,
            "Y": 0.5640880465507507
          },
          {
            "X": 0.6711637377738953,
            "Y": 0.5646269917488098
          }
        ]
      },
      "Id": "bc5aa83b-7d41-48a1-b835-dafe86444f29",
      "Page": 1
    },
    {
      "BlockType": "WORD",
      "Confidence": 99.88104248046875,
      "Text": "196",
      "TextType": "PRINTED",
      "Geometry": {
        "BoundingBox": {
          "Width": 0.03911347687244415,
          "Height": 0.07350201159715652,
          "Left": 0.9242074489593506,
          "Top": 0.4671534597873688
        },
        "Polygon": [
          {
            "X": 0.9242074489593506,
            "Y": 0.46740081906318665
          },
          {
            "X": 0.9633175730705261,
            "Y": 0.4671534597873688
          },
          {
            "X": 0.9633209109306335,
            "Y": 0.5404226779937744
          },
          {
            "X": 0.9242097735404968,
            "Y": 0.5406554937362671
          }
        ]
      },
      "Id": "b8cad07a-c693-4153-9040-86405870e221",
      "Page": 1
    },
    {
      "BlockType": "WORD",
      "Confidence": 99.69988250732422,
      "Text": "Partition",
      "TextType": "PRINTED",
      "Geometry": {
        "BoundingBox": {
          "Width": 0.09907266497612,
          "Height": 0.07398729026317596,
          "Left": 0.019503751769661903,
          "Top": 0.6190025210380554
        },
        "Polygon": [
          {
            "X": 0.019524801522493362,
            "Y": 0.619554877281189
          },
          {
            "X": 0.11857641488313675,
            "Y": 0.6190025210380554
          },
          {
            "X": 0.11855792254209518,
            "Y": 0.6924746632575989
          },
          {
            "X": 0.019503751769661903,
            "Y": 0.6929898262023926
          }
        ]
      },
      "Id": "beff5007-5ace-4ba0-90fb-b06bd23ae59b",
      "Page": 1
    },
    {
      "BlockType": "WORD",
      "Confidence": 99.9190673828125,
      "Text": "walls",
      "TextType": "PRINTED",
      "Geometry": {
        "BoundingBox": {
          "Width": 0.05742230638861656,
          "Height": 0.07823997735977173,
          "Left": 0.1264461725950241,
          "Top": 0.6121902465820312
        },
        "Polygon": [
          {
            "X": 0.1264655739068985,
            "Y": 0.6125122308731079
          },
          {
            "X": 0.18386848270893097,
            "Y": 0.6121902465820312
          },
          {
            "X": 0.18385066092014313,
            "Y": 0.6901310682296753
          },
          {
            "X": 0.1264461725950241,
            "Y": 0.690430223941803
          }
        ]
      },
      "Id": "f8c6ef1b-deda-4444-ab89-9b8433c91104",
      "Page": 1
    },
    {
      "BlockType": "WORD",
      "Confidence": 99.95532989501953,
      "Text": "5",
      "TextType": "PRINTED",
      "Geometry": {
        "BoundingBox": {
          "Width": 0.01204239297658205,
          "Height": 0.06988214701414108,
          "Left": 0.3798118531703949,
          "Top": 0.6095094680786133
        },
        "Polygon": [
          {
            "X": 0.3798229992389679,
            "Y": 0.6095770597457886
          },
          {
            "X": 0.39185425639152527,
            "Y": 0.6095094680786133
          },
          {
            "X": 0.39184340834617615,
            "Y": 0.6793283224105835
          },
          {
            "X": 0.3798118531703949,
            "Y": 0.679391622543335
          }
        ]
      },
      "Id": "3e3c67cd-82fd-4dc7-953a-e2fb280b3132",
      "Page": 1
    },
    {
      "BlockType": "WORD",
      "Confidence": 99.89616394042969,
      "Text": "(24.95)",
      "TextType": "PRINTED",
      "Geometry": {
        "BoundingBox": {
          "Width": 0.0789218619465828,
          "Height": 0.0897948145866394,
          "Left": 0.4014873206615448,
          "Top": 0.6012632250785828
        },
        "Polygon": [
          {
            "X": 0.4015008807182312,
            "Y": 0.6017095446586609
          },
          {
            "X": 0.480409175157547,
            "Y": 0.6012632250785828
          },
          {
            "X": 0.4803980588912964,
            "Y": 0.6906476616859436
          },
          {
            "X": 0.4014873206615448,
            "Y": 0.6910580396652222
          }
        ]
      },
      "Id": "879e264c-28e3-4c8b-bc63-b4c058a37bbe",
      "Page": 1
    },
    {
      "BlockType": "WORD",
      "Confidence": 99.94943237304688,
      "Text": "106",
      "TextType": "PRINTED",
      "Geometry": {
        "BoundingBox": {
          "Width": 0.0387478731572628,
          "Height": 0.07310013473033905,
          "Left": 0.6240571737289429,
          "Top": 0.5950571298599243
        },
        "Polygon": [
          {
            "X": 0.6240625381469727,
            "Y": 0.5952772498130798
          },
          {
            "X": 0.6628050804138184,
            "Y": 0.5950571298599243
          },
          {
            "X": 0.662800669670105,
            "Y": 0.6679514646530151
          },
          {
            "X": 0.6240571737289429,
            "Y": 0.6681572198867798
          }
        ]
      },
      "Id": "24e53e1c-0599-4f53-8bd7-a776fe67169a",
      "Page": 1
    },
    {
      "BlockType": "WORD",
      "Confidence": 99.9139404296875,
      "Text": "(86.05)",
      "TextType": "PRINTED",
      "Geometry": {
        "BoundingBox": {
          "Width": 0.07905389368534088,
          "Height": 0.0896020457148552,
          "Left": 0.685705840587616,
          "Top": 0.5876956582069397
        },
        "Polygon": [
          {
            "X": 0.6857104897499084,
            "Y": 0.5881475806236267
          },
          {
            "X": 0.7647597789764404,
            "Y": 0.5876956582069397
          },
          {
            "X": 0.7647576332092285,
            "Y": 0.6768816113471985
          },
          {
            "X": 0.685705840587616,
            "Y": 0.6772977113723755
          }
        ]
      },
      "Id": "7605e8fc-0711-4ebc-964b-1a29087fdc4c",
      "Page": 1
    },
    {
      "BlockType": "WORD",
      "Confidence": 99.75823974609375,
      "Text": "111",
      "TextType": "PRINTED",
      "Geometry": {
        "BoundingBox": {
          "Width": 0.03723011910915375,
          "Height": 0.07419396936893463,
          "Left": 0.9252622723579407,
          "Top": 0.5812724828720093
        },
        "Polygon": [
          {
            "X": 0.9252622723579407,
            "Y": 0.5814862847328186
          },
          {
            "X": 0.9624890089035034,
            "Y": 0.5812724828720093
          },
          {
            "X": 0.9624924063682556,
            "Y": 0.6552665829658508
          },
          {
            "X": 0.9252647161483765,
            "Y": 0.6554664373397827
          }
        ]
      },
      "Id": "4f92668a-045f-4213-9fda-ad3963678ccb",
      "Page": 1
    },
    {
      "BlockType": "WORD",
      "Confidence": 99.83960723876953,
      "Text": "Total",
      "TextType": "PRINTED",
      "Geometry": {
        "BoundingBox": {
          "Width": 0.057465534657239914,
          "Height": 0.07519666105508804,
          "Left": 0.04737912490963936,
          "Top": 0.7297400236129761
        },
        "Polygon": [
          {
            "X": 0.0473998598754406,
            "Y": 0.7300279140472412
          },
          {
            "X": 0.10484465956687927,
            "Y": 0.7297400236129761
          },
          {
            "X": 0.10482543706893921,
            "Y": 0.8046708106994629
          },
          {
            "X": 0.04737912490963936,
            "Y": 0.8049367070198059
          }
        ]
      },
      "Id": "a89eaf5e-9947-4429-9bbf-063a3cb3f54e",
      "Page": 1
    },
    {
      "BlockType": "WORD",
      "Confidence": 99.9681625366211,
      "Text": "69",
      "TextType": "PRINTED",
      "Geometry": {
        "BoundingBox": {
          "Width": 0.02609095349907875,
          "Height": 0.07289110869169235,
          "Left": 0.36562657356262207,
          "Top": 0.7215083837509155
        },
        "Polygon": [
          {
            "X": 0.3656385540962219,
            "Y": 0.7216399908065796
          },
          {
            "X": 0.3917175233364105,
            "Y": 0.7215083837509155
          },
          {
            "X": 0.3917061984539032,
            "Y": 0.7942776083946228
          },
          {
            "X": 0.36562657356262207,
            "Y": 0.7943994998931885
          }
        ]
      },
      "Id": "ea054672-1c18-4fbe-8570-f1062370c875",
      "Page": 1
    },
    {
      "BlockType": "WORD",
      "Confidence": 99.97866821289062,
      "Text": "238",
      "TextType": "PRINTED",
      "Geometry": {
        "BoundingBox": {
          "Width": 0.039832983165979385,
          "Height": 0.07230444997549057,
          "Left": 0.623259961605072,
          "Top": 0.7086355686187744
        },
        "Polygon": [
          {
            "X": 0.6232653260231018,
            "Y": 0.7088388204574585
          },
          {
            "X": 0.6630929708480835,
            "Y": 0.7086355686187744
          },
          {
            "X": 0.6630886197090149,
            "Y": 0.7807513475418091
          },
          {
            "X": 0.623259961605072,
            "Y": 0.7809399962425232
          }
        ]
      },
      "Id": "c10d481e-e1f2-4f52-9b81-38d74f155240",
      "Page": 1
    },
    {
      "BlockType": "WORD",
      "Confidence": 99.94969940185547,
      "Text": "307",
      "TextType": "PRINTED",
      "Geometry": {
        "BoundingBox": {
          "Width": 0.040304385125637054,
          "Height": 0.07159397006034851,
          "Left": 0.923088788986206,
          "Top": 0.6950531601905823
        },
        "Polygon": [
          {
            "X": 0.923088788986206,
            "Y": 0.6952612996101379
          },
          {
            "X": 0.9633898735046387,
            "Y": 0.6950531601905823
          },
          {
            "X": 0.9633931517601013,
            "Y": 0.7664535641670227
          },
          {
            "X": 0.9230910539627075,
            "Y": 0.7666471004486084
          }
        ]
      },
      "Id": "ff8e8467-7856-4fe2-94ab-afd3d702e122",
      "Page": 1
    },
    {
      "BlockType": "WORD",
      "Confidence": 99.8506088256836,
      "Text": "Note:",
      "TextType": "PRINTED",
      "Geometry": {
        "BoundingBox": {
          "Width": 0.04887848347425461,
          "Height": 0.057232815772295,
          "Left": 0.018581895157694817,
          "Top": 0.872035026550293
        },
        "Polygon": [
          {
            "X": 0.01859825663268566,
            "Y": 0.8722444176673889
          },
          {
            "X": 0.06746038049459457,
            "Y": 0.872035026550293
          },
          {
            "X": 0.06744499504566193,
            "Y": 0.9290727376937866
          },
          {
            "X": 0.018581895157694817,
            "Y": 0.9292678236961365
          }
        ]
      },
      "Id": "03c9d3a3-0e21-4bb7-babb-9c476358e176",
      "Page": 1
    },
    {
      "BlockType": "WORD",
      "Confidence": 66.08881378173828,
      "Text": "x2",
      "TextType": "PRINTED",
      "Geometry": {
        "BoundingBox": {
          "Width": 0.020181570202112198,
          "Height": 0.0834844782948494,
          "Left": 0.073661670088768,
          "Top": 0.8663085699081421
        },
        "Polygon": [
          {
            "X": 0.07368398457765579,
            "Y": 0.8663955330848694
          },
          {
            "X": 0.0938432440161705,
            "Y": 0.8663085699081421
          },
          {
            "X": 0.09382151812314987,
            "Y": 0.949714720249176
          },
          {
            "X": 0.073661670088768,
            "Y": 0.9497931003570557
          }
        ]
      },
      "Id": "640489eb-afdb-45e7-ba38-e538ba475281",
      "Page": 1
    },
    {
      "BlockType": "WORD",
      "Confidence": 98.72858428955078,
      "Text": "=",
      "TextType": "PRINTED",
      "Geometry": {
        "BoundingBox": {
          "Width": 0.013781935907900333,
          "Height": 0.030577706173062325,
          "Left": 0.1004105731844902,
          "Top": 0.8891826868057251
        },
        "Polygon": [
          {
            "X": 0.10041844844818115,
            "Y": 0.8892405033111572
          },
          {
            "X": 0.11419250816106796,
            "Y": 0.8891826868057251
          },
          {
            "X": 0.11418478190898895,
            "Y": 0.919704794883728
          },
          {
            "X": 0.1004105731844902,
            "Y": 0.9197604060173035
          }
        ]
      },
      "Id": "89e7d146-8f57-400a-b4c8-2a374d207709",
      "Page": 1
    },
    {
      "BlockType": "WORD",
      "Confidence": 73.50383758544922,
      "Text": "32.22;df=1;p",
      "TextType": "PRINTED",
      "Geometry": {
        "BoundingBox": {
          "Width": 0.14560478925704956,
          "Height": 0.08608967810869217,
          "Left": 0.11517239362001419,
          "Top": 0.8597069382667542
        },
        "Polygon": [
          {
            "X": 0.11519400775432587,
            "Y": 0.8603392839431763
          },
          {
            "X": 0.26077717542648315,
            "Y": 0.8597069382667542
          },
          {
            "X": 0.26075994968414307,
            "Y": 0.945227861404419
          },
          {
            "X": 0.11517239362001419,
            "Y": 0.9457966089248657
          }
        ]
      },
      "Id": "9fae32fb-a8cb-419a-89bd-377d05a11dc1",
      "Page": 1
    },
    {
      "BlockType": "WORD",
      "Confidence": 96.35171508789062,
      "Text": "=",
      "TextType": "PRINTED",
      "Geometry": {
        "BoundingBox": {
          "Width": 0.014102722518146038,
          "Height": 0.03369702026247978,
          "Left": 0.2660186290740967,
          "Top": 0.8810677528381348
        },
        "Polygon": [
          {
            "X": 0.2660253643989563,
            "Y": 0.8811274766921997
          },
          {
            "X": 0.2801213562488556,
            "Y": 0.8810677528381348
          },
          {
            "X": 0.2801147997379303,
            "Y": 0.9147075414657593
          },
          {
            "X": 0.2660186290740967,
            "Y": 0.9147648215293884
          }
        ]
      },
      "Id": "ca1fcfe8-e33c-4bf3-8127-5767bd6fe650",
      "Page": 1
    },
    {
      "BlockType": "WORD",
      "Confidence": 99.59732055664062,
      "Text": "0.000;",
      "TextType": "PRINTED",
      "Geometry": {
        "BoundingBox": {
          "Width": 0.0565900020301342,
          "Height": 0.06626302003860474,
          "Left": 0.2860187292098999,
          "Top": 0.8636811375617981
        },
        "Polygon": [
          {
            "X": 0.28603145480155945,
            "Y": 0.8639256358146667
          },
          {
            "X": 0.3426087200641632,
            "Y": 0.8636811375617981
          },
          {
            "X": 0.3425973057746887,
            "Y": 0.9297187328338623
          },
          {
            "X": 0.2860187292098999,
            "Y": 0.9299441576004028
          }
        ]
      },
      "Id": "124f6122-a20f-4345-a25f-63e9c3a06956",
      "Page": 1
    },
    {
      "BlockType": "WORD",
      "Confidence": 99.39797973632812,
      "Text": "=",
      "TextType": "PRINTED",
      "Geometry": {
        "BoundingBox": {
          "Width": 0.013807961717247963,
          "Height": 0.03146374225616455,
          "Left": 0.3700033724308014,
          "Top": 0.8760038018226624
        },
        "Polygon": [
          {
            "X": 0.3700084984302521,
            "Y": 0.8760625720024109
          },
          {
            "X": 0.3838113248348236,
            "Y": 0.8760038018226624
          },
          {
            "X": 0.38380637764930725,
            "Y": 0.9074109792709351
          },
          {
            "X": 0.3700033724308014,
            "Y": 0.9074675440788269
          }
        ]
      },
      "Id": "ada60e51-f0c3-4d64-b4d1-7c4014011e99",
      "Page": 1
    },
    {
      "BlockType": "WORD",
      "Confidence": 99.3753890991211,
      "Text": "0.32;",
      "TextType": "PRINTED",
      "Geometry": {
        "BoundingBox": {
          "Width": 0.04593973606824875,
          "Height": 0.06998076289892197,
          "Left": 0.3893435299396515,
          "Top": 0.8562842607498169
        },
        "Polygon": [
          {
            "X": 0.3893544375896454,
            "Y": 0.8564843535423279
          },
          {
            "X": 0.43528327345848083,
            "Y": 0.8562842607498169
          },
          {
            "X": 0.43527349829673767,
            "Y": 0.9260812401771545
          },
          {
            "X": 0.3893435299396515,
            "Y": 0.9262650012969971
          }
        ]
      },
      "Id": "4d69f94b-3e2a-48b7-b67e-ec6ec9912b4b",
      "Page": 1
    },
    {
      "BlockType": "WORD",
      "Confidence": 99.91638946533203,
      "Text": "Yule's",
      "TextType": "PRINTED",
      "Geometry": {
        "BoundingBox": {
          "Width": 0.053431399166584015,
          "Height": 0.06728468090295792,
          "Left": 0.4395735263824463,
          "Top": 0.8485278487205505
        },
        "Polygon": [
          {
            "X": 0.43958282470703125,
            "Y": 0.8487626314163208
          },
          {
            "X": 0.4930049180984497,
            "Y": 0.8485278487205505
          },
          {
            "X": 0.49299687147140503,
            "Y": 0.9155960083007812
          },
          {
            "X": 0.4395735263824463,
            "Y": 0.9158124923706055
          }
        ]
      },
      "Id": "8dababba-8e5f-4e4b-8379-3aabeda56e5b",
      "Page": 1
    },
    {
      "BlockType": "WORD",
      "Confidence": 99.75211334228516,
      "Text": "Q",
      "TextType": "PRINTED",
      "Geometry": {
        "BoundingBox": {
          "Width": 0.018577560782432556,
          "Height": 0.07541361451148987,
          "Left": 0.4982139766216278,
          "Top": 0.8490252494812012
        },
        "Polygon": [
          {
            "X": 0.49822285771369934,
            "Y": 0.8491067886352539
          },
          {
            "X": 0.5167915225028992,
            "Y": 0.8490252494812012
          },
          {
            "X": 0.5167831182479858,
            "Y": 0.924364447593689
          },
          {
            "X": 0.4982139766216278,
            "Y": 0.9244388341903687
          }
        ]
      },
      "Id": "8be5f336-9f75-4e0d-97ad-ec0cc5631367",
      "Page": 1
    },
    {
      "BlockType": "WORD",
      "Confidence": 98.70453643798828,
      "Text": "=",
      "TextType": "PRINTED",
      "Geometry": {
        "BoundingBox": {
          "Width": 0.013488438911736012,
          "Height": 0.029346533119678497,
          "Left": 0.5224840641021729,
          "Top": 0.8697257041931152
        },
        "Polygon": [
          {
            "X": 0.5224872827529907,
            "Y": 0.8697835206985474
          },
          {
            "X": 0.535972535610199,
            "Y": 0.8697257041931152
          },
          {
            "X": 0.5359694361686707,
            "Y": 0.8990164399147034
          },
          {
            "X": 0.5224840641021729,
            "Y": 0.8990722298622131
          }
        ]
      },
      "Id": "59e631d6-d7c5-46ee-8a1c-a9056e53dc98",
      "Page": 1
    },
    {
      "BlockType": "WORD",
      "Confidence": 99.94775390625,
      "Text": "0.82",
      "TextType": "PRINTED",
      "Geometry": {
        "BoundingBox": {
          "Width": 0.04022383689880371,
          "Height": 0.061198726296424866,
          "Left": 0.5415714979171753,
          "Top": 0.8496772050857544
        },
        "Polygon": [
          {
            "X": 0.5415777564048767,
            "Y": 0.8498536944389343
          },
          {
            "X": 0.581795334815979,
            "Y": 0.8496772050857544
          },
          {
            "X": 0.5817899107933044,
            "Y": 0.9107120037078857
          },
          {
            "X": 0.5415714979171753,
            "Y": 0.9108759760856628
          }
        ]
      },
      "Id": "9f63d19e-f754-430e-866b-70f31f136545",
      "Page": 1
    },
    {
      "BlockType": "TABLE",
      "Confidence": 99.755859375,
      "Geometry": {
        "BoundingBox": {
          "Width": 0.9569942355155945,
          "Height": 0.4974055886268616,
          "Left": 0.016951855272054672,
          "Top": 0.3183179497718811
        },
        "Polygon": [
          {
            "X": 0.017092926427721977,
            "Y": 0.32509365677833557
          },
          {
            "X": 0.9739215970039368,
            "Y": 0.3183179497718811
          },
          {
            "X": 0.9739460945129395,
            "Y": 0.8113465905189514
          },
          {
            "X": 0.016951855272054672,
            "Y": 0.8157235383987427
          }
        ]
      },
      "Id": "47d90141-55d5-403b-a523-0dfbd4eca32c",
      "Relationships": [
        {
          "Type": "CHILD",
          "Ids": [
            "6079bd0d-5a21-4ca8-9735-be18d69243ef",
            "3bf52a37-2294-41dc-af0f-a694910d4640",
            "a2078c11-1210-430c-bd09-9ba03b0a7716",
            "ee6500d4-2137-4eed-be81-149c8f7c93a6",
            "29fcfc12-e88a-4a63-aa4d-7c1fb6d6a24c",
            "ded445a4-1a14-4de5-b557-c3fd7582835d",
            "8fcae3f8-9bbd-4db2-a7d2-afee42bce1f9",
            "fbfb1d75-7bf6-485d-a97a-6d2829b16500",
            "b767ed32-963c-4607-8291-d654db097dda",
            "af372d1f-38ad-4235-b055-d0b350f44b2d",
            "4a6abae1-2276-49bd-9beb-34a8565e8950",
            "d4481cfb-c6c2-4444-b4bc-d9e0c50085fe",
            "570e82ec-6ca3-4536-acc6-ace22bc23f1b",
            "bf937e8b-dad5-4061-ae67-c385b8330fe1",
            "23817f40-2f13-450f-b22d-8518d10ccf4d",
            "eb4f6b31-c12b-452e-af96-f6aa262e5f26"
          ]
        },
        {
          "Type": "TABLE_TITLE",
          "Ids": [
            "e9f6b8ea-0fa7-43d7-ba58-8283e9af9145"
          ]
        },
        {
          "Type": "TABLE_FOOTER",
          "Ids": [
            "65b9e5ec-bbea-4bea-b9c9-1faaad407b96"
          ]
        }
      ],
      "EntityTypes": [
        "STRUCTURED_TABLE"
      ],
      "Page": 1
    },
    {
      "BlockType": "CELL",
      "Confidence": 90.283203125,
      "RowIndex": 1,
      "ColumnIndex": 1,
      "RowSpan": 1,
      "ColumnSpan": 1,
      "Geometry": {
        "BoundingBox": {
          "Width": 0.2634367346763611,
          "Height": 0.13718776404857635,
          "Left": 0.017054017633199692,
          "Top": 0.3232284188270569
        },
        "Polygon": [
          {
            "X": 0.017092926427721977,
            "Y": 0.32509365677833557
          },
          {
            "X": 0.2804907560348511,
            "Y": 0.3232284188270569
          },
          {
            "X": 0.28046438097953796,
            "Y": 0.45873305201530457
          },
          {
            "X": 0.017054017633199692,
            "Y": 0.46041619777679443
          }
        ]
      },
      "Id": "6079bd0d-5a21-4ca8-9735-be18d69243ef",
      "Page": 1
    },
    {
      "BlockType": "CELL",
      "Confidence": 91.455078125,
      "RowIndex": 1,
      "ColumnIndex": 2,
      "RowSpan": 1,
      "ColumnSpan": 1,
      "Geometry": {
        "BoundingBox": {
          "Width": 0.28999078273773193,
          "Height": 0.1375579982995987,
          "Left": 0.28046438097953796,
          "Top": 0.32117506861686707
        },
        "Polygon": [
          {
            "X": 0.2804907560348511,
            "Y": 0.3232284188270569
          },
          {
            "X": 0.5704551935195923,
            "Y": 0.32117506861686707
          },
          {
            "X": 0.5704426169395447,
            "Y": 0.4568801820278168
          },
          {
            "X": 0.28046438097953796,
            "Y": 0.45873305201530457
          }
        ]
      },
      "Id": "3bf52a37-2294-41dc-af0f-a694910d4640",
      "Relationships": [
        {
          "Type": "CHILD",
          "Ids": [
            "f41e8b74-6725-46f1-ba1b-2f47f1e28680",
            "2457e2c1-8449-4966-a74e-5b5b8dcdee4f"
          ]
        }
      ],
      "EntityTypes": [
        "COLUMN_HEADER"
      ],
      "Page": 1
    },
    {
      "BlockType": "CELL",
      "Confidence": 92.7734375,
      "RowIndex": 1,
      "ColumnIndex": 3,
      "RowSpan": 1,
      "ColumnSpan": 1,
      "Geometry": {
        "BoundingBox": {
          "Width": 0.27041900157928467,
          "Height": 0.1376199722290039,
          "Left": 0.5704426169395447,
          "Top": 0.31926020979881287
        },
        "Polygon": [
          {
            "X": 0.5704551935195923,
            "Y": 0.32117506861686707
          },
          {
            "X": 0.8408612012863159,
            "Y": 0.31926020979881287
          },
          {
            "X": 0.8408616185188293,
            "Y": 0.4551522731781006
          },
          {
            "X": 0.5704426169395447,
            "Y": 0.4568801820278168
          }
        ]
      },
      "Id": "a2078c11-1210-430c-bd09-9ba03b0a7716",
      "Relationships": [
        {
          "Type": "CHILD",
          "Ids": [
            "583b1d6e-2935-4371-80b9-7bcca75349aa"
          ]
        }
      ],
      "EntityTypes": [
        "COLUMN_HEADER"
      ],
      "Page": 1
    },
    {
      "BlockType": "CELL",
      "Confidence": 82.12890625,
      "RowIndex": 1,
      "ColumnIndex": 4,
      "RowSpan": 1,
      "ColumnSpan": 1,
      "Geometry": {
        "BoundingBox": {
          "Width": 0.13306713104248047,
          "Height": 0.1368343085050583,
          "Left": 0.8408612012863159,
          "Top": 0.3183179497718811
        },
        "Polygon": [
          {
            "X": 0.8408612012863159,
            "Y": 0.31926020979881287
          },
          {
            "X": 0.9739215970039368,
            "Y": 0.3183179497718811
          },
          {
            "X": 0.9739283323287964,
            "Y": 0.45430201292037964
          },
          {
            "X": 0.8408616185188293,
            "Y": 0.4551522731781006
          }
        ]
      },
      "Id": "ee6500d4-2137-4eed-be81-149c8f7c93a6",
      "Relationships": [
        {
          "Type": "CHILD",
          "Ids": [
            "7fd9e6d1-9fe8-4888-9a62-04eca7302c26"
          ]
        }
      ],
      "EntityTypes": [
        "COLUMN_HEADER"
      ],
      "Page": 1
    },
    {
      "BlockType": "CELL",
      "Confidence": 86.474609375,
      "RowIndex": 2,
      "ColumnIndex": 1,
      "RowSpan": 1,
      "ColumnSpan": 1,
      "Geometry": {
        "BoundingBox": {
          "Width": 0.2634480595588684,
          "Height": 0.13276594877243042,
          "Left": 0.017016327008605003,
          "Top": 0.45873305201530457
        },
        "Polygon": [
          {
            "X": 0.017054017633199692,
            "Y": 0.46041619777679443
          },
          {
            "X": 0.28046438097953796,
            "Y": 0.45873305201530457
          },
          {
            "X": 0.2804388105869293,
            "Y": 0.5899922847747803
          },
          {
            "X": 0.017016327008605003,
            "Y": 0.5914990305900574
          }
        ]
      },
      "Id": "29fcfc12-e88a-4a63-aa4d-7c1fb6d6a24c",
      "Relationships": [
        {
          "Type": "CHILD",
          "Ids": [
            "f403d993-4870-4cd9-839a-a727d04bddba",
            "f83bf39a-ffff-4829-98c2-e8a5a1b624f9"
          ]
        }
      ],
      "Page": 1
    },
    {
      "BlockType": "CELL",
      "Confidence": 87.59765625,
      "RowIndex": 2,
      "ColumnIndex": 2,
      "RowSpan": 1,
      "ColumnSpan": 1,
      "Geometry": {
        "BoundingBox": {
          "Width": 0.29000380635261536,
          "Height": 0.1331121325492859,
          "Left": 0.2804388105869293,
          "Top": 0.4568801820278168
        },
        "Polygon": [
          {
            "X": 0.28046438097953796,
            "Y": 0.45873305201530457
          },
          {
            "X": 0.5704426169395447,
            "Y": 0.4568801820278168
          },
          {
            "X": 0.5704304575920105,
            "Y": 0.5883336067199707
          },
          {
            "X": 0.2804388105869293,
            "Y": 0.5899922847747803
          }
        ]
      },
      "Id": "ded445a4-1a14-4de5-b557-c3fd7582835d",
      "Relationships": [
        {
          "Type": "CHILD",
          "Ids": [
            "3a222f86-c002-4b1e-90ee-8cbf25a276e2",
            "a5a16516-5acc-4856-88ed-a4388a96f630"
          ]
        }
      ],
      "Page": 1
    },
    {
      "BlockType": "CELL",
      "Confidence": 88.8671875,
      "RowIndex": 2,
      "ColumnIndex": 3,
      "RowSpan": 1,
      "ColumnSpan": 1,
      "Geometry": {
        "BoundingBox": {
          "Width": 0.2704315185546875,
          "Height": 0.1331813633441925,
          "Left": 0.5704304575920105,
          "Top": 0.4551522731781006
        },
        "Polygon": [
          {
            "X": 0.5704426169395447,
            "Y": 0.4568801820278168
          },
          {
            "X": 0.8408616185188293,
            "Y": 0.4551522731781006
          },
          {
            "X": 0.840861976146698,
            "Y": 0.5867868661880493
          },
          {
            "X": 0.5704304575920105,
            "Y": 0.5883336067199707
          }
        ]
      },
      "Id": "8fcae3f8-9bbd-4db2-a7d2-afee42bce1f9",
      "Relationships": [
        {
          "Type": "CHILD",
          "Ids": [
            "b37ea570-da0e-4adb-9161-72a565ed62a3",
            "bc5aa83b-7d41-48a1-b835-dafe86444f29"
          ]
        }
      ],
      "Page": 1
    },
    {
      "BlockType": "CELL",
      "Confidence": 78.7109375,
      "RowIndex": 2,
      "ColumnIndex": 4,
      "RowSpan": 1,
      "ColumnSpan": 1,
      "Geometry": {
        "BoundingBox": {
          "Width": 0.13307330012321472,
          "Height": 0.1324848234653473,
          "Left": 0.8408616185188293,
          "Top": 0.45430201292037964
        },
        "Polygon": [
          {
            "X": 0.8408616185188293,
            "Y": 0.4551522731781006
          },
          {
            "X": 0.9739283323287964,
            "Y": 0.45430201292037964
          },
          {
            "X": 0.9739348888397217,
            "Y": 0.5860257148742676
          },
          {
            "X": 0.840861976146698,
            "Y": 0.5867868661880493
          }
        ]
      },
      "Id": "fbfb1d75-7bf6-485d-a97a-6d2829b16500",
      "Relationships": [
        {
          "Type": "CHILD",
          "Ids": [
            "b8cad07a-c693-4153-9040-86405870e221"
          ]
        }
      ],
      "Page": 1
    },
    {
      "BlockType": "CELL",
      "Confidence": 83.49609375,
      "RowIndex": 3,
      "ColumnIndex": 1,
      "RowSpan": 1,
      "ColumnSpan": 1,
      "Geometry": {
        "BoundingBox": {
          "Width": 0.26345372200012207,
          "Height": 0.11012736707925797,
          "Left": 0.0169850941747427,
          "Top": 0.5899922847747803
        },
        "Polygon": [
          {
            "X": 0.017016327008605003,
            "Y": 0.5914990305900574
          },
          {
            "X": 0.2804388105869293,
            "Y": 0.5899922847747803
          },
          {
            "X": 0.28041765093803406,
            "Y": 0.6987591981887817
          },
          {
            "X": 0.0169850941747427,
            "Y": 0.70011967420578
          }
        ]
      },
      "Id": "b767ed32-963c-4607-8291-d654db097dda",
      "Relationships": [
        {
          "Type": "CHILD",
          "Ids": [
            "beff5007-5ace-4ba0-90fb-b06bd23ae59b",
            "f8c6ef1b-deda-4444-ab89-9b8433c91104"
          ]
        }
      ],
      "Page": 1
    },
    {
      "BlockType": "CELL",
      "Confidence": 84.619140625,
      "RowIndex": 3,
      "ColumnIndex": 2,
      "RowSpan": 1,
      "ColumnSpan": 1,
      "Geometry": {
        "BoundingBox": {
          "Width": 0.29001280665397644,
          "Height": 0.11042553186416626,
          "Left": 0.28041765093803406,
          "Top": 0.5883336067199707
        },
        "Polygon": [
          {
            "X": 0.2804388105869293,
            "Y": 0.5899922847747803
          },
          {
            "X": 0.5704304575920105,
            "Y": 0.5883336067199707
          },
          {
            "X": 0.5704203844070435,
            "Y": 0.6972614526748657
          },
          {
            "X": 0.28041765093803406,
            "Y": 0.6987591981887817
          }
        ]
      },
      "Id": "af372d1f-38ad-4235-b055-d0b350f44b2d",
      "Relationships": [
        {
          "Type": "CHILD",
          "Ids": [
            "3e3c67cd-82fd-4dc7-953a-e2fb280b3132",
            "879e264c-28e3-4c8b-bc63-b4c058a37bbe"
          ]
        }
      ],
      "Page": 1
    },
    {
      "BlockType": "CELL",
      "Confidence": 85.83984375,
      "RowIndex": 3,
      "ColumnIndex": 3,
      "RowSpan": 1,
      "ColumnSpan": 1,
      "Geometry": {
        "BoundingBox": {
          "Width": 0.2704418897628784,
          "Height": 0.1104746013879776,
          "Left": 0.5704203844070435,
          "Top": 0.5867868661880493
        },
        "Polygon": [
          {
            "X": 0.5704304575920105,
            "Y": 0.5883336067199707
          },
          {
            "X": 0.840861976146698,
            "Y": 0.5867868661880493
          },
          {
            "X": 0.8408622741699219,
            "Y": 0.695864737033844
          },
          {
            "X": 0.5704203844070435,
            "Y": 0.6972614526748657
          }
        ]
      },
      "Id": "4a6abae1-2276-49bd-9beb-34a8565e8950",
      "Relationships": [
        {
          "Type": "CHILD",
          "Ids": [
            "24e53e1c-0599-4f53-8bd7-a776fe67169a",
            "7605e8fc-0711-4ebc-964b-1a29087fdc4c"
          ]
        }
      ],
      "Page": 1
    },
    {
      "BlockType": "CELL",
      "Confidence": 76.025390625,
      "RowIndex": 3,
      "ColumnIndex": 4,
      "RowSpan": 1,
      "ColumnSpan": 1,
      "Geometry": {
        "BoundingBox": {
          "Width": 0.13307835161685944,
          "Height": 0.10983903706073761,
          "Left": 0.840861976146698,
          "Top": 0.5860257148742676
        },
        "Polygon": [
          {
            "X": 0.840861976146698,
            "Y": 0.5867868661880493
          },
          {
            "X": 0.9739348888397217,
            "Y": 0.5860257148742676
          },
          {
            "X": 0.9739403128623962,
            "Y": 0.695177435874939
          },
          {
            "X": 0.8408622741699219,
            "Y": 0.695864737033844
          }
        ]
      },
      "Id": "d4481cfb-c6c2-4444-b4bc-d9e0c50085fe",
      "Relationships": [
        {
          "Type": "CHILD",
          "Ids": [
            "4f92668a-045f-4213-9fda-ad3963678ccb"
          ]
        }
      ],
      "Page": 1
    },
    {
      "BlockType": "CELL",
      "Confidence": 89.306640625,
      "RowIndex": 4,
      "ColumnIndex": 1,
      "RowSpan": 1,
      "ColumnSpan": 1,
      "Geometry": {
        "BoundingBox": {
          "Width": 0.2634657919406891,
          "Height": 0.11696438491344452,
          "Left": 0.016951855272054672,
          "Top": 0.6987591981887817
        },
        "Polygon": [
          {
            "X": 0.0169850941747427,
            "Y": 0.70011967420578
          },
          {
            "X": 0.28041765093803406,
            "Y": 0.6987591981887817
          },
          {
            "X": 0.2803950905799866,
            "Y": 0.8145186305046082
          },
          {
            "X": 0.016951855272054672,
            "Y": 0.8157235383987427
          }
        ]
      },
      "Id": "570e82ec-6ca3-4536-acc6-ace22bc23f1b",
      "Relationships": [
        {
          "Type": "CHILD",
          "Ids": [
            "a89eaf5e-9947-4429-9bbf-063a3cb3f54e"
          ]
        }
      ],
      "Page": 1
    },
    {
      "BlockType": "CELL",
      "Confidence": 90.478515625,
      "RowIndex": 4,
      "ColumnIndex": 2,
      "RowSpan": 1,
      "ColumnSpan": 1,
      "Geometry": {
        "BoundingBox": {
          "Width": 0.2900252640247345,
          "Height": 0.11725721508264542,
          "Left": 0.2803950905799866,
          "Top": 0.6972614526748657
        },
        "Polygon": [
          {
            "X": 0.28041765093803406,
            "Y": 0.6987591981887817
          },
          {
            "X": 0.5704203844070435,
            "Y": 0.6972614526748657
          },
          {
            "X": 0.5704096555709839,
            "Y": 0.8131922483444214
          },
          {
            "X": 0.2803950905799866,
            "Y": 0.8145186305046082
          }
        ]
      },
      "Id": "bf937e8b-dad5-4061-ae67-c385b8330fe1",
      "Relationships": [
        {
          "Type": "CHILD",
          "Ids": [
            "ea054672-1c18-4fbe-8570-f1062370c875"
          ]
        }
      ],
      "Page": 1
    },
    {
      "BlockType": "CELL",
      "Confidence": 91.796875,
      "RowIndex": 4,
      "ColumnIndex": 3,
      "RowSpan": 1,
      "ColumnSpan": 1,
      "Geometry": {
        "BoundingBox": {
          "Width": 0.27045294642448425,
          "Height": 0.1173274964094162,
          "Left": 0.5704096555709839,
          "Top": 0.695864737033844
        },
        "Polygon": [
          {
            "X": 0.5704203844070435,
            "Y": 0.6972614526748657
          },
          {
            "X": 0.8408622741699219,
            "Y": 0.695864737033844
          },
          {
            "X": 0.8408625721931458,
            "Y": 0.8119552731513977
          },
          {
            "X": 0.5704096555709839,
            "Y": 0.8131922483444214
          }
        ]
      },
      "Id": "23817f40-2f13-450f-b22d-8518d10ccf4d",
      "Relationships": [
        {
          "Type": "CHILD",
          "Ids": [
            "c10d481e-e1f2-4f52-9b81-38d74f155240"
          ]
        }
      ],
      "Page": 1
    },
    {
      "BlockType": "CELL",
      "Confidence": 81.25,
      "RowIndex": 4,
      "ColumnIndex": 4,
      "RowSpan": 1,
      "ColumnSpan": 1,
      "Geometry": {
        "BoundingBox": {
          "Width": 0.13308382034301758,
          "Height": 0.11677782982587814,
          "Left": 0.8408622741699219,
          "Top": 0.695177435874939
        },
        "Polygon": [
          {
            "X": 0.8408622741699219,
            "Y": 0.695864737033844
          },
          {
            "X": 0.9739403128623962,
            "Y": 0.695177435874939
          },
          {
            "X": 0.9739460945129395,
            "Y": 0.8113465905189514
          },
          {
            "X": 0.8408625721931458,
            "Y": 0.8119552731513977
          }
        ]
      },
      "Id": "eb4f6b31-c12b-452e-af96-f6aa262e5f26",
      "Relationships": [
        {
          "Type": "CHILD",
          "Ids": [
            "ff8e8467-7856-4fe2-94ab-afd3d702e122"
          ]
        }
      ],
      "Page": 1
    },
    {
      "BlockType": "TABLE_TITLE",
      "Confidence": 96.826171875,
      "Geometry": {
        "BoundingBox": {
          "Width": 0.9685196876525879,
          "Height": 0.3132918179035187,
          "Left": 0.016722628846764565,
          "Top": 0
        },
        "Polygon": [
          {
            "X": 0.016812441870570183,
            "Y": 0.0010823498014360666
          },
          {
            "X": 0.9852254986763,
            "Y": 0
          },
          {
            "X": 0.9852423071861267,
            "Y": 0.3063748776912689
          },
          {
            "X": 0.016722628846764565,
            "Y": 0.3132918179035187
          }
        ]
      },
      "Id": "e9f6b8ea-0fa7-43d7-ba58-8283e9af9145",
      "Relationships": [
        {
          "Type": "CHILD",
          "Ids": [
            "fac7d2b1-1e05-486a-8dbc-c42da67df3bb",
            "ba0cc9eb-f939-4a5d-ae16-a53b4a2874ff",
            "7a6d0c2a-1499-428d-bb05-e1cb19eb4cc5",
            "29d10b09-90f2-4708-8996-5e5bef3ef7b0",
            "458c62d3-6c5c-4c84-8d0c-c0ce23021652",
            "2225c044-5837-4bd0-a51c-5cb2c8c1d7b5",
            "7ebb6d84-c727-4da1-8fa0-8e7c1278d91f",
            "918ee2d6-2de4-4459-8f17-febfc1cc72fb",
            "1fb9e4f6-b1c1-4671-9fc9-b07e88f32407",
            "53367444-9ea1-406c-a544-8e98a5a33256",
            "aad61ac8-cfa1-4bb7-94cd-f23f904ce1ca",
            "bdf6eb8e-6920-4941-ae8c-c72b5142fbd3",
            "e175f74d-9ebf-42f7-841d-24c5624d18e6"
          ]
        }
      ],
      "Page": 1
    },
    {
      "BlockType": "TABLE_FOOTER",
      "Confidence": 98.583984375,
      "Geometry": {
        "BoundingBox": {
          "Width": 0.5649227499961853,
          "Height": 0.09959035366773605,
          "Left": 0.01840980537235737,
          "Top": 0.8453723192214966
        },
        "Polygon": [
          {
            "X": 0.018437672406435013,
            "Y": 0.8478631377220154
          },
          {
            "X": 0.5833325386047363,
            "Y": 0.8453723192214966
          },
          {
            "X": 0.5833240151405334,
            "Y": 0.9427521228790283
          },
          {
            "X": 0.01840980537235737,
            "Y": 0.9449626803398132
          }
        ]
      },
      "Id": "65b9e5ec-bbea-4bea-b9c9-1faaad407b96",
      "Relationships": [
        {
          "Type": "CHILD",
          "Ids": [
            "03c9d3a3-0e21-4bb7-babb-9c476358e176",
            "640489eb-afdb-45e7-ba38-e538ba475281",
            "89e7d146-8f57-400a-b4c8-2a374d207709",
            "9fae32fb-a8cb-419a-89bd-377d05a11dc1",
            "ca1fcfe8-e33c-4bf3-8127-5767bd6fe650",
            "124f6122-a20f-4345-a25f-63e9c3a06956",
            "ada60e51-f0c3-4d64-b4d1-7c4014011e99",
            "4d69f94b-3e2a-48b7-b67e-ec6ec9912b4b",
            "8dababba-8e5f-4e4b-8379-3aabeda56e5b",
            "8be5f336-9f75-4e0d-97ad-ec0cc5631367",
            "59e631d6-d7c5-46ee-8a1c-a9056e53dc98",
            "9f63d19e-f754-430e-866b-70f31f136545"
          ]
        }
      ],
      "Page": 1
    }
  ],
  "AnalyzeDocumentModelVersion": "1.0"
}