"'Room","'Room Block","'Description",
"'19","'2","'Rectangular slab-lined hearth",
"'62","'1","'5 Rectangular slab-lined hearths",
"'69","'1","'Rectangular slab-lined hearth",
"'70","'1","'Rectangular slab-lined hearth",
"'146","'2","'Rectangular slab-lined hearth",
"'246","'3","'Rectangular slab-lined hearth, mealing bin",
"'269","'3","'Rectangular slab-lined hearth",
"'270","'3","'Rectangular slab-lined hearth",
"'274","'3","'Rectangular slab-lined hearth",
,,

'Confidence Scores % (Table Cell)
"'92.57812500","'91.69921875","'95.94726563",
"'90.33203125","'89.50195313","'93.60351563",
"'90.72265625","'89.89257813","'93.99414063",
"'90.96679688","'90.13671875","'94.28710938",
"'89.94140625","'89.11132813","'93.21289063",
"'90.13671875","'89.30664063","'93.40820313",
"'90.47851563","'89.64843750","'93.75000000",
"'88.91601563","'88.13476563","'92.18750000",
"'87.98828125","'87.20703125","'91.21093750",
"'92.87109375","'91.99218750","'96.24023438",
