{
  "DocumentMetadata": {
    "Pages": 1
  },
  "JobStatus": "SUCCEEDED",
  "Blocks": [
    {
      "BlockType": "PAGE",
      "Geometry": {
        "BoundingBox": {
          "Width": 1,
          "Height": 0.9944381713867188,
          "Left": 0,
          "Top": 0
        },
        "Polygon": [
          {
            "X": 0.000002417629730189219,
            "Y": 0
          },
          {
            "X": 1,
            "Y": 0.00000394701282857568
          },
          {
            "X": 1,
            "Y": 0.9944381713867188
          },
          {
            "X": 0,
            "Y": 0.9918298125267029
          }
        ]
      },
      "Id": "35f8da89-43a8-4833-820f-c25b5d2b2a49",
      "Relationships": [
        {
          "Type": "CHILD",
          "Ids": [
            "6828230a-e596-4c02-b232-da49ed82c859",
            "61aebec0-236a-4bd2-94f8-08963e99c452",
            "3f422775-4143-4f44-a800-e94249943d4c",
            "9d1fadac-f879-4e37-8170-6145c276b0b4",
            "5f1a2b2e-ce1c-4234-ad56-72f3da9de141",
            "8dbe3814-28d7-49de-891b-1023eb8b4c05",
            "858fe8a3-5ccc-4d87-b33b-47fddf16b367",
            "a3999eee-c8dd-4e73-98ca-d3629fa2b66e",
            "b43c7b9a-4cc5-413d-b625-1ca81e6bee89",
            "18b031c6-2328-472b-9527-2e9b078a89b5",
            "ef1720c4-b6f5-4f72-b99a-080b4e57f869",
            "08abef55-58a9-49cd-be60-73cfe846d7b1",
            "e5b27cc7-e143-430a-a0fd-847f02d7be7a",
            "a7325360-2ed9-47c4-8f27-0b3f352d84d0",
            "30b568b3-ba87-4964-a50e-0e7ff65cf8a1",
            "5940f961-98ab-49e8-acfe-6cb1674159ed",
            "3575bb0f-9f3f-4229-aaa3-ca8d41a6f301",
            "a69cb90b-f025-4119-9e58-4a1910a1d0ec",
            "1928aefc-24c6-434b-a037-b5dddd96e1c7",
            "c1b9f5eb-80fc-448b-b3c1-a17f1dcaa613",
            "36721259-87b3-4ec4-aee1-e6993c78f325",
            "d3031ac9-7c05-4cad-836b-da249651d75c",
            "f123fbc0-49fc-49a9-bd84-2441e1e4588f",
            "fe4111db-5508-4537-9e09-309193db5521",
            "8983d922-6086-4962-b3b4-3013839803b4"
          ]
        }
      ],
      "Page": 1
    },
    {
      "BlockType": "LINE",
      "Confidence": 99.73179626464844,
      "Text": "TABLE A.18.",
      "Geometry": {
        "BoundingBox": {
          "Width": 0.1454087346792221,
          "Height": 0.0772235244512558,
          "Left": 0.4251425862312317,
          "Top": 0.025850346311926842
        },
        "Polygon": [
          {
            "X": 0.42518919706344604,
            "Y": 0.025850346311926842
          },
          {
            "X": 0.570551335811615,
            "Y": 0.026266276836395264
          },
          {
            "X": 0.5705108642578125,
            "Y": 0.10307387262582779
          },
          {
            "X": 0.4251425862312317,
            "Y": 0.10266090929508209
          }
        ]
      },
      "Id": "6828230a-e596-4c02-b232-da49ed82c859",
      "Relationships": [
        {
          "Type": "CHILD",
          "Ids": [
            "2d99a72b-43fe-4a2c-a7d8-4a61e64406e4",
            "0f8fc82e-b008-4650-8019-d04e0eae9195"
          ]
        }
      ],
      "Page": 1
    },
    {
      "BlockType": "LINE",
      "Confidence": 99.39698791503906,
      "Text": "Distribution of Storage Bins (n = 5)",
      "Geometry": {
        "BoundingBox": {
          "Width": 0.45152032375335693,
          "Height": 0.10465966165065765,
          "Left": 0.27253156900405884,
          "Top": 0.15380696952342987
        },
        "Polygon": [
          {
            "X": 0.2726030647754669,
            "Y": 0.15380696952342987
          },
          {
            "X": 0.7240518927574158,
            "Y": 0.15508325397968292
          },
          {
            "X": 0.7240062355995178,
            "Y": 0.2584666311740875
          },
          {
            "X": 0.27253156900405884,
            "Y": 0.25720274448394775
          }
        ]
      },
      "Id": "61aebec0-236a-4bd2-94f8-08963e99c452",
      "Relationships": [
        {
          "Type": "CHILD",
          "Ids": [
            "30b7e4af-02e5-4959-b5cf-390bf762f34e",
            "bb2b7634-ffb1-43ae-a6bc-d6f0c14fae65",
            "c06b65c4-8a4f-47d0-8bbe-09c2b33225d3",
            "3f5a9fab-4a85-4cef-a972-0db1db837fdb",
            "cf29b27b-e836-458c-a9b0-ba2cb27fcf17",
            "33519e84-e179-4757-b603-39a6875227cb",
            "ae4ac4be-6799-4c4a-82b1-e6ca5a003cc6"
          ]
        }
      ],
      "Page": 1
    },
    {
      "BlockType": "LINE",
      "Confidence": 99.9621810913086,
      "Text": "Room Block",
      "Geometry": {
        "BoundingBox": {
          "Width": 0.1411086469888687,
          "Height": 0.07440686225891113,
          "Left": 0.016187487170100212,
          "Top": 0.29183799028396606
        },
        "Polygon": [
          {
            "X": 0.016249189153313637,
            "Y": 0.29183799028396606
          },
          {
            "X": 0.15729613602161407,
            "Y": 0.2922315001487732
          },
          {
            "X": 0.15724022686481476,
            "Y": 0.3662448525428772
          },
          {
            "X": 0.016187487170100212,
            "Y": 0.36585408449172974
          }
        ]
      },
      "Id": "3f422775-4143-4f44-a800-e94249943d4c",
      "Relationships": [
        {
          "Type": "CHILD",
          "Ids": [
            "675b0333-7ada-4723-8653-217913d8ecdf",
            "df7acf58-89b7-4efb-93d9-d995ae21d68e"
          ]
        }
      ],
      "Page": 1
    },
    {
      "BlockType": "LINE",
      "Confidence": 99.9573974609375,
      "Text": "Room",
      "Geometry": {
        "BoundingBox": {
          "Width": 0.06959673017263412,
          "Height": 0.06967131793498993,
          "Left": 0.3300755023956299,
          "Top": 0.2978462874889374
        },
        "Polygon": [
          {
            "X": 0.33012133836746216,
            "Y": 0.2978462874889374
          },
          {
            "X": 0.3996722400188446,
            "Y": 0.2980402410030365
          },
          {
            "X": 0.3996290862560272,
            "Y": 0.3675175905227661
          },
          {
            "X": 0.3300755023956299,
            "Y": 0.36732491850852966
          }
        ]
      },
      "Id": "9d1fadac-f879-4e37-8170-6145c276b0b4",
      "Relationships": [
        {
          "Type": "CHILD",
          "Ids": [
            "41967593-df6b-413c-b3be-8ed7abfed6fc"
          ]
        }
      ],
      "Page": 1
    },
    {
      "BlockType": "LINE",
      "Confidence": 99.89622497558594,
      "Text": "Location",
      "Geometry": {
        "BoundingBox": {
          "Width": 0.10111892223358154,
          "Height": 0.0713660940527916,
          "Left": 0.5388234257698059,
          "Top": 0.2982403337955475
        },
        "Polygon": [
          {
            "X": 0.5388620495796204,
            "Y": 0.2982403337955475
          },
          {
            "X": 0.6399423480033875,
            "Y": 0.2985222339630127
          },
          {
            "X": 0.6399076581001282,
            "Y": 0.3696064352989197
          },
          {
            "X": 0.5388234257698059,
            "Y": 0.36932647228240967
          }
        ]
      },
      "Id": "5f1a2b2e-ce1c-4234-ad56-72f3da9de141",
      "Relationships": [
        {
          "Type": "CHILD",
          "Ids": [
            "1a6d5cc1-72d9-4386-96fd-6559ca41ff96"
          ]
        }
      ],
      "Page": 1
    },
    {
      "BlockType": "LINE",
      "Confidence": 99.91251373291016,
      "Text": "Associated Floor",
      "Geometry": {
        "BoundingBox": {
          "Width": 0.19126076996326447,
          "Height": 0.07367677241563797,
          "Left": 0.7903780341148376,
          "Top": 0.2999013662338257
        },
        "Polygon": [
          {
            "X": 0.7904075980186462,
            "Y": 0.2999013662338257
          },
          {
            "X": 0.9816387891769409,
            "Y": 0.3004346191883087
          },
          {
            "X": 0.9816169738769531,
            "Y": 0.37357813119888306
          },
          {
            "X": 0.7903780341148376,
            "Y": 0.3730486035346985
          }
        ]
      },
      "Id": "8dbe3814-28d7-49de-891b-1023eb8b4c05",
      "Relationships": [
        {
          "Type": "CHILD",
          "Ids": [
            "6ceafe0a-8391-4af2-be1c-d6b096d6672e",
            "0669780e-e012-44e9-b2fe-55a0bf98cd2a"
          ]
        }
      ],
      "Page": 1
    },
    {
      "BlockType": "LINE",
      "Confidence": 99.90734100341797,
      "Text": "Room Block 2",
      "Geometry": {
        "BoundingBox": {
          "Width": 0.16045764088630676,
          "Height": 0.07355816662311554,
          "Left": 0.01660848781466484,
          "Top": 0.42034465074539185
        },
        "Polygon": [
          {
            "X": 0.016669420525431633,
            "Y": 0.42034465074539185
          },
          {
            "X": 0.1770661324262619,
            "Y": 0.42078667879104614
          },
          {
            "X": 0.17701169848442078,
            "Y": 0.4939028322696686
          },
          {
            "X": 0.01660848781466484,
            "Y": 0.493463933467865
          }
        ]
      },
      "Id": "858fe8a3-5ccc-4d87-b33b-47fddf16b367",
      "Relationships": [
        {
          "Type": "CHILD",
          "Ids": [
            "59f82d50-f795-4c9f-8631-3c92d7ab6d3b",
            "1532276c-e90c-49d9-9aee-92ac35986e4e",
            "8a51da63-c755-4f22-8d0b-6c54a5d7e280"
          ]
        }
      ],
      "Page": 1
    },
    {
      "BlockType": "LINE",
      "Confidence": 99.98914337158203,
      "Text": "145",
      "Geometry": {
        "BoundingBox": {
          "Width": 0.03864439204335213,
          "Height": 0.06785769760608673,
          "Left": 0.34623488783836365,
          "Top": 0.4278796911239624
        },
        "Polygon": [
          {
            "X": 0.34627896547317505,
            "Y": 0.4278796911239624
          },
          {
            "X": 0.38487929105758667,
            "Y": 0.4279859960079193
          },
          {
            "X": 0.3848366439342499,
            "Y": 0.4957374036312103
          },
          {
            "X": 0.34623488783836365,
            "Y": 0.49563178420066833
          }
        ]
      },
      "Id": "a3999eee-c8dd-4e73-98ca-d3629fa2b66e",
      "Relationships": [
        {
          "Type": "CHILD",
          "Ids": [
            "835df609-7629-493b-9c44-a272e383376f"
          ]
        }
      ],
      "Page": 1
    },
    {
      "BlockType": "LINE",
      "Confidence": 99.8895492553711,
      "Text": "SW Quad",
      "Geometry": {
        "BoundingBox": {
          "Width": 0.11189743876457214,
          "Height": 0.08671565353870392,
          "Left": 0.5343589186668396,
          "Top": 0.4240257143974304
        },
        "Polygon": [
          {
            "X": 0.5344061255455017,
            "Y": 0.4240257143974304
          },
          {
            "X": 0.6462563276290894,
            "Y": 0.4243338704109192
          },
          {
            "X": 0.646214485168457,
            "Y": 0.5107413530349731
          },
          {
            "X": 0.5343589186668396,
            "Y": 0.5104357600212097
          }
        ]
      },
      "Id": "b43c7b9a-4cc5-413d-b625-1ca81e6bee89",
      "Relationships": [
        {
          "Type": "CHILD",
          "Ids": [
            "01377208-5cb2-4d10-a095-58b029a86507",
            "0deccfec-4e99-43da-8db7-ec4b5775d581"
          ]
        }
      ],
      "Page": 1
    },
    {
      "BlockType": "LINE",
      "Confidence": 95.14273834228516,
      "Text": "1",
      "Geometry": {
        "BoundingBox": {
          "Width": 0.008120710961520672,
          "Height": 0.06569762527942657,
          "Left": 0.8837858438491821,
          "Top": 0.43334710597991943
        },
        "Polygon": [
          {
            "X": 0.8838090300559998,
            "Y": 0.43334710597991943
          },
          {
            "X": 0.8919065594673157,
            "Y": 0.43336939811706543
          },
          {
            "X": 0.8918837308883667,
            "Y": 0.4990447461605072
          },
          {
            "X": 0.8837858438491821,
            "Y": 0.49902257323265076
          }
        ]
      },
      "Id": "18b031c6-2328-472b-9527-2e9b078a89b5",
      "Relationships": [
        {
          "Type": "CHILD",
          "Ids": [
            "f785f9ed-ef4a-41a8-a776-d7ef4cdbd9dc"
          ]
        }
      ],
      "Page": 1
    },
    {
      "BlockType": "LINE",
      "Confidence": 99.93672943115234,
      "Text": "Room Block 3",
      "Geometry": {
        "BoundingBox": {
          "Width": 0.1608760952949524,
          "Height": 0.07414307445287704,
          "Left": 0.016009893268346786,
          "Top": 0.5296942591667175
        },
        "Polygon": [
          {
            "X": 0.016071336343884468,
            "Y": 0.5296942591667175
          },
          {
            "X": 0.17688599228858948,
            "Y": 0.5301327705383301
          },
          {
            "X": 0.17683111131191254,
            "Y": 0.6038373708724976
          },
          {
            "X": 0.016009893268346786,
            "Y": 0.6034020185470581
          }
        ]
      },
      "Id": "ef1720c4-b6f5-4f72-b99a-080b4e57f869",
      "Relationships": [
        {
          "Type": "CHILD",
          "Ids": [
            "5a7269e9-47b1-4853-8578-21b76b42d192",
            "faea4ddd-4e3f-48a5-a101-3eec11a2d562",
            "10cf8e86-e5fe-4888-b24a-f4b8cc58d58c"
          ]
        }
      ],
      "Page": 1
    },
    {
      "BlockType": "LINE",
      "Confidence": 99.97966003417969,
      "Text": "216",
      "Geometry": {
        "BoundingBox": {
          "Width": 0.041132088750600815,
          "Height": 0.068645179271698,
          "Left": 0.34479475021362305,
          "Top": 0.5365744233131409
        },
        "Polygon": [
          {
            "X": 0.3448393642902374,
            "Y": 0.5365744233131409
          },
          {
            "X": 0.3859268128871918,
            "Y": 0.5366864204406738
          },
          {
            "X": 0.38588374853134155,
            "Y": 0.6052196025848389
          },
          {
            "X": 0.34479475021362305,
            "Y": 0.605108380317688
          }
        ]
      },
      "Id": "08abef55-58a9-49cd-be60-73cfe846d7b1",
      "Relationships": [
        {
          "Type": "CHILD",
          "Ids": [
            "7adb5f0e-29cd-400f-9085-75e4e3703c38"
          ]
        }
      ],
      "Page": 1
    },
    {
      "BlockType": "LINE",
      "Confidence": 99.85919952392578,
      "Text": "SE Quad",
      "Geometry": {
        "BoundingBox": {
          "Width": 0.10093367099761963,
          "Height": 0.08739607781171799,
          "Left": 0.5401852130889893,
          "Top": 0.5322871208190918
        },
        "Polygon": [
          {
            "X": 0.5402325391769409,
            "Y": 0.5322871208190918
          },
          {
            "X": 0.6411188840866089,
            "Y": 0.5325621366500854
          },
          {
            "X": 0.6410764455795288,
            "Y": 0.6196832060813904
          },
          {
            "X": 0.5401852130889893,
            "Y": 0.6194104552268982
          }
        ]
      },
      "Id": "e5b27cc7-e143-430a-a0fd-847f02d7be7a",
      "Relationships": [
        {
          "Type": "CHILD",
          "Ids": [
            "bba49178-b73e-44ee-b5fc-10d496b6ed49",
            "6ae37e22-b779-4767-89b9-5a7efa16aa38"
          ]
        }
      ],
      "Page": 1
    },
    {
      "BlockType": "LINE",
      "Confidence": 98.52766418457031,
      "Text": "1",
      "Geometry": {
        "BoundingBox": {
          "Width": 0.008130336180329323,
          "Height": 0.06554233282804489,
          "Left": 0.8840686678886414,
          "Top": 0.5420234799385071
        },
        "Polygon": [
          {
            "X": 0.8840917348861694,
            "Y": 0.5420234799385071
          },
          {
            "X": 0.8921989798545837,
            "Y": 0.5420455932617188
          },
          {
            "X": 0.8921762108802795,
            "Y": 0.6075658202171326
          },
          {
            "X": 0.8840686678886414,
            "Y": 0.6075438857078552
          }
        ]
      },
      "Id": "a7325360-2ed9-47c4-8f27-0b3f352d84d0",
      "Relationships": [
        {
          "Type": "CHILD",
          "Ids": [
            "6a66baf3-f3e7-4c34-9750-6d49e0646a90"
          ]
        }
      ],
      "Page": 1
    },
    {
      "BlockType": "LINE",
      "Confidence": 99.86978912353516,
      "Text": "270",
      "Geometry": {
        "BoundingBox": {
          "Width": 0.04075125977396965,
          "Height": 0.06751274317502975,
          "Left": 0.34449392557144165,
          "Top": 0.6445407271385193
        },
        "Polygon": [
          {
            "X": 0.3445378541946411,
            "Y": 0.6445407271385193
          },
          {
            "X": 0.3852452039718628,
            "Y": 0.6446505188941956
          },
          {
            "X": 0.3852027952671051,
            "Y": 0.7120534777641296
          },
          {
            "X": 0.34449392557144165,
            "Y": 0.7119444608688354
          }
        ]
      },
      "Id": "30b568b3-ba87-4964-a50e-0e7ff65cf8a1",
      "Relationships": [
        {
          "Type": "CHILD",
          "Ids": [
            "4bc6cc83-4eef-418d-865b-b60861a01bfe"
          ]
        }
      ],
      "Page": 1
    },
    {
      "BlockType": "LINE",
      "Confidence": 99.87789154052734,
      "Text": "SW Quad",
      "Geometry": {
        "BoundingBox": {
          "Width": 0.11258751153945923,
          "Height": 0.08796277642250061,
          "Left": 0.5342409014701843,
          "Top": 0.6398510932922363
        },
        "Polygon": [
          {
            "X": 0.5342888236045837,
            "Y": 0.6398510932922363
          },
          {
            "X": 0.6468284130096436,
            "Y": 0.6401547193527222
          },
          {
            "X": 0.6467860341072083,
            "Y": 0.7278138995170593
          },
          {
            "X": 0.5342409014701843,
            "Y": 0.7275128960609436
          }
        ]
      },
      "Id": "5940f961-98ab-49e8-acfe-6cb1674159ed",
      "Relationships": [
        {
          "Type": "CHILD",
          "Ids": [
            "ce452e18-cefc-48d2-ab9e-08dfebca8744",
            "6d232100-bf08-4ab6-883c-0b37c10a4fc5"
          ]
        }
      ],
      "Page": 1
    },
    {
      "BlockType": "LINE",
      "Confidence": 98.74472045898438,
      "Text": "1",
      "Geometry": {
        "BoundingBox": {
          "Width": 0.00836822111159563,
          "Height": 0.06602636724710464,
          "Left": 0.8838818669319153,
          "Top": 0.649141252040863
        },
        "Polygon": [
          {
            "X": 0.8839051127433777,
            "Y": 0.649141252040863
          },
          {
            "X": 0.8922500610351562,
            "Y": 0.6491637229919434
          },
          {
            "X": 0.8922271132469177,
            "Y": 0.7151675820350647
          },
          {
            "X": 0.8838818669319153,
            "Y": 0.7151452898979187
          }
        ]
      },
      "Id": "3575bb0f-9f3f-4229-aaa3-ca8d41a6f301",
      "Relationships": [
        {
          "Type": "CHILD",
          "Ids": [
            "9cccfdcb-24c3-4a0a-925f-77f5093112d9"
          ]
        }
      ],
      "Page": 1
    },
    {
      "BlockType": "LINE",
      "Confidence": 99.94475555419922,
      "Text": "Room Block 7",
      "Geometry": {
        "BoundingBox": {
          "Width": 0.16134393215179443,
          "Height": 0.07341334968805313,
          "Left": 0.015887588262557983,
          "Top": 0.7463365793228149
        },
        "Polygon": [
          {
            "X": 0.015948427841067314,
            "Y": 0.7463365793228149
          },
          {
            "X": 0.17723152041435242,
            "Y": 0.7467670440673828
          },
          {
            "X": 0.17717720568180084,
            "Y": 0.8197499513626099
          },
          {
            "X": 0.015887588262557983,
            "Y": 0.8193225860595703
          }
        ]
      },
      "Id": "a69cb90b-f025-4119-9e58-4a1910a1d0ec",
      "Relationships": [
        {
          "Type": "CHILD",
          "Ids": [
            "b3c7ee7f-3a44-4c17-b37b-305a3d53d94a",
            "c5560b61-69ea-4cc1-a4ae-451016a4fb1c",
            "eb70090e-eb61-450a-93c3-8eb719c7108a"
          ]
        }
      ],
      "Page": 1
    },
    {
      "BlockType": "LINE",
      "Confidence": 99.974853515625,
      "Text": "352",
      "Geometry": {
        "BoundingBox": {
          "Width": 0.04001957178115845,
          "Height": 0.06788661330938339,
          "Left": 0.3446185290813446,
          "Top": 0.7531161308288574
        },
        "Polygon": [
          {
            "X": 0.34466269612312317,
            "Y": 0.7531161308288574
          },
          {
            "X": 0.38463810086250305,
            "Y": 0.7532227635383606
          },
          {
            "X": 0.38459545373916626,
            "Y": 0.821002721786499
          },
          {
            "X": 0.3446185290813446,
            "Y": 0.8208968043327332
          }
        ]
      },
      "Id": "1928aefc-24c6-434b-a037-b5dddd96e1c7",
      "Relationships": [
        {
          "Type": "CHILD",
          "Ids": [
            "a0c04f79-9eab-4ed3-9c0c-ef8c09b1bb2d"
          ]
        }
      ],
      "Page": 1
    },
    {
      "BlockType": "LINE",
      "Confidence": 99.94459533691406,
      "Text": "NW Quad",
      "Geometry": {
        "BoundingBox": {
          "Width": 0.11970187723636627,
          "Height": 0.08685001730918884,
          "Left": 0.5302456021308899,
          "Top": 0.7490629553794861
        },
        "Polygon": [
          {
            "X": 0.5302930474281311,
            "Y": 0.7490629553794861
          },
          {
            "X": 0.649947464466095,
            "Y": 0.7493821978569031
          },
          {
            "X": 0.6499057412147522,
            "Y": 0.8359129428863525
          },
          {
            "X": 0.5302456021308899,
            "Y": 0.8355963826179504
          }
        ]
      },
      "Id": "c1b9f5eb-80fc-448b-b3c1-a17f1dcaa613",
      "Relationships": [
        {
          "Type": "CHILD",
          "Ids": [
            "06b01b3f-92f9-4809-9638-c5c1aa861840",
            "ad171b3c-a0fa-4101-ae51-1d7468d1c3cd"
          ]
        }
      ],
      "Page": 1
    },
    {
      "BlockType": "LINE",
      "Confidence": 96.72905731201172,
      "Text": "1",
      "Geometry": {
        "BoundingBox": {
          "Width": 0.008287191390991211,
          "Height": 0.06485806405544281,
          "Left": 0.8837200403213501,
          "Top": 0.7594873905181885
        },
        "Polygon": [
          {
            "X": 0.8837429285049438,
            "Y": 0.7594873905181885
          },
          {
            "X": 0.8920072317123413,
            "Y": 0.7595094442367554
          },
          {
            "X": 0.8919847011566162,
            "Y": 0.8243454694747925
          },
          {
            "X": 0.8837200403213501,
            "Y": 0.8243235945701599
          }
        ]
      },
      "Id": "36721259-87b3-4ec4-aee1-e6993c78f325",
      "Relationships": [
        {
          "Type": "CHILD",
          "Ids": [
            "14f864d9-3a34-49a7-8506-1f4680a7594b"
          ]
        }
      ],
      "Page": 1
    },
    {
      "BlockType": "LINE",
      "Confidence": 99.95701599121094,
      "Text": "352",
      "Geometry": {
        "BoundingBox": {
          "Width": 0.039948929101228714,
          "Height": 0.06875450164079666,
          "Left": 0.34476521611213684,
          "Top": 0.8619620203971863
        },
        "Polygon": [
          {
            "X": 0.3448099195957184,
            "Y": 0.8619620203971863
          },
          {
            "X": 0.38471415638923645,
            "Y": 0.8620672821998596
          },
          {
            "X": 0.3846709728240967,
            "Y": 0.9307165145874023
          },
          {
            "X": 0.34476521611213684,
            "Y": 0.9306119680404663
          }
        ]
      },
      "Id": "d3031ac9-7c05-4cad-836b-da249651d75c",
      "Relationships": [
        {
          "Type": "CHILD",
          "Ids": [
            "8abda6b4-e333-4a8d-ada6-10e0ba9920f3"
          ]
        }
      ],
      "Page": 1
    },
    {
      "BlockType": "LINE",
      "Confidence": 99.90860748291016,
      "Text": "NE Quad",
      "Geometry": {
        "BoundingBox": {
          "Width": 0.10822873562574387,
          "Height": 0.08675318211317062,
          "Left": 0.5359304547309875,
          "Top": 0.8584725260734558
        },
        "Polygon": [
          {
            "X": 0.5359776020050049,
            "Y": 0.8584725260734558
          },
          {
            "X": 0.644159197807312,
            "Y": 0.8587580323219299
          },
          {
            "X": 0.6441172361373901,
            "Y": 0.945225715637207
          },
          {
            "X": 0.5359304547309875,
            "Y": 0.9449426531791687
          }
        ]
      },
      "Id": "f123fbc0-49fc-49a9-bd84-2441e1e4588f",
      "Relationships": [
        {
          "Type": "CHILD",
          "Ids": [
            "ee262712-0dd5-4573-9b13-b0f87de261e2",
            "c4fb4f56-1835-4a64-8a4e-7c217cb10467"
          ]
        }
      ],
      "Page": 1
    },
    {
      "BlockType": "LINE",
      "Confidence": 99.55596160888672,
      "Text": "1",
      "Geometry": {
        "BoundingBox": {
          "Width": 0.008331630378961563,
          "Height": 0.06608229875564575,
          "Left": 0.8837853670120239,
          "Top": 0.8674300909042358
        },
        "Polygon": [
          {
            "X": 0.8838086128234863,
            "Y": 0.8674300909042358
          },
          {
            "X": 0.8921169638633728,
            "Y": 0.8674520254135132
          },
          {
            "X": 0.8920940160751343,
            "Y": 0.9335123896598816
          },
          {
            "X": 0.8837853670120239,
            "Y": 0.9334906339645386
          }
        ]
      },
      "Id": "fe4111db-5508-4537-9e09-309193db5521",
      "Relationships": [
        {
          "Type": "CHILD",
          "Ids": [
            "845a7f9a-ff48-4621-96d2-c945abfea939"
          ]
        }
      ],
      "Page": 1
    },
    {
      "BlockType": "WORD",
      "Confidence": 99.79863739013672,
      "Text": "TABLE",
      "TextType": "PRINTED",
      "Geometry": {
        "BoundingBox": {
          "Width": 0.07906229794025421,
          "Height": 0.07588610053062439,
          "Left": 0.4251432716846466,
          "Top": 0.025850346311926842
        },
        "Polygon": [
          {
            "X": 0.42518919706344604,
            "Y": 0.025850346311926842
          },
          {
            "X": 0.504205584526062,
            "Y": 0.026076437905430794
          },
          {
            "X": 0.5041629672050476,
            "Y": 0.10173644870519638
          },
          {
            "X": 0.4251432716846466,
            "Y": 0.10151194036006927
          }
        ]
      },
      "Id": "2d99a72b-43fe-4a2c-a7d8-4a61e64406e4",
      "Page": 1
    },
    {
      "BlockType": "WORD",
      "Confidence": 99.66495513916016,
      "Text": "A.18.",
      "TextType": "PRINTED",
      "Geometry": {
        "BoundingBox": {
          "Width": 0.06099257990717888,
          "Height": 0.07478447258472443,
          "Left": 0.5095576047897339,
          "Top": 0.028289401903748512
        },
        "Polygon": [
          {
            "X": 0.5095993876457214,
            "Y": 0.028289401903748512
          },
          {
            "X": 0.5705501437187195,
            "Y": 0.02846376597881317
          },
          {
            "X": 0.5705108642578125,
            "Y": 0.10307387262582779
          },
          {
            "X": 0.5095576047897339,
            "Y": 0.10290071368217468
          }
        ]
      },
      "Id": "0f8fc82e-b008-4650-8019-d04e0eae9195",
      "Page": 1
    },
    {
      "BlockType": "WORD",
      "Confidence": 99.88916778564453,
      "Text": "Distribution",
      "TextType": "PRINTED",
      "Geometry": {
        "BoundingBox": {
          "Width": 0.1564287692308426,
          "Height": 0.0786747932434082,
          "Left": 0.27254819869995117,
          "Top": 0.1549193412065506
        },
        "Polygon": [
          {
            "X": 0.27260228991508484,
            "Y": 0.1549193412065506
          },
          {
            "X": 0.42897695302963257,
            "Y": 0.1553613841533661
          },
          {
            "X": 0.4289296269416809,
            "Y": 0.2335941344499588
          },
          {
            "X": 0.27254819869995117,
            "Y": 0.23315533995628357
          }
        ]
      },
      "Id": "30b7e4af-02e5-4959-b5cf-390bf762f34e",
      "Page": 1
    },
    {
      "BlockType": "WORD",
      "Confidence": 99.99476623535156,
      "Text": "of",
      "TextType": "PRINTED",
      "Geometry": {
        "BoundingBox": {
          "Width": 0.029218139126896858,
          "Height": 0.07858636975288391,
          "Left": 0.43718355894088745,
          "Top": 0.1542723923921585
        },
        "Polygon": [
          {
            "X": 0.4372306764125824,
            "Y": 0.1542723923921585
          },
          {
            "X": 0.46640169620513916,
            "Y": 0.15435485541820526
          },
          {
            "X": 0.4663558304309845,
            "Y": 0.23285876214504242
          },
          {
            "X": 0.43718355894088745,
            "Y": 0.23277689516544342
          }
        ]
      },
      "Id": "bb2b7634-ffb1-43ae-a6bc-d6f0c14fae65",
      "Page": 1
    },
    {
      "BlockType": "WORD",
      "Confidence": 99.93684387207031,
      "Text": "Storage",
      "TextType": "PRINTED",
      "Geometry": {
        "BoundingBox": {
          "Width": 0.09458636492490768,
          "Height": 0.10078571736812592,
          "Left": 0.4712638258934021,
          "Top": 0.15723800659179688
        },
        "Polygon": [
          {
            "X": 0.47132226824760437,
            "Y": 0.15723800659179688
          },
          {
            "X": 0.5658501982688904,
            "Y": 0.15750518441200256
          },
          {
            "X": 0.5657970309257507,
            "Y": 0.258023738861084
          },
          {
            "X": 0.4712638258934021,
            "Y": 0.25775909423828125
          }
        ]
      },
      "Id": "c06b65c4-8a4f-47d0-8bbe-09c2b33225d3",
      "Page": 1
    },
    {
      "BlockType": "WORD",
      "Confidence": 99.86660766601562,
      "Text": "Bins",
      "TextType": "PRINTED",
      "Geometry": {
        "BoundingBox": {
          "Width": 0.05488645285367966,
          "Height": 0.07670412957668304,
          "Left": 0.5728470087051392,
          "Top": 0.15756751596927643
        },
        "Polygon": [
          {
            "X": 0.5728871822357178,
            "Y": 0.15756751596927643
          },
          {
            "X": 0.6277334690093994,
            "Y": 0.15772253274917603
          },
          {
            "X": 0.627695620059967,
            "Y": 0.23427164554595947
          },
          {
            "X": 0.5728470087051392,
            "Y": 0.23411774635314941
          }
        ]
      },
      "Id": "3f5a9fab-4a85-4cef-a972-0db1db837fdb",
      "Page": 1
    },
    {
      "BlockType": "WORD",
      "Confidence": 97.6114501953125,
      "Text": "(n",
      "TextType": "PRINTED",
      "Geometry": {
        "BoundingBox": {
          "Width": 0.02732086554169655,
          "Height": 0.09220946580171585,
          "Left": 0.6363887190818787,
          "Top": 0.1561102569103241
        },
        "Polygon": [
          {
            "X": 0.6364338397979736,
            "Y": 0.1561102569103241
          },
          {
            "X": 0.6637095808982849,
            "Y": 0.15618735551834106
          },
          {
            "X": 0.6636658310890198,
            "Y": 0.24831971526145935
          },
          {
            "X": 0.6363887190818787,
            "Y": 0.2482432872056961
          }
        ]
      },
      "Id": "cf29b27b-e836-458c-a9b0-ba2cb27fcf17",
      "Page": 1
    },
    {
      "BlockType": "WORD",
      "Confidence": 98.60647583007812,
      "Text": "=",
      "TextType": "PRINTED",
      "Geometry": {
        "BoundingBox": {
          "Width": 0.01933598332107067,
          "Height": 0.02875993587076664,
          "Left": 0.6717016696929932,
          "Top": 0.1861100047826767
        },
        "Polygon": [
          {
            "X": 0.6717151403427124,
            "Y": 0.1861100047826767
          },
          {
            "X": 0.691037654876709,
            "Y": 0.1861644685268402
          },
          {
            "X": 0.6910244226455688,
            "Y": 0.21486994624137878
          },
          {
            "X": 0.6717016696929932,
            "Y": 0.21481561660766602
          }
        ]
      },
      "Id": "33519e84-e179-4757-b603-39a6875227cb",
      "Page": 1
    },
    {
      "BlockType": "WORD",
      "Confidence": 99.87361907958984,
      "Text": "5)",
      "TextType": "PRINTED",
      "Geometry": {
        "BoundingBox": {
          "Width": 0.025409650057554245,
          "Height": 0.09221117198467255,
          "Left": 0.6986415386199951,
          "Top": 0.15654663741588593
        },
        "Polygon": [
          {
            "X": 0.698683500289917,
            "Y": 0.15654663741588593
          },
          {
            "X": 0.7240511775016785,
            "Y": 0.15661834180355072
          },
          {
            "X": 0.7240105271339417,
            "Y": 0.24875780940055847
          },
          {
            "X": 0.6986415386199951,
            "Y": 0.24868671596050262
          }
        ]
      },
      "Id": "ae4ac4be-6799-4c4a-82b1-e6ca5a003cc6",
      "Page": 1
    },
    {
      "BlockType": "WORD",
      "Confidence": 99.95275115966797,
      "Text": "Room",
      "TextType": "PRINTED",
      "Geometry": {
        "BoundingBox": {
          "Width": 0.06920388340950012,
          "Height": 0.07206494361162186,
          "Left": 0.016187723726034164,
          "Top": 0.2936955988407135
        },
        "Polygon": [
          {
            "X": 0.016247639432549477,
            "Y": 0.2936955988407135
          },
          {
            "X": 0.08539160341024399,
            "Y": 0.29388847947120667
          },
          {
            "X": 0.08533445000648499,
            "Y": 0.36576053500175476
          },
          {
            "X": 0.016187723726034164,
            "Y": 0.36556896567344666
          }
        ]
      },
      "Id": "675b0333-7ada-4723-8653-217913d8ecdf",
      "Page": 1
    },
    {
      "BlockType": "WORD",
      "Confidence": 99.97161865234375,
      "Text": "Block",
      "TextType": "PRINTED",
      "Geometry": {
        "BoundingBox": {
          "Width": 0.06401091068983078,
          "Height": 0.07419176399707794,
          "Left": 0.0932852253317833,
          "Top": 0.29205307364463806
        },
        "Polygon": [
          {
            "X": 0.09334376454353333,
            "Y": 0.29205307364463806
          },
          {
            "X": 0.15729613602161407,
            "Y": 0.2922315001487732
          },
          {
            "X": 0.15724022686481476,
            "Y": 0.3662448525428772
          },
          {
            "X": 0.0932852253317833,
            "Y": 0.36606767773628235
          }
        ]
      },
      "Id": "df7acf58-89b7-4efb-93d9-d995ae21d68e",
      "Page": 1
    },
    {
      "BlockType": "WORD",
      "Confidence": 99.9573974609375,
      "Text": "Room",
      "TextType": "PRINTED",
      "Geometry": {
        "BoundingBox": {
          "Width": 0.06959673017263412,
          "Height": 0.06967131793498993,
          "Left": 0.3300755023956299,
          "Top": 0.2978462874889374
        },
        "Polygon": [
          {
            "X": 0.33012133836746216,
            "Y": 0.2978462874889374
          },
          {
            "X": 0.3996722400188446,
            "Y": 0.2980402410030365
          },
          {
            "X": 0.3996290862560272,
            "Y": 0.3675175905227661
          },
          {
            "X": 0.3300755023956299,
            "Y": 0.36732491850852966
          }
        ]
      },
      "Id": "41967593-df6b-413c-b3be-8ed7abfed6fc",
      "Page": 1
    },
    {
      "BlockType": "WORD",
      "Confidence": 99.89622497558594,
      "Text": "Location",
      "TextType": "PRINTED",
      "Geometry": {
        "BoundingBox": {
          "Width": 0.10111892223358154,
          "Height": 0.0713660940527916,
          "Left": 0.5388234257698059,
          "Top": 0.2982403337955475
        },
        "Polygon": [
          {
            "X": 0.5388620495796204,
            "Y": 0.2982403337955475
          },
          {
            "X": 0.6399423480033875,
            "Y": 0.2985222339630127
          },
          {
            "X": 0.6399076581001282,
            "Y": 0.3696064352989197
          },
          {
            "X": 0.5388234257698059,
            "Y": 0.36932647228240967
          }
        ]
      },
      "Id": "1a6d5cc1-72d9-4386-96fd-6559ca41ff96",
      "Page": 1
    },
    {
      "BlockType": "WORD",
      "Confidence": 99.94725036621094,
      "Text": "Associated",
      "TextType": "PRINTED",
      "Geometry": {
        "BoundingBox": {
          "Width": 0.12045236676931381,
          "Height": 0.07151414453983307,
          "Left": 0.7903788089752197,
          "Top": 0.29993122816085815
        },
        "Polygon": [
          {
            "X": 0.7904075980186462,
            "Y": 0.29993122816085815
          },
          {
            "X": 0.9108312129974365,
            "Y": 0.3002670109272003
          },
          {
            "X": 0.9108071327209473,
            "Y": 0.37144535779953003
          },
          {
            "X": 0.7903788089752197,
            "Y": 0.37111184000968933
          }
        ]
      },
      "Id": "6ceafe0a-8391-4af2-be1c-d6b096d6672e",
      "Page": 1
    },
    {
      "BlockType": "WORD",
      "Confidence": 99.87777709960938,
      "Text": "Floor",
      "TextType": "PRINTED",
      "Geometry": {
        "BoundingBox": {
          "Width": 0.06180644780397415,
          "Height": 0.0733158066868782,
          "Left": 0.9198323488235474,
          "Top": 0.30026233196258545
        },
        "Polygon": [
          {
            "X": 0.9198566675186157,
            "Y": 0.30026233196258545
          },
          {
            "X": 0.9816387891769409,
            "Y": 0.3004346191883087
          },
          {
            "X": 0.9816169738769531,
            "Y": 0.37357813119888306
          },
          {
            "X": 0.9198323488235474,
            "Y": 0.3734070658683777
          }
        ]
      },
      "Id": "0669780e-e012-44e9-b2fe-55a0bf98cd2a",
      "Page": 1
    },
    {
      "BlockType": "WORD",
      "Confidence": 99.96194458007812,
      "Text": "Room",
      "TextType": "PRINTED",
      "Geometry": {
        "BoundingBox": {
          "Width": 0.0686938613653183,
          "Height": 0.07186216861009598,
          "Left": 0.01660848781466484,
          "Top": 0.4217895567417145
        },
        "Polygon": [
          {
            "X": 0.01666821725666523,
            "Y": 0.4217895567417145
          },
          {
            "X": 0.08530234545469284,
            "Y": 0.4219786822795868
          },
          {
            "X": 0.08524534851312637,
            "Y": 0.49365174770355225
          },
          {
            "X": 0.01660848781466484,
            "Y": 0.493463933467865
          }
        ]
      },
      "Id": "59f82d50-f795-4c9f-8631-3c92d7ab6d3b",
      "Page": 1
    },
    {
      "BlockType": "WORD",
      "Confidence": 99.97891998291016,
      "Text": "Block",
      "TextType": "PRINTED",
      "Geometry": {
        "BoundingBox": {
          "Width": 0.06370528042316437,
          "Height": 0.07265405356884003,
          "Left": 0.09363403916358948,
          "Top": 0.4205569326877594
        },
        "Polygon": [
          {
            "X": 0.09369134902954102,
            "Y": 0.4205569326877594
          },
          {
            "X": 0.15733931958675385,
            "Y": 0.420732319355011
          },
          {
            "X": 0.15728457272052765,
            "Y": 0.49321097135543823
          },
          {
            "X": 0.09363403916358948,
            "Y": 0.49303680658340454
          }
        ]
      },
      "Id": "1532276c-e90c-49d9-9aee-92ac35986e4e",
      "Page": 1
    },
    {
      "BlockType": "WORD",
      "Confidence": 99.78113555908203,
      "Text": "2",
      "TextType": "PRINTED",
      "Geometry": {
        "BoundingBox": {
          "Width": 0.013016500510275364,
          "Height": 0.06586625427007675,
          "Left": 0.16404493153095245,
          "Top": 0.4270628094673157
        },
        "Polygon": [
          {
            "X": 0.16409440338611603,
            "Y": 0.4270628094673157
          },
          {
            "X": 0.17706142365932465,
            "Y": 0.42709851264953613
          },
          {
            "X": 0.17701242864131927,
            "Y": 0.49292904138565063
          },
          {
            "X": 0.16404493153095245,
            "Y": 0.4928935766220093
          }
        ]
      },
      "Id": "8a51da63-c755-4f22-8d0b-6c54a5d7e280",
      "Page": 1
    },
    {
      "BlockType": "WORD",
      "Confidence": 99.98914337158203,
      "Text": "145",
      "TextType": "PRINTED",
      "Geometry": {
        "BoundingBox": {
          "Width": 0.03864439204335213,
          "Height": 0.06785769760608673,
          "Left": 0.34623488783836365,
          "Top": 0.4278796911239624
        },
        "Polygon": [
          {
            "X": 0.34627896547317505,
            "Y": 0.4278796911239624
          },
          {
            "X": 0.38487929105758667,
            "Y": 0.4279859960079193
          },
          {
            "X": 0.3848366439342499,
            "Y": 0.4957374036312103
          },
          {
            "X": 0.34623488783836365,
            "Y": 0.49563178420066833
          }
        ]
      },
      "Id": "835df609-7629-493b-9c44-a272e383376f",
      "Page": 1
    },
    {
      "BlockType": "WORD",
      "Confidence": 99.8510971069336,
      "Text": "SW",
      "TextType": "PRINTED",
      "Geometry": {
        "BoundingBox": {
          "Width": 0.04100313037633896,
          "Height": 0.06957558542490005,
          "Left": 0.5343666076660156,
          "Top": 0.4269266724586487
        },
        "Polygon": [
          {
            "X": 0.5344045162200928,
            "Y": 0.4269266724586487
          },
          {
            "X": 0.5753697156906128,
            "Y": 0.4270395338535309
          },
          {
            "X": 0.5753333568572998,
            "Y": 0.4965022802352905
          },
          {
            "X": 0.5343666076660156,
            "Y": 0.4963901937007904
          }
        ]
      },
      "Id": "01377208-5cb2-4d10-a095-58b029a86507",
      "Page": 1
    },
    {
      "BlockType": "WORD",
      "Confidence": 99.9280014038086,
      "Text": "Quad",
      "TextType": "PRINTED",
      "Geometry": {
        "BoundingBox": {
          "Width": 0.06373189389705658,
          "Height": 0.0865829586982727,
          "Left": 0.5825244784355164,
          "Top": 0.42415839433670044
        },
        "Polygon": [
          {
            "X": 0.5825693607330322,
            "Y": 0.42415839433670044
          },
          {
            "X": 0.6462563276290894,
            "Y": 0.4243338704109192
          },
          {
            "X": 0.646214485168457,
            "Y": 0.5107413530349731
          },
          {
            "X": 0.5825244784355164,
            "Y": 0.5105673670768738
          }
        ]
      },
      "Id": "0deccfec-4e99-43da-8db7-ec4b5775d581",
      "Page": 1
    },
    {
      "BlockType": "WORD",
      "Confidence": 95.14273834228516,
      "Text": "1",
      "TextType": "PRINTED",
      "Geometry": {
        "BoundingBox": {
          "Width": 0.008120710961520672,
          "Height": 0.06569762527942657,
          "Left": 0.8837858438491821,
          "Top": 0.43334710597991943
        },
        "Polygon": [
          {
            "X": 0.8838090300559998,
            "Y": 0.43334710597991943
          },
          {
            "X": 0.8919065594673157,
            "Y": 0.43336939811706543
          },
          {
            "X": 0.8918837308883667,
            "Y": 0.4990447461605072
          },
          {
            "X": 0.8837858438491821,
            "Y": 0.49902257323265076
          }
        ]
      },
      "Id": "f785f9ed-ef4a-41a8-a776-d7ef4cdbd9dc",
      "Page": 1
    },
    {
      "BlockType": "WORD",
      "Confidence": 99.9667739868164,
      "Text": "Room",
      "TextType": "PRINTED",
      "Geometry": {
        "BoundingBox": {
          "Width": 0.06945361196994781,
          "Height": 0.07107753306627274,
          "Left": 0.016011156141757965,
          "Top": 0.530995786190033
        },
        "Polygon": [
          {
            "X": 0.016070252284407616,
            "Y": 0.530995786190033
          },
          {
            "X": 0.08546476811170578,
            "Y": 0.5311850309371948
          },
          {
            "X": 0.08540840446949005,
            "Y": 0.6020733714103699
          },
          {
            "X": 0.016011156141757965,
            "Y": 0.6018854379653931
          }
        ]
      },
      "Id": "5a7269e9-47b1-4853-8578-21b76b42d192",
      "Page": 1
    },
    {
      "BlockType": "WORD",
      "Confidence": 99.95792388916016,
      "Text": "Block",
      "TextType": "PRINTED",
      "Geometry": {
        "BoundingBox": {
          "Width": 0.06425397098064423,
          "Height": 0.07388000935316086,
          "Left": 0.09323709458112717,
          "Top": 0.529904842376709
        },
        "Polygon": [
          {
            "X": 0.0932953804731369,
            "Y": 0.529904842376709
          },
          {
            "X": 0.157491073012352,
            "Y": 0.5300799012184143
          },
          {
            "X": 0.15743540227413177,
            "Y": 0.6037848591804504
          },
          {
            "X": 0.09323709458112717,
            "Y": 0.6036110520362854
          }
        ]
      },
      "Id": "faea4ddd-4e3f-48a5-a101-3eec11a2d562",
      "Page": 1
    },
    {
      "BlockType": "WORD",
      "Confidence": 99.88548278808594,
      "Text": "3",
      "TextType": "PRINTED",
      "Geometry": {
        "BoundingBox": {
          "Width": 0.012702865526080132,
          "Height": 0.06790980696678162,
          "Left": 0.16417936980724335,
          "Top": 0.5351428985595703
        },
        "Polygon": [
          {
            "X": 0.1642303764820099,
            "Y": 0.5351428985595703
          },
          {
            "X": 0.17688223719596863,
            "Y": 0.5351774096488953
          },
          {
            "X": 0.1768316924571991,
            "Y": 0.6030527353286743
          },
          {
            "X": 0.16417936980724335,
            "Y": 0.6030184626579285
          }
        ]
      },
      "Id": "10cf8e86-e5fe-4888-b24a-f4b8cc58d58c",
      "Page": 1
    },
    {
      "BlockType": "WORD",
      "Confidence": 99.97966003417969,
      "Text": "216",
      "TextType": "PRINTED",
      "Geometry": {
        "BoundingBox": {
          "Width": 0.041132088750600815,
          "Height": 0.068645179271698,
          "Left": 0.34479475021362305,
          "Top": 0.5365744233131409
        },
        "Polygon": [
          {
            "X": 0.3448393642902374,
            "Y": 0.5365744233131409
          },
          {
            "X": 0.3859268128871918,
            "Y": 0.5366864204406738
          },
          {
            "X": 0.38588374853134155,
            "Y": 0.6052196025848389
          },
          {
            "X": 0.34479475021362305,
            "Y": 0.605108380317688
          }
        ]
      },
      "Id": "7adb5f0e-29cd-400f-9085-75e4e3703c38",
      "Page": 1
    },
    {
      "BlockType": "WORD",
      "Confidence": 99.7693862915039,
      "Text": "SE",
      "TextType": "PRINTED",
      "Geometry": {
        "BoundingBox": {
          "Width": 0.029533252120018005,
          "Height": 0.07114993780851364,
          "Left": 0.540192186832428,
          "Top": 0.535516619682312
        },
        "Polygon": [
          {
            "X": 0.5402308106422424,
            "Y": 0.535516619682312
          },
          {
            "X": 0.5697254538536072,
            "Y": 0.535597026348114
          },
          {
            "X": 0.5696880221366882,
            "Y": 0.6066665649414062
          },
          {
            "X": 0.540192186832428,
            "Y": 0.606586754322052
          }
        ]
      },
      "Id": "bba49178-b73e-44ee-b5fc-10d496b6ed49",
      "Page": 1
    },
    {
      "BlockType": "WORD",
      "Confidence": 99.94900512695312,
      "Text": "Quad",
      "TextType": "PRINTED",
      "Geometry": {
        "BoundingBox": {
          "Width": 0.06421070545911789,
          "Height": 0.08729596436023712,
          "Left": 0.5769081711769104,
          "Top": 0.5323871970176697
        },
        "Polygon": [
          {
            "X": 0.5769537091255188,
            "Y": 0.5323871970176697
          },
          {
            "X": 0.6411188840866089,
            "Y": 0.5325621366500854
          },
          {
            "X": 0.6410764455795288,
            "Y": 0.6196832060813904
          },
          {
            "X": 0.5769081711769104,
            "Y": 0.619509756565094
          }
        ]
      },
      "Id": "6ae37e22-b779-4767-89b9-5a7efa16aa38",
      "Page": 1
    },
    {
      "BlockType": "WORD",
      "Confidence": 98.52766418457031,
      "Text": "1",
      "TextType": "PRINTED",
      "Geometry": {
        "BoundingBox": {
          "Width": 0.008130336180329323,
          "Height": 0.06554233282804489,
          "Left": 0.8840686678886414,
          "Top": 0.5420234799385071
        },
        "Polygon": [
          {
            "X": 0.8840917348861694,
            "Y": 0.5420234799385071
          },
          {
            "X": 0.8921989798545837,
            "Y": 0.5420455932617188
          },
          {
            "X": 0.8921762108802795,
            "Y": 0.6075658202171326
          },
          {
            "X": 0.8840686678886414,
            "Y": 0.6075438857078552
          }
        ]
      },
      "Id": "6a66baf3-f3e7-4c34-9750-6d49e0646a90",
      "Page": 1
    },
    {
      "BlockType": "WORD",
      "Confidence": 99.86978912353516,
      "Text": "270",
      "TextType": "PRINTED",
      "Geometry": {
        "BoundingBox": {
          "Width": 0.04075125977396965,
          "Height": 0.06751274317502975,
          "Left": 0.34449392557144165,
          "Top": 0.6445407271385193
        },
        "Polygon": [
          {
            "X": 0.3445378541946411,
            "Y": 0.6445407271385193
          },
          {
            "X": 0.3852452039718628,
            "Y": 0.6446505188941956
          },
          {
            "X": 0.3852027952671051,
            "Y": 0.7120534777641296
          },
          {
            "X": 0.34449392557144165,
            "Y": 0.7119444608688354
          }
        ]
      },
      "Id": "4bc6cc83-4eef-418d-865b-b60861a01bfe",
      "Page": 1
    },
    {
      "BlockType": "WORD",
      "Confidence": 99.8212890625,
      "Text": "SW",
      "TextType": "PRINTED",
      "Geometry": {
        "BoundingBox": {
          "Width": 0.04074936732649803,
          "Height": 0.07128700613975525,
          "Left": 0.5342485904693604,
          "Top": 0.6422655582427979
        },
        "Polygon": [
          {
            "X": 0.5342875123023987,
            "Y": 0.6422655582427979
          },
          {
            "X": 0.5749979615211487,
            "Y": 0.6423753499984741
          },
          {
            "X": 0.5749607086181641,
            "Y": 0.7135525345802307
          },
          {
            "X": 0.5342485904693604,
            "Y": 0.7134435176849365
          }
        ]
      },
      "Id": "ce452e18-cefc-48d2-ab9e-08dfebca8744",
      "Page": 1
    },
    {
      "BlockType": "WORD",
      "Confidence": 99.93448638916016,
      "Text": "Quad",
      "TextType": "PRINTED",
      "Geometry": {
        "BoundingBox": {
          "Width": 0.0642085075378418,
          "Height": 0.08783227205276489,
          "Left": 0.5826199054718018,
          "Top": 0.6399816274642944
        },
        "Polygon": [
          {
            "X": 0.5826654434204102,
            "Y": 0.6399816274642944
          },
          {
            "X": 0.6468284130096436,
            "Y": 0.6401547193527222
          },
          {
            "X": 0.6467860341072083,
            "Y": 0.7278138995170593
          },
          {
            "X": 0.5826199054718018,
            "Y": 0.727642297744751
          }
        ]
      },
      "Id": "6d232100-bf08-4ab6-883c-0b37c10a4fc5",
      "Page": 1
    },
    {
      "BlockType": "WORD",
      "Confidence": 98.74472045898438,
      "Text": "1",
      "TextType": "PRINTED",
      "Geometry": {
        "BoundingBox": {
          "Width": 0.00836822111159563,
          "Height": 0.06602636724710464,
          "Left": 0.8838818669319153,
          "Top": 0.649141252040863
        },
        "Polygon": [
          {
            "X": 0.8839051127433777,
            "Y": 0.649141252040863
          },
          {
            "X": 0.8922500610351562,
            "Y": 0.6491637229919434
          },
          {
            "X": 0.8922271132469177,
            "Y": 0.7151675820350647
          },
          {
            "X": 0.8838818669319153,
            "Y": 0.7151452898979187
          }
        ]
      },
      "Id": "9cccfdcb-24c3-4a0a-925f-77f5093112d9",
      "Page": 1
    },
    {
      "BlockType": "WORD",
      "Confidence": 99.96513366699219,
      "Text": "Room",
      "TextType": "PRINTED",
      "Geometry": {
        "BoundingBox": {
          "Width": 0.06968557089567184,
          "Height": 0.07205855846405029,
          "Left": 0.015887705609202385,
          "Top": 0.747307300567627
        },
        "Polygon": [
          {
            "X": 0.015947619453072548,
            "Y": 0.747307300567627
          },
          {
            "X": 0.08557327836751938,
            "Y": 0.7474930882453918
          },
          {
            "X": 0.08551613986492157,
            "Y": 0.8193658590316772
          },
          {
            "X": 0.015887705609202385,
            "Y": 0.8191813826560974
          }
        ]
      },
      "Id": "b3c7ee7f-3a44-4c17-b37b-305a3d53d94a",
      "Page": 1
    },
    {
      "BlockType": "WORD",
      "Confidence": 99.97237396240234,
      "Text": "Block",
      "TextType": "PRINTED",
      "Geometry": {
        "BoundingBox": {
          "Width": 0.06417396664619446,
          "Height": 0.07312899082899094,
          "Left": 0.09335527569055557,
          "Top": 0.7465433478355408
        },
        "Polygon": [
          {
            "X": 0.09341295808553696,
            "Y": 0.7465433478355408
          },
          {
            "X": 0.15752924978733063,
            "Y": 0.7467144131660461
          },
          {
            "X": 0.15747416019439697,
            "Y": 0.8196723461151123
          },
          {
            "X": 0.09335527569055557,
            "Y": 0.8195024132728577
          }
        ]
      },
      "Id": "c5560b61-69ea-4cc1-a4ae-451016a4fb1c",
      "Page": 1
    },
    {
      "BlockType": "WORD",
      "Confidence": 99.89675903320312,
      "Text": "7",
      "TextType": "PRINTED",
      "Geometry": {
        "BoundingBox": {
          "Width": 0.013855972327291965,
          "Height": 0.06820182502269745,
          "Left": 0.1633719652891159,
          "Top": 0.7515481114387512
        },
        "Polygon": [
          {
            "X": 0.16342321038246155,
            "Y": 0.7515481114387512
          },
          {
            "X": 0.1772279292345047,
            "Y": 0.7515849471092224
          },
          {
            "X": 0.17717720568180084,
            "Y": 0.8197499513626099
          },
          {
            "X": 0.1633719652891159,
            "Y": 0.8197133541107178
          }
        ]
      },
      "Id": "eb70090e-eb61-450a-93c3-8eb719c7108a",
      "Page": 1
    },
    {
      "BlockType": "WORD",
      "Confidence": 99.974853515625,
      "Text": "352",
      "TextType": "PRINTED",
      "Geometry": {
        "BoundingBox": {
          "Width": 0.04001957178115845,
          "Height": 0.06788661330938339,
          "Left": 0.3446185290813446,
          "Top": 0.7531161308288574
        },
        "Polygon": [
          {
            "X": 0.34466269612312317,
            "Y": 0.7531161308288574
          },
          {
            "X": 0.38463810086250305,
            "Y": 0.7532227635383606
          },
          {
            "X": 0.38459545373916626,
            "Y": 0.821002721786499
          },
          {
            "X": 0.3446185290813446,
            "Y": 0.8208968043327332
          }
        ]
      },
      "Id": "a0c04f79-9eab-4ed3-9c0c-ef8c09b1bb2d",
      "Page": 1
    },
    {
      "BlockType": "WORD",
      "Confidence": 99.95305633544922,
      "Text": "NW",
      "TextType": "PRINTED",
      "Geometry": {
        "BoundingBox": {
          "Width": 0.048236459493637085,
          "Height": 0.06859792023897171,
          "Left": 0.5302541851997375,
          "Top": 0.7514433860778809
        },
        "Polygon": [
          {
            "X": 0.530291736125946,
            "Y": 0.7514433860778809
          },
          {
            "X": 0.578490674495697,
            "Y": 0.7515719532966614
          },
          {
            "X": 0.5784549117088318,
            "Y": 0.820041298866272
          },
          {
            "X": 0.5302541851997375,
            "Y": 0.8199135661125183
          }
        ]
      },
      "Id": "06b01b3f-92f9-4809-9638-c5c1aa861840",
      "Page": 1
    },
    {
      "BlockType": "WORD",
      "Confidence": 99.93612670898438,
      "Text": "Quad",
      "TextType": "PRINTED",
      "Geometry": {
        "BoundingBox": {
          "Width": 0.06356041878461838,
          "Height": 0.0867002084851265,
          "Left": 0.586387038230896,
          "Top": 0.7492127418518066
        },
        "Polygon": [
          {
            "X": 0.5864318013191223,
            "Y": 0.7492127418518066
          },
          {
            "X": 0.649947464466095,
            "Y": 0.7493821978569031
          },
          {
            "X": 0.6499057412147522,
            "Y": 0.8359129428863525
          },
          {
            "X": 0.586387038230896,
            "Y": 0.8357449173927307
          }
        ]
      },
      "Id": "ad171b3c-a0fa-4101-ae51-1d7468d1c3cd",
      "Page": 1
    },
    {
      "BlockType": "WORD",
      "Confidence": 96.72905731201172,
      "Text": "1",
      "TextType": "PRINTED",
      "Geometry": {
        "BoundingBox": {
          "Width": 0.008287191390991211,
          "Height": 0.06485806405544281,
          "Left": 0.8837200403213501,
          "Top": 0.7594873905181885
        },
        "Polygon": [
          {
            "X": 0.8837429285049438,
            "Y": 0.7594873905181885
          },
          {
            "X": 0.8920072317123413,
            "Y": 0.7595094442367554
          },
          {
            "X": 0.8919847011566162,
            "Y": 0.8243454694747925
          },
          {
            "X": 0.8837200403213501,
            "Y": 0.8243235945701599
          }
        ]
      },
      "Id": "14f864d9-3a34-49a7-8506-1f4680a7594b",
      "Page": 1
    },
    {
      "BlockType": "WORD",
      "Confidence": 99.95701599121094,
      "Text": "352",
      "TextType": "PRINTED",
      "Geometry": {
        "BoundingBox": {
          "Width": 0.039948929101228714,
          "Height": 0.06875450164079666,
          "Left": 0.34476521611213684,
          "Top": 0.8619620203971863
        },
        "Polygon": [
          {
            "X": 0.3448099195957184,
            "Y": 0.8619620203971863
          },
          {
            "X": 0.38471415638923645,
            "Y": 0.8620672821998596
          },
          {
            "X": 0.3846709728240967,
            "Y": 0.9307165145874023
          },
          {
            "X": 0.34476521611213684,
            "Y": 0.9306119680404663
          }
        ]
      },
      "Id": "8abda6b4-e333-4a8d-ada6-10e0ba9920f3",
      "Page": 1
    },
    {
      "BlockType": "WORD",
      "Confidence": 99.86576080322266,
      "Text": "NE",
      "TextType": "PRINTED",
      "Geometry": {
        "BoundingBox": {
          "Width": 0.037435274571180344,
          "Height": 0.06973166763782501,
          "Left": 0.5359379649162292,
          "Top": 0.8615748882293701
        },
        "Polygon": [
          {
            "X": 0.5359759330749512,
            "Y": 0.8615748882293701
          },
          {
            "X": 0.5733731985092163,
            "Y": 0.8616735935211182
          },
          {
            "X": 0.5733367204666138,
            "Y": 0.9313066005706787
          },
          {
            "X": 0.5359379649162292,
            "Y": 0.931208610534668
          }
        ]
      },
      "Id": "ee262712-0dd5-4573-9b13-b0f87de261e2",
      "Page": 1
    },
    {
      "BlockType": "WORD",
      "Confidence": 99.95145416259766,
      "Text": "Quad",
      "TextType": "PRINTED",
      "Geometry": {
        "BoundingBox": {
          "Width": 0.0635620579123497,
          "Height": 0.0866352990269661,
          "Left": 0.5805971622467041,
          "Top": 0.8585904240608215
        },
        "Polygon": [
          {
            "X": 0.5806421637535095,
            "Y": 0.8585904240608215
          },
          {
            "X": 0.644159197807312,
            "Y": 0.8587580323219299
          },
          {
            "X": 0.6441172361373901,
            "Y": 0.945225715637207
          },
          {
            "X": 0.5805971622467041,
            "Y": 0.9450595378875732
          }
        ]
      },
      "Id": "c4fb4f56-1835-4a64-8a4e-7c217cb10467",
      "Page": 1
    },
    {
      "BlockType": "WORD",
      "Confidence": 99.55596160888672,
      "Text": "1",
      "TextType": "PRINTED",
      "Geometry": {
        "BoundingBox": {
          "Width": 0.008331630378961563,
          "Height": 0.06608229875564575,
          "Left": 0.8837853670120239,
          "Top": 0.8674300909042358
        },
        "Polygon": [
          {
            "X": 0.8838086128234863,
            "Y": 0.8674300909042358
          },
          {
            "X": 0.8921169638633728,
            "Y": 0.8674520254135132
          },
          {
            "X": 0.8920940160751343,
            "Y": 0.9335123896598816
          },
          {
            "X": 0.8837853670120239,
            "Y": 0.9334906339645386
          }
        ]
      },
      "Id": "845a7f9a-ff48-4621-96d2-c945abfea939",
      "Page": 1
    },
    {
      "BlockType": "TABLE",
      "Confidence": 98.876953125,
      "Geometry": {
        "BoundingBox": {
          "Width": 0.9727976322174072,
          "Height": 0.6912683844566345,
          "Left": 0.011970986612141132,
          "Top": 0.2722654342651367
        },
        "Polygon": [
          {
            "X": 0.012546551413834095,
            "Y": 0.2722654342651367
          },
          {
            "X": 0.9847686290740967,
            "Y": 0.27498307824134827
          },
          {
            "X": 0.9845643639564514,
            "Y": 0.9635338187217712
          },
          {
            "X": 0.011970986612141132,
            "Y": 0.9609938263893127
          }
        ]
      },
      "Id": "8983d922-6086-4962-b3b4-3013839803b4",
      "Relationships": [
        {
          "Type": "CHILD",
          "Ids": [
            "0e0e5ea9-f713-4472-a82c-cf5a4c18ef8f",
            "b72abeec-5208-4fc7-9b3b-8739dde8aa0c",
            "e328f9cb-f9b4-4770-9fe0-85a9241ed0a6",
            "a2f92429-37da-49f8-a6e6-0393089a65f2",
            "502a140e-d7f4-4a49-a42c-b5a5cdc138e3",
            "0b1adb4a-fb0c-4e39-bd77-bdea5e35b033",
            "64653ba8-6cb1-4b01-98d3-dfa2374a1223",
            "fbaa2a57-0f1c-4370-8391-db0dd98e0757",
            "afdf83a5-0641-4b10-b0f7-6c62c9bdc057",
            "2f19dfe8-638a-43f6-8ec8-bb710a5799f1",
            "ce00bdd6-0dbc-45b4-95a5-f78fda95d360",
            "9aebc35e-b936-4acf-8a09-312bc3467dbb",
            "c303b15a-4918-40dc-be6a-b18084820995",
            "d9304fbc-ce2a-431c-b0ea-70ec3c8bb062",
            "0badaace-3f08-4a35-917c-b1bba5fe55ad",
            "f9e38b75-4e66-4442-ba60-a6fc2eb7f366",
            "ea468b99-d374-4cb6-aff5-58b74fdcd5a9",
            "1f4fdd34-f5ea-4500-ac33-3b87bc2ff029",
            "fb3400b9-5e7e-44d8-bb8a-9e95ab4b09b7",
            "4ee0e43d-44be-45ff-b598-c70d156f9ce9",
            "25d15853-fb47-4287-b597-5f9e105a087c",
            "b4d055ce-2e5e-45e6-8462-541fc2aa5a5b",
            "e6adc518-8cde-4c8a-8038-b640913795eb",
            "7ef01ddd-88b4-4276-9a2b-41dc69103e89"
          ]
        },
        {
          "Type": "TABLE_TITLE",
          "Ids": [
            "c72f7d78-982c-402a-aca7-95fbcc11a3c3"
          ]
        }
      ],
      "EntityTypes": [
        "STRUCTURED_TABLE"
      ],
      "Page": 1
    },
    {
      "BlockType": "CELL",
      "Confidence": 92.431640625,
      "RowIndex": 1,
      "ColumnIndex": 1,
      "RowSpan": 1,
      "ColumnSpan": 1,
      "Geometry": {
        "BoundingBox": {
          "Width": 0.24562644958496094,
          "Height": 0.12475312501192093,
          "Left": 0.012442863546311855,
          "Top": 0.2722654342651367
        },
        "Polygon": [
          {
            "X": 0.012546551413834095,
            "Y": 0.2722654342651367
          },
          {
            "X": 0.25806930661201477,
            "Y": 0.27295175194740295
          },
          {
            "X": 0.2579825222492218,
            "Y": 0.39701855182647705
          },
          {
            "X": 0.012442863546311855,
            "Y": 0.39634034037590027
          }
        ]
      },
      "Id": "0e0e5ea9-f713-4472-a82c-cf5a4c18ef8f",
      "Relationships": [
        {
          "Type": "CHILD",
          "Ids": [
            "675b0333-7ada-4723-8653-217913d8ecdf",
            "df7acf58-89b7-4efb-93d9-d995ae21d68e"
          ]
        }
      ],
      "EntityTypes": [
        "COLUMN_HEADER"
      ],
      "Page": 1
    },
    {
      "BlockType": "CELL",
      "Confidence": 91.69921875,
      "RowIndex": 1,
      "ColumnIndex": 2,
      "RowSpan": 1,
      "ColumnSpan": 1,
      "Geometry": {
        "BoundingBox": {
          "Width": 0.21277667582035065,
          "Height": 0.12465434521436691,
          "Left": 0.2579825222492218,
          "Top": 0.27295175194740295
        },
        "Polygon": [
          {
            "X": 0.25806930661201477,
            "Y": 0.27295175194740295
          },
          {
            "X": 0.47075921297073364,
            "Y": 0.2735462784767151
          },
          {
            "X": 0.47068703174591064,
            "Y": 0.39760610461235046
          },
          {
            "X": 0.2579825222492218,
            "Y": 0.39701855182647705
          }
        ]
      },
      "Id": "b72abeec-5208-4fc7-9b3b-8739dde8aa0c",
      "Relationships": [
        {
          "Type": "CHILD",
          "Ids": [
            "41967593-df6b-413c-b3be-8ed7abfed6fc"
          ]
        }
      ],
      "EntityTypes": [
        "COLUMN_HEADER"
      ],
      "Page": 1
    },
    {
      "BlockType": "CELL",
      "Confidence": 93.505859375,
      "RowIndex": 1,
      "ColumnIndex": 3,
      "RowSpan": 1,
      "ColumnSpan": 1,
      "Geometry": {
        "BoundingBox": {
          "Width": 0.2593909502029419,
          "Height": 0.12477615475654602,
          "Left": 0.47068703174591064,
          "Top": 0.2735462784767151
        },
        "Polygon": [
          {
            "X": 0.47075921297073364,
            "Y": 0.2735462784767151
          },
          {
            "X": 0.7300779819488525,
            "Y": 0.274271160364151
          },
          {
            "X": 0.7300236821174622,
            "Y": 0.3983224332332611
          },
          {
            "X": 0.47068703174591064,
            "Y": 0.39760610461235046
          }
        ]
      },
      "Id": "e328f9cb-f9b4-4770-9fe0-85a9241ed0a6",
      "Relationships": [
        {
          "Type": "CHILD",
          "Ids": [
            "1a6d5cc1-72d9-4386-96fd-6559ca41ff96"
          ]
        }
      ],
      "EntityTypes": [
        "COLUMN_HEADER"
      ],
      "Page": 1
    },
    {
      "BlockType": "CELL",
      "Confidence": 92.87109375,
      "RowIndex": 1,
      "ColumnIndex": 4,
      "RowSpan": 1,
      "ColumnSpan": 1,
      "Geometry": {
        "BoundingBox": {
          "Width": 0.2547449469566345,
          "Height": 0.12475483864545822,
          "Left": 0.7300236821174622,
          "Top": 0.274271160364151
        },
        "Polygon": [
          {
            "X": 0.7300779819488525,
            "Y": 0.274271160364151
          },
          {
            "X": 0.9847686290740967,
            "Y": 0.27498307824134827
          },
          {
            "X": 0.9847318530082703,
            "Y": 0.39902597665786743
          },
          {
            "X": 0.7300236821174622,
            "Y": 0.3983224332332611
          }
        ]
      },
      "Id": "a2f92429-37da-49f8-a6e6-0393089a65f2",
      "Relationships": [
        {
          "Type": "CHILD",
          "Ids": [
            "6ceafe0a-8391-4af2-be1c-d6b096d6672e",
            "0669780e-e012-44e9-b2fe-55a0bf98cd2a"
          ]
        }
      ],
      "EntityTypes": [
        "COLUMN_HEADER"
      ],
      "Page": 1
    },
    {
      "BlockType": "CELL",
      "Confidence": 88.916015625,
      "RowIndex": 2,
      "ColumnIndex": 1,
      "RowSpan": 1,
      "ColumnSpan": 1,
      "Geometry": {
        "BoundingBox": {
          "Width": 0.24564094841480255,
          "Height": 0.12188262492418289,
          "Left": 0.012341567315161228,
          "Top": 0.39634034037590027
        },
        "Polygon": [
          {
            "X": 0.012442863546311855,
            "Y": 0.39634034037590027
          },
          {
            "X": 0.2579825222492218,
            "Y": 0.39701855182647705
          },
          {
            "X": 0.2578977346420288,
            "Y": 0.5182229280471802
          },
          {
            "X": 0.012341567315161228,
            "Y": 0.5175526142120361
          }
        ]
      },
      "Id": "502a140e-d7f4-4a49-a42c-b5a5cdc138e3",
      "Relationships": [
        {
          "Type": "CHILD",
          "Ids": [
            "59f82d50-f795-4c9f-8631-3c92d7ab6d3b",
            "1532276c-e90c-49d9-9aee-92ac35986e4e",
            "8a51da63-c755-4f22-8d0b-6c54a5d7e280"
          ]
        }
      ],
      "Page": 1
    },
    {
      "BlockType": "CELL",
      "Confidence": 88.232421875,
      "RowIndex": 2,
      "ColumnIndex": 2,
      "RowSpan": 1,
      "ColumnSpan": 1,
      "Geometry": {
        "BoundingBox": {
          "Width": 0.21278931200504303,
          "Height": 0.12178508937358856,
          "Left": 0.2578977346420288,
          "Top": 0.39701855182647705
        },
        "Polygon": [
          {
            "X": 0.2579825222492218,
            "Y": 0.39701855182647705
          },
          {
            "X": 0.47068703174591064,
            "Y": 0.39760610461235046
          },
          {
            "X": 0.47061654925346375,
            "Y": 0.5188036561012268
          },
          {
            "X": 0.2578977346420288,
            "Y": 0.5182229280471802
          }
        ]
      },
      "Id": "0b1adb4a-fb0c-4e39-bd77-bdea5e35b033",
      "Relationships": [
        {
          "Type": "CHILD",
          "Ids": [
            "835df609-7629-493b-9c44-a272e383376f"
          ]
        }
      ],
      "Page": 1
    },
    {
      "BlockType": "CELL",
      "Confidence": 89.990234375,
      "RowIndex": 2,
      "ColumnIndex": 3,
      "RowSpan": 1,
      "ColumnSpan": 1,
      "Geometry": {
        "BoundingBox": {
          "Width": 0.2594071328639984,
          "Height": 0.12190555781126022,
          "Left": 0.47061654925346375,
          "Top": 0.39760610461235046
        },
        "Polygon": [
          {
            "X": 0.47068703174591064,
            "Y": 0.39760610461235046
          },
          {
            "X": 0.7300236821174622,
            "Y": 0.3983224332332611
          },
          {
            "X": 0.7299706339836121,
            "Y": 0.5195116400718689
          },
          {
            "X": 0.47061654925346375,
            "Y": 0.5188036561012268
          }
        ]
      },
      "Id": "64653ba8-6cb1-4b01-98d3-dfa2374a1223",
      "Relationships": [
        {
          "Type": "CHILD",
          "Ids": [
            "01377208-5cb2-4d10-a095-58b029a86507",
            "0deccfec-4e99-43da-8db7-ec4b5775d581"
          ]
        }
      ],
      "Page": 1
    },
    {
      "BlockType": "CELL",
      "Confidence": 89.35546875,
      "RowIndex": 2,
      "ColumnIndex": 4,
      "RowSpan": 1,
      "ColumnSpan": 1,
      "Geometry": {
        "BoundingBox": {
          "Width": 0.2547612190246582,
          "Height": 0.12188458442687988,
          "Left": 0.7299706339836121,
          "Top": 0.3983224332332611
        },
        "Polygon": [
          {
            "X": 0.7300236821174622,
            "Y": 0.3983224332332611
          },
          {
            "X": 0.9847318530082703,
            "Y": 0.39902597665786743
          },
          {
            "X": 0.9846958518028259,
            "Y": 0.5202070474624634
          },
          {
            "X": 0.7299706339836121,
            "Y": 0.5195116400718689
          }
        ]
      },
      "Id": "fbaa2a57-0f1c-4370-8391-db0dd98e0757",
      "Relationships": [
        {
          "Type": "CHILD",
          "Ids": [
            "f785f9ed-ef4a-41a8-a776-d7ef4cdbd9dc"
          ]
        }
      ],
      "Page": 1
    },
    {
      "BlockType": "CELL",
      "Confidence": 82.71484375,
      "RowIndex": 3,
      "ColumnIndex": 1,
      "RowSpan": 1,
      "ColumnSpan": 1,
      "Geometry": {
        "BoundingBox": {
          "Width": 0.24564555287361145,
          "Height": 0.10762891918420792,
          "Left": 0.01225217618048191,
          "Top": 0.5175526142120361
        },
        "Polygon": [
          {
            "X": 0.012341567315161228,
            "Y": 0.5175526142120361
          },
          {
            "X": 0.2578977346420288,
            "Y": 0.5182229280471802
          },
          {
            "X": 0.2578229010105133,
            "Y": 0.6251815557479858
          },
          {
            "X": 0.01225217618048191,
            "Y": 0.6245181560516357
          }
        ]
      },
      "Id": "afdf83a5-0641-4b10-b0f7-6c62c9bdc057",
      "Relationships": [
        {
          "Type": "CHILD",
          "Ids": [
            "5a7269e9-47b1-4853-8578-21b76b42d192",
            "faea4ddd-4e3f-48a5-a101-3eec11a2d562",
            "10cf8e86-e5fe-4888-b24a-f4b8cc58d58c"
          ]
        }
      ],
      "Page": 1
    },
    {
      "BlockType": "CELL",
      "Confidence": 82.080078125,
      "RowIndex": 3,
      "ColumnIndex": 2,
      "RowSpan": 1,
      "ColumnSpan": 1,
      "Geometry": {
        "BoundingBox": {
          "Width": 0.21279364824295044,
          "Height": 0.10753323882818222,
          "Left": 0.2578229010105133,
          "Top": 0.5182229280471802
        },
        "Polygon": [
          {
            "X": 0.2578977346420288,
            "Y": 0.5182229280471802
          },
          {
            "X": 0.47061654925346375,
            "Y": 0.5188036561012268
          },
          {
            "X": 0.4705543518066406,
            "Y": 0.6257562041282654
          },
          {
            "X": 0.2578229010105133,
            "Y": 0.6251815557479858
          }
        ]
      },
      "Id": "2f19dfe8-638a-43f6-8ec8-bb710a5799f1",
      "Relationships": [
        {
          "Type": "CHILD",
          "Ids": [
            "7adb5f0e-29cd-400f-9085-75e4e3703c38"
          ]
        }
      ],
      "Page": 1
    },
    {
      "BlockType": "CELL",
      "Confidence": 83.69140625,
      "RowIndex": 3,
      "ColumnIndex": 3,
      "RowSpan": 1,
      "ColumnSpan": 1,
      "Geometry": {
        "BoundingBox": {
          "Width": 0.25941628217697144,
          "Height": 0.1076531931757927,
          "Left": 0.4705543518066406,
          "Top": 0.5188036561012268
        },
        "Polygon": [
          {
            "X": 0.47061654925346375,
            "Y": 0.5188036561012268
          },
          {
            "X": 0.7299706339836121,
            "Y": 0.5195116400718689
          },
          {
            "X": 0.7299237847328186,
            "Y": 0.6264568567276001
          },
          {
            "X": 0.4705543518066406,
            "Y": 0.6257562041282654
          }
        ]
      },
      "Id": "ce00bdd6-0dbc-45b4-95a5-f78fda95d360",
      "Relationships": [
        {
          "Type": "CHILD",
          "Ids": [
            "bba49178-b73e-44ee-b5fc-10d496b6ed49",
            "6ae37e22-b779-4767-89b9-5a7efa16aa38"
          ]
        }
      ],
      "Page": 1
    },
    {
      "BlockType": "CELL",
      "Confidence": 83.10546875,
      "RowIndex": 3,
      "ColumnIndex": 4,
      "RowSpan": 1,
      "ColumnSpan": 1,
      "Geometry": {
        "BoundingBox": {
          "Width": 0.2547720968723297,
          "Height": 0.1076333299279213,
          "Left": 0.7299237847328186,
          "Top": 0.5195116400718689
        },
        "Polygon": [
          {
            "X": 0.7299706339836121,
            "Y": 0.5195116400718689
          },
          {
            "X": 0.9846958518028259,
            "Y": 0.5202070474624634
          },
          {
            "X": 0.9846641421318054,
            "Y": 0.627144992351532
          },
          {
            "X": 0.7299237847328186,
            "Y": 0.6264568567276001
          }
        ]
      },
      "Id": "9aebc35e-b936-4acf-8a09-312bc3467dbb",
      "Relationships": [
        {
          "Type": "CHILD",
          "Ids": [
            "6a66baf3-f3e7-4c34-9750-6d49e0646a90"
          ]
        }
      ],
      "Page": 1
    },
    {
      "BlockType": "CELL",
      "Confidence": 83.59375,
      "RowIndex": 4,
      "ColumnIndex": 1,
      "RowSpan": 1,
      "ColumnSpan": 1,
      "Geometry": {
        "BoundingBox": {
          "Width": 0.24566012620925903,
          "Height": 0.10763463377952576,
          "Left": 0.012162775732576847,
          "Top": 0.6245181560516357
        },
        "Polygon": [
          {
            "X": 0.01225217618048191,
            "Y": 0.6245181560516357
          },
          {
            "X": 0.2578229010105133,
            "Y": 0.6251815557479858
          },
          {
            "X": 0.2577480673789978,
            "Y": 0.7321528196334839
          },
          {
            "X": 0.012162775732576847,
            "Y": 0.7314963936805725
          }
        ]
      },
      "Id": "c303b15a-4918-40dc-be6a-b18084820995",
      "Page": 1
    },
    {
      "BlockType": "CELL",
      "Confidence": 82.958984375,
      "RowIndex": 4,
      "ColumnIndex": 2,
      "RowSpan": 1,
      "ColumnSpan": 1,
      "Geometry": {
        "BoundingBox": {
          "Width": 0.21280626952648163,
          "Height": 0.10753989219665527,
          "Left": 0.2577480673789978,
          "Top": 0.6251815557479858
        },
        "Polygon": [
          {
            "X": 0.2578229010105133,
            "Y": 0.6251815557479858
          },
          {
            "X": 0.4705543518066406,
            "Y": 0.6257562041282654
          },
          {
            "X": 0.4704921245574951,
            "Y": 0.7327214479446411
          },
          {
            "X": 0.2577480673789978,
            "Y": 0.7321528196334839
          }
        ]
      },
      "Id": "d9304fbc-ce2a-431c-b0ea-70ec3c8bb062",
      "Relationships": [
        {
          "Type": "CHILD",
          "Ids": [
            "4bc6cc83-4eef-418d-865b-b60861a01bfe"
          ]
        }
      ],
      "Page": 1
    },
    {
      "BlockType": "CELL",
      "Confidence": 84.5703125,
      "RowIndex": 4,
      "ColumnIndex": 3,
      "RowSpan": 1,
      "ColumnSpan": 1,
      "Geometry": {
        "BoundingBox": {
          "Width": 0.2594316601753235,
          "Height": 0.1076585128903389,
          "Left": 0.4704921245574951,
          "Top": 0.6257562041282654
        },
        "Polygon": [
          {
            "X": 0.4705543518066406,
            "Y": 0.6257562041282654
          },
          {
            "X": 0.7299237847328186,
            "Y": 0.6264568567276001
          },
          {
            "X": 0.7298769354820251,
            "Y": 0.7334147095680237
          },
          {
            "X": 0.4704921245574951,
            "Y": 0.7327214479446411
          }
        ]
      },
      "Id": "0badaace-3f08-4a35-917c-b1bba5fe55ad",
      "Relationships": [
        {
          "Type": "CHILD",
          "Ids": [
            "ce452e18-cefc-48d2-ab9e-08dfebca8744",
            "6d232100-bf08-4ab6-883c-0b37c10a4fc5"
          ]
        }
      ],
      "Page": 1
    },
    {
      "BlockType": "CELL",
      "Confidence": 83.984375,
      "RowIndex": 4,
      "ColumnIndex": 4,
      "RowSpan": 1,
      "ColumnSpan": 1,
      "Geometry": {
        "BoundingBox": {
          "Width": 0.2547872066497803,
          "Height": 0.10763878375291824,
          "Left": 0.7298769354820251,
          "Top": 0.6264568567276001
        },
        "Polygon": [
          {
            "X": 0.7299237847328186,
            "Y": 0.6264568567276001
          },
          {
            "X": 0.9846641421318054,
            "Y": 0.627144992351532
          },
          {
            "X": 0.9846324324607849,
            "Y": 0.7340956330299377
          },
          {
            "X": 0.7298769354820251,
            "Y": 0.7334147095680237
          }
        ]
      },
      "Id": "f9e38b75-4e66-4442-ba60-a6fc2eb7f366",
      "Relationships": [
        {
          "Type": "CHILD",
          "Ids": [
            "9cccfdcb-24c3-4a0a-925f-77f5093112d9"
          ]
        }
      ],
      "Page": 1
    },
    {
      "BlockType": "CELL",
      "Confidence": 82.71484375,
      "RowIndex": 5,
      "ColumnIndex": 1,
      "RowSpan": 1,
      "ColumnSpan": 1,
      "Geometry": {
        "BoundingBox": {
          "Width": 0.24567769467830658,
          "Height": 0.11120670288801193,
          "Left": 0.012070383876562119,
          "Top": 0.7314963936805725
        },
        "Polygon": [
          {
            "X": 0.012162775732576847,
            "Y": 0.7314963936805725
          },
          {
            "X": 0.2577480673789978,
            "Y": 0.7321528196334839
          },
          {
            "X": 0.25767073035240173,
            "Y": 0.842703104019165
          },
          {
            "X": 0.012070383876562119,
            "Y": 0.8420538902282715
          }
        ]
      },
      "Id": "ea468b99-d374-4cb6-aff5-58b74fdcd5a9",
      "Relationships": [
        {
          "Type": "CHILD",
          "Ids": [
            "b3c7ee7f-3a44-4c17-b37b-305a3d53d94a",
            "c5560b61-69ea-4cc1-a4ae-451016a4fb1c",
            "eb70090e-eb61-450a-93c3-8eb719c7108a"
          ]
        }
      ],
      "Page": 1
    },
    {
      "BlockType": "CELL",
      "Confidence": 82.080078125,
      "RowIndex": 5,
      "ColumnIndex": 2,
      "RowSpan": 1,
      "ColumnSpan": 1,
      "Geometry": {
        "BoundingBox": {
          "Width": 0.21282139420509338,
          "Height": 0.11111268401145935,
          "Left": 0.25767073035240173,
          "Top": 0.7321528196334839
        },
        "Polygon": [
          {
            "X": 0.2577480673789978,
            "Y": 0.7321528196334839
          },
          {
            "X": 0.4704921245574951,
            "Y": 0.7327214479446411
          },
          {
            "X": 0.47042784094810486,
            "Y": 0.8432654738426208
          },
          {
            "X": 0.25767073035240173,
            "Y": 0.842703104019165
          }
        ]
      },
      "Id": "1f4fdd34-f5ea-4500-ac33-3b87bc2ff029",
      "Relationships": [
        {
          "Type": "CHILD",
          "Ids": [
            "a0c04f79-9eab-4ed3-9c0c-ef8c09b1bb2d"
          ]
        }
      ],
      "Page": 1
    },
    {
      "BlockType": "CELL",
      "Confidence": 83.69140625,
      "RowIndex": 5,
      "ColumnIndex": 3,
      "RowSpan": 1,
      "ColumnSpan": 1,
      "Geometry": {
        "BoundingBox": {
          "Width": 0.2594491243362427,
          "Height": 0.11122974008321762,
          "Left": 0.47042784094810486,
          "Top": 0.7327214479446411
        },
        "Polygon": [
          {
            "X": 0.4704921245574951,
            "Y": 0.7327214479446411
          },
          {
            "X": 0.7298769354820251,
            "Y": 0.7334147095680237
          },
          {
            "X": 0.7298285365104675,
            "Y": 0.8439511656761169
          },
          {
            "X": 0.47042784094810486,
            "Y": 0.8432654738426208
          }
        ]
      },
      "Id": "fb3400b9-5e7e-44d8-bb8a-9e95ab4b09b7",
      "Relationships": [
        {
          "Type": "CHILD",
          "Ids": [
            "06b01b3f-92f9-4809-9638-c5c1aa861840",
            "ad171b3c-a0fa-4101-ae51-1d7468d1c3cd"
          ]
        }
      ],
      "Page": 1
    },
    {
      "BlockType": "CELL",
      "Confidence": 83.10546875,
      "RowIndex": 5,
      "ColumnIndex": 4,
      "RowSpan": 1,
      "ColumnSpan": 1,
      "Geometry": {
        "BoundingBox": {
          "Width": 0.254803866147995,
          "Height": 0.11120989918708801,
          "Left": 0.7298285365104675,
          "Top": 0.7334147095680237
        },
        "Polygon": [
          {
            "X": 0.7298769354820251,
            "Y": 0.7334147095680237
          },
          {
            "X": 0.9846324324607849,
            "Y": 0.7340956330299377
          },
          {
            "X": 0.9845996499061584,
            "Y": 0.8446245789527893
          },
          {
            "X": 0.7298285365104675,
            "Y": 0.8439511656761169
          }
        ]
      },
      "Id": "4ee0e43d-44be-45ff-b598-c70d156f9ce9",
      "Relationships": [
        {
          "Type": "CHILD",
          "Ids": [
            "14f864d9-3a34-49a7-8506-1f4680a7594b"
          ]
        }
      ],
      "Page": 1
    },
    {
      "BlockType": "CELL",
      "Confidence": 87.5,
      "RowIndex": 6,
      "ColumnIndex": 1,
      "RowSpan": 1,
      "ColumnSpan": 1,
      "Geometry": {
        "BoundingBox": {
          "Width": 0.24569974839687347,
          "Height": 0.11958136409521103,
          "Left": 0.011970986612141132,
          "Top": 0.8420538902282715
        },
        "Polygon": [
          {
            "X": 0.012070383876562119,
            "Y": 0.8420538902282715
          },
          {
            "X": 0.25767073035240173,
            "Y": 0.842703104019165
          },
          {
            "X": 0.2575875222682953,
            "Y": 0.9616352915763855
          },
          {
            "X": 0.011970986612141132,
            "Y": 0.9609938263893127
          }
        ]
      },
      "Id": "25d15853-fb47-4287-b597-5f9e105a087c",
      "Page": 1
    },
    {
      "BlockType": "CELL",
      "Confidence": 86.81640625,
      "RowIndex": 6,
      "ColumnIndex": 2,
      "RowSpan": 1,
      "ColumnSpan": 1,
      "Geometry": {
        "BoundingBox": {
          "Width": 0.21284028887748718,
          "Height": 0.11948783695697784,
          "Left": 0.2575875222682953,
          "Top": 0.842703104019165
        },
        "Polygon": [
          {
            "X": 0.25767073035240173,
            "Y": 0.842703104019165
          },
          {
            "X": 0.47042784094810486,
            "Y": 0.8432654738426208
          },
          {
            "X": 0.470358669757843,
            "Y": 0.9621909260749817
          },
          {
            "X": 0.2575875222682953,
            "Y": 0.9616352915763855
          }
        ]
      },
      "Id": "b4d055ce-2e5e-45e6-8462-541fc2aa5a5b",
      "Relationships": [
        {
          "Type": "CHILD",
          "Ids": [
            "8abda6b4-e333-4a8d-ada6-10e0ba9920f3"
          ]
        }
      ],
      "Page": 1
    },
    {
      "BlockType": "CELL",
      "Confidence": 88.525390625,
      "RowIndex": 6,
      "ColumnIndex": 3,
      "RowSpan": 1,
      "ColumnSpan": 1,
      "Geometry": {
        "BoundingBox": {
          "Width": 0.2594698965549469,
          "Height": 0.11960294842720032,
          "Left": 0.470358669757843,
          "Top": 0.8432654738426208
        },
        "Polygon": [
          {
            "X": 0.47042784094810486,
            "Y": 0.8432654738426208
          },
          {
            "X": 0.7298285365104675,
            "Y": 0.8439511656761169
          },
          {
            "X": 0.7297765016555786,
            "Y": 0.9628684520721436
          },
          {
            "X": 0.470358669757843,
            "Y": 0.9621909260749817
          }
        ]
      },
      "Id": "e6adc518-8cde-4c8a-8038-b640913795eb",
      "Relationships": [
        {
          "Type": "CHILD",
          "Ids": [
            "ee262712-0dd5-4573-9b13-b0f87de261e2",
            "c4fb4f56-1835-4a64-8a4e-7c217cb10467"
          ]
        }
      ],
      "Page": 1
    },
    {
      "BlockType": "CELL",
      "Confidence": 87.890625,
      "RowIndex": 6,
      "ColumnIndex": 4,
      "RowSpan": 1,
      "ColumnSpan": 1,
      "Geometry": {
        "BoundingBox": {
          "Width": 0.25482314825057983,
          "Height": 0.11958266794681549,
          "Left": 0.7297765016555786,
          "Top": 0.8439511656761169
        },
        "Polygon": [
          {
            "X": 0.7298285365104675,
            "Y": 0.8439511656761169
          },
          {
            "X": 0.9845996499061584,
            "Y": 0.8446245789527893
          },
          {
            "X": 0.9845643639564514,
            "Y": 0.9635338187217712
          },
          {
            "X": 0.7297765016555786,
            "Y": 0.9628684520721436
          }
        ]
      },
      "Id": "7ef01ddd-88b4-4276-9a2b-41dc69103e89",
      "Relationships": [
        {
          "Type": "CHILD",
          "Ids": [
            "845a7f9a-ff48-4621-96d2-c945abfea939"
          ]
        }
      ],
      "Page": 1
    },
    {
      "BlockType": "TABLE_TITLE",
      "Confidence": 94.921875,
      "Geometry": {
        "BoundingBox": {
          "Width": 0.9835596084594727,
          "Height": 0.263584703207016,
          "Left": 0.011053047142922878,
          "Top": 0.00001600260475242976
        },
        "Polygon": [
          {
            "X": 0.011271240189671516,
            "Y": 0.00001600260475242976
          },
          {
            "X": 0.9946126937866211,
            "Y": 0.0028361324220895767
          },
          {
            "X": 0.9945366978645325,
            "Y": 0.2636007070541382
          },
          {
            "X": 0.011053047142922878,
            "Y": 0.2608485817909241
          }
        ]
      },
      "Id": "c72f7d78-982c-402a-aca7-95fbcc11a3c3",
      "Relationships": [
        {
          "Type": "CHILD",
          "Ids": [
            "2d99a72b-43fe-4a2c-a7d8-4a61e64406e4",
            "0f8fc82e-b008-4650-8019-d04e0eae9195",
            "30b7e4af-02e5-4959-b5cf-390bf762f34e",
            "bb2b7634-ffb1-43ae-a6bc-d6f0c14fae65",
            "c06b65c4-8a4f-47d0-8bbe-09c2b33225d3",
            "3f5a9fab-4a85-4cef-a972-0db1db837fdb",
            "cf29b27b-e836-458c-a9b0-ba2cb27fcf17",
            "33519e84-e179-4757-b603-39a6875227cb",
            "ae4ac4be-6799-4c4a-82b1-e6ca5a003cc6"
          ]
        }
      ],
      "Page": 1
    }
  ],
  "AnalyzeDocumentModelVersion": "1.0"
}