{
  "DocumentMetadata": {
    "Pages": 1
  },
  "JobStatus": "SUCCEEDED",
  "Blocks": [
    {
      "BlockType": "PAGE",
      "Geometry": {
        "BoundingBox": {
          "Width": 1,
          "Height": 1,
          "Left": 0,
          "Top": 0
        },
        "Polygon": [
          {
            "X": 0,
            "Y": 0.0000016481006923640962
          },
          {
            "X": 1,
            "Y": 0
          },
          {
            "X": 1,
            "Y": 1
          },
          {
            "X": 0.000004829153112950735,
            "Y": 1
          }
        ]
      },
      "Id": "82c07a9a-6d25-4e65-a3da-c72a63ecc3c9",
      "Relationships": [
        {
          "Type": "CHILD",
          "Ids": [
            "5ba97188-7a95-492a-9a15-f8f32b641b9d",
            "608c0afc-b6ac-4123-82fe-5feb48745025",
            "61c49243-450f-41bf-8b45-19f96fd06628",
            "521162f7-cff1-4893-89e9-94f41dbc1749",
            "84dff8fc-7028-4a7f-915b-8a9fcb9c00b7",
            "99dea797-0680-4bea-881a-9362f3cad4b6",
            "ce3f9dbe-61e5-4c0f-b637-e196b18da2a7",
            "73aaba30-cb52-4a77-a60e-43f4dd67a32b",
            "4a4942ec-73a2-49ee-a5f9-be314a11d4e0",
            "2c964295-67c6-413e-9ab0-dd46b9157758",
            "fb9521b5-4ca1-4d20-86af-270f9dad6f67",
            "daef1e89-d1ab-4300-8536-faf46f4dce55",
            "dce25293-1ae6-45cf-af75-e845b146106d",
            "c9be6cc7-a5e5-4f7b-8f8a-466f491c8974",
            "b91ebfaa-6a02-4885-b4ad-e78f7cf53c73",
            "4bfc6b76-4402-4f7b-8503-a4827d81a5e3",
            "0d887c86-77ce-4bb8-b8c5-61f6652633bd",
            "7cb6a0ce-b102-4034-a01b-b8f871677222",
            "2e3fd8ec-115b-4cb4-9ed8-43f89d5268bb",
            "7b8eab63-850d-4bcb-a61a-f208c1999e1d",
            "86ebab11-aed9-4699-8fb0-f56ac415e04e",
            "5f5dbb07-bc83-4fdd-a440-29f1dcdfab3e",
            "31da5e98-be8e-4144-952b-f5e9a2ff797e",
            "8be382f1-7aaf-44d7-bce6-3dc05bbd3a1c",
            "1e5ec36a-5068-4920-947d-06aba946211d"
          ]
        }
      ],
      "Page": 1
    },
    {
      "BlockType": "LINE",
      "Confidence": 98.93045043945312,
      "Text": "TABLE 3.4.",
      "Geometry": {
        "BoundingBox": {
          "Width": 0.12833541631698608,
          "Height": 0.10018205642700195,
          "Left": 0.4349242150783539,
          "Top": 0.058710042387247086
        },
        "Polygon": [
          {
            "X": 0.4349242150783539,
            "Y": 0.05893178656697273
          },
          {
            "X": 0.5631804466247559,
            "Y": 0.058710042387247086
          },
          {
            "X": 0.5632596611976624,
            "Y": 0.15867774188518524
          },
          {
            "X": 0.43500614166259766,
            "Y": 0.15889210999011993
          }
        ]
      },
      "Id": "5ba97188-7a95-492a-9a15-f8f32b641b9d",
      "Relationships": [
        {
          "Type": "CHILD",
          "Ids": [
            "9911a993-dd25-47da-8530-1cc92d587586",
            "e181db66-b82c-4f0c-9f1d-30302bd15569"
          ]
        }
      ],
      "Page": 1
    },
    {
      "BlockType": "LINE",
      "Confidence": 99.92151641845703,
      "Text": "Number and Percentage of Square and Rectangular Rooms",
      "Geometry": {
        "BoundingBox": {
          "Width": 0.7358815670013428,
          "Height": 0.12030281126499176,
          "Left": 0.1297398954629898,
          "Top": 0.19751602411270142
        },
        "Polygon": [
          {
            "X": 0.1297398954629898,
            "Y": 0.19872921705245972
          },
          {
            "X": 0.8655346632003784,
            "Y": 0.19751602411270142
          },
          {
            "X": 0.8656214475631714,
            "Y": 0.31665605306625366
          },
          {
            "X": 0.12984514236450195,
            "Y": 0.317818820476532
          }
        ]
      },
      "Id": "608c0afc-b6ac-4123-82fe-5feb48745025",
      "Relationships": [
        {
          "Type": "CHILD",
          "Ids": [
            "c909d2d3-0e96-4d66-831e-ac946e506338",
            "4e231127-3cc0-4379-94f0-09f049fb1374",
            "8c186435-26be-4030-8ee5-a01a98f68b57",
            "a63eda99-0ad7-4cd8-95c5-5f8d5f4effeb",
            "dd73bc3e-9d3f-45c8-bfe3-9743b342e368",
            "d02ae85b-4eee-41b4-8777-01d01827dabf",
            "5155b97e-6712-4ea1-aa4a-148bb2c43bb1",
            "4da861f0-bb53-4a58-9409-aefb3c473ee9"
          ]
        }
      ],
      "Page": 1
    },
    {
      "BlockType": "LINE",
      "Confidence": 99.84864807128906,
      "Text": "Square",
      "Geometry": {
        "BoundingBox": {
          "Width": 0.07760161906480789,
          "Height": 0.10092775523662567,
          "Left": 0.1270233690738678,
          "Top": 0.374416708946228
        },
        "Polygon": [
          {
            "X": 0.1270233690738678,
            "Y": 0.3745366632938385
          },
          {
            "X": 0.20453748106956482,
            "Y": 0.374416708946228
          },
          {
            "X": 0.2046249955892563,
            "Y": 0.4752289652824402
          },
          {
            "X": 0.1271125227212906,
            "Y": 0.4753444492816925
          }
        ]
      },
      "Id": "61c49243-450f-41bf-8b45-19f96fd06628",
      "Relationships": [
        {
          "Type": "CHILD",
          "Ids": [
            "e773bd96-9e04-4823-9e6f-b25f5849cfcd"
          ]
        }
      ],
      "Page": 1
    },
    {
      "BlockType": "LINE",
      "Confidence": 99.47750091552734,
      "Text": "Rectangular",
      "Geometry": {
        "BoundingBox": {
          "Width": 0.13630811870098114,
          "Height": 0.11288730055093765,
          "Left": 0.2633863091468811,
          "Top": 0.3623945713043213
        },
        "Polygon": [
          {
            "X": 0.2633863091468811,
            "Y": 0.36260631680488586
          },
          {
            "X": 0.3996012210845947,
            "Y": 0.3623945713043213
          },
          {
            "X": 0.39969441294670105,
            "Y": 0.4750789701938629
          },
          {
            "X": 0.2634827196598053,
            "Y": 0.47528189420700073
          }
        ]
      },
      "Id": "521162f7-cff1-4893-89e9-94f41dbc1749",
      "Relationships": [
        {
          "Type": "CHILD",
          "Ids": [
            "cb3bbb79-ddc7-4d12-9b94-5cebaf83b065"
          ]
        }
      ],
      "Page": 1
    },
    {
      "BlockType": "LINE",
      "Confidence": 99.9406509399414,
      "Text": "Total",
      "Geometry": {
        "BoundingBox": {
          "Width": 0.05697282776236534,
          "Height": 0.08128713071346283,
          "Left": 0.4546436667442322,
          "Top": 0.36347678303718567
        },
        "Polygon": [
          {
            "X": 0.4546436667442322,
            "Y": 0.36356520652770996
          },
          {
            "X": 0.5115512609481812,
            "Y": 0.36347678303718567
          },
          {
            "X": 0.5116164684295654,
            "Y": 0.4446781575679779
          },
          {
            "X": 0.45470985770225525,
            "Y": 0.4447638988494873
          }
        ]
      },
      "Id": "84dff8fc-7028-4a7f-915b-8a9fcb9c00b7",
      "Relationships": [
        {
          "Type": "CHILD",
          "Ids": [
            "17f96e9a-90c8-48c5-b8f3-2d8414cd995c"
          ]
        }
      ],
      "Page": 1
    },
    {
      "BlockType": "LINE",
      "Confidence": 99.82260131835938,
      "Text": "North-South",
      "Geometry": {
        "BoundingBox": {
          "Width": 0.1489429473876953,
          "Height": 0.08199086785316467,
          "Left": 0.5636084079742432,
          "Top": 0.360507607460022
        },
        "Polygon": [
          {
            "X": 0.5636084079742432,
            "Y": 0.36073917150497437
          },
          {
            "X": 0.712489128112793,
            "Y": 0.360507607460022
          },
          {
            "X": 0.7125513553619385,
            "Y": 0.44227391481399536
          },
          {
            "X": 0.563673198223114,
            "Y": 0.44249847531318665
          }
        ]
      },
      "Id": "99dea797-0680-4bea-881a-9362f3cad4b6",
      "Relationships": [
        {
          "Type": "CHILD",
          "Ids": [
            "7d51a757-fbf1-45cf-9530-f6f98cc04ea9"
          ]
        }
      ],
      "Page": 1
    },
    {
      "BlockType": "LINE",
      "Confidence": 99.18987274169922,
      "Text": "East-West",
      "Geometry": {
        "BoundingBox": {
          "Width": 0.11033318936824799,
          "Height": 0.07738178223371506,
          "Left": 0.7659955024719238,
          "Top": 0.35968783497810364
        },
        "Polygon": [
          {
            "X": 0.7659955024719238,
            "Y": 0.3598593771457672
          },
          {
            "X": 0.8762725591659546,
            "Y": 0.35968783497810364
          },
          {
            "X": 0.8763286471366882,
            "Y": 0.4369029700756073
          },
          {
            "X": 0.7660533785820007,
            "Y": 0.4370696246623993
          }
        ]
      },
      "Id": "ce3f9dbe-61e5-4c0f-b637-e196b18da2a7",
      "Relationships": [
        {
          "Type": "CHILD",
          "Ids": [
            "46d8b2ab-93ca-48a8-baeb-c46abc6ac48e"
          ]
        }
      ],
      "Page": 1
    },
    {
      "BlockType": "LINE",
      "Confidence": 99.87366485595703,
      "Text": "Total",
      "Geometry": {
        "BoundingBox": {
          "Width": 0.05705681070685387,
          "Height": 0.07973722368478775,
          "Left": 0.9191499948501587,
          "Top": 0.3541472852230072
        },
        "Polygon": [
          {
            "X": 0.9191499948501587,
            "Y": 0.3542361557483673
          },
          {
            "X": 0.976150631904602,
            "Y": 0.3541472852230072
          },
          {
            "X": 0.9762067794799805,
            "Y": 0.43379828333854675
          },
          {
            "X": 0.9192071557044983,
            "Y": 0.43388453125953674
          }
        ]
      },
      "Id": "73aaba30-cb52-4a77-a60e-43f4dd67a32b",
      "Relationships": [
        {
          "Type": "CHILD",
          "Ids": [
            "7b085ede-9aac-4c21-aa45-5992462e82b3"
          ]
        }
      ],
      "Page": 1
    },
    {
      "BlockType": "LINE",
      "Confidence": 99.74179077148438,
      "Text": "N",
      "Geometry": {
        "BoundingBox": {
          "Width": 0.023038655519485474,
          "Height": 0.07704591006040573,
          "Left": 0.016070351004600525,
          "Top": 0.5202707648277283
        },
        "Polygon": [
          {
            "X": 0.016070351004600525,
            "Y": 0.5203043818473816
          },
          {
            "X": 0.03903946653008461,
            "Y": 0.5202707648277283
          },
          {
            "X": 0.039109006524086,
            "Y": 0.5972840189933777
          },
          {
            "X": 0.01614026352763176,
            "Y": 0.5973166227340698
          }
        ]
      },
      "Id": "4a4942ec-73a2-49ee-a5f9-be314a11d4e0",
      "Relationships": [
        {
          "Type": "CHILD",
          "Ids": [
            "2f3dbbcc-51bd-461b-905d-97cdb03908d4"
          ]
        }
      ],
      "Page": 1
    },
    {
      "BlockType": "LINE",
      "Confidence": 99.91334533691406,
      "Text": "243",
      "Geometry": {
        "BoundingBox": {
          "Width": 0.03914357349276543,
          "Height": 0.07351697236299515,
          "Left": 0.14568303525447845,
          "Top": 0.5211167335510254
        },
        "Polygon": [
          {
            "X": 0.14568303525447845,
            "Y": 0.521173894405365
          },
          {
            "X": 0.18476253747940063,
            "Y": 0.5211167335510254
          },
          {
            "X": 0.18482661247253418,
            "Y": 0.5945781469345093
          },
          {
            "X": 0.14574772119522095,
            "Y": 0.5946336984634399
          }
        ]
      },
      "Id": "2c964295-67c6-413e-9ab0-dd46b9157758",
      "Relationships": [
        {
          "Type": "CHILD",
          "Ids": [
            "f8a461e0-4e22-421f-b979-4ebd2530d4aa"
          ]
        }
      ],
      "Page": 1
    },
    {
      "BlockType": "LINE",
      "Confidence": 99.91087341308594,
      "Text": "204",
      "Geometry": {
        "BoundingBox": {
          "Width": 0.04131767153739929,
          "Height": 0.07430233061313629,
          "Left": 0.30934229493141174,
          "Top": 0.5177584886550903
        },
        "Polygon": [
          {
            "X": 0.30934229493141174,
            "Y": 0.5178189277648926
          },
          {
            "X": 0.3505977988243103,
            "Y": 0.5177584886550903
          },
          {
            "X": 0.35065996646881104,
            "Y": 0.5920020937919617
          },
          {
            "X": 0.3094050884246826,
            "Y": 0.5920608043670654
          }
        ]
      },
      "Id": "fb9521b5-4ca1-4d20-86af-270f9dad6f67",
      "Relationships": [
        {
          "Type": "CHILD",
          "Ids": [
            "9affe852-7ab6-4abd-b6d2-3ba2de73ccd7"
          ]
        }
      ],
      "Page": 1
    },
    {
      "BlockType": "LINE",
      "Confidence": 99.98650360107422,
      "Text": "447",
      "Geometry": {
        "BoundingBox": {
          "Width": 0.04121340438723564,
          "Height": 0.07278316468000412,
          "Left": 0.4623503088951111,
          "Top": 0.5156341791152954
        },
        "Polygon": [
          {
            "X": 0.4623503088951111,
            "Y": 0.5156945586204529
          },
          {
            "X": 0.5035051703453064,
            "Y": 0.5156341791152954
          },
          {
            "X": 0.5035637021064758,
            "Y": 0.5883587598800659
          },
          {
            "X": 0.46240949630737305,
            "Y": 0.5884173512458801
          }
        ]
      },
      "Id": "daef1e89-d1ab-4300-8536-faf46f4dce55",
      "Relationships": [
        {
          "Type": "CHILD",
          "Ids": [
            "2c8b8a2f-b33a-4af3-9c15-9cbfc6a73d91"
          ]
        }
      ],
      "Page": 1
    },
    {
      "BlockType": "LINE",
      "Confidence": 99.85089111328125,
      "Text": "227",
      "Geometry": {
        "BoundingBox": {
          "Width": 0.0407649390399456,
          "Height": 0.07343760877847672,
          "Left": 0.6177859306335449,
          "Top": 0.5107846856117249
        },
        "Polygon": [
          {
            "X": 0.6177859306335449,
            "Y": 0.5108444690704346
          },
          {
            "X": 0.6584941744804382,
            "Y": 0.5107846856117249
          },
          {
            "X": 0.6585508584976196,
            "Y": 0.5841642022132874
          },
          {
            "X": 0.6178432106971741,
            "Y": 0.5842222571372986
          }
        ]
      },
      "Id": "dce25293-1ae6-45cf-af75-e845b146106d",
      "Relationships": [
        {
          "Type": "CHILD",
          "Ids": [
            "08f49ed9-1878-435a-9332-cde963a06650"
          ]
        }
      ],
      "Page": 1
    },
    {
      "BlockType": "LINE",
      "Confidence": 99.95609283447266,
      "Text": "213",
      "Geometry": {
        "BoundingBox": {
          "Width": 0.03977793827652931,
          "Height": 0.07881209254264832,
          "Left": 0.7991558313369751,
          "Top": 0.5014830231666565
        },
        "Polygon": [
          {
            "X": 0.7991558313369751,
            "Y": 0.5015415549278259
          },
          {
            "X": 0.838875949382782,
            "Y": 0.5014830231666565
          },
          {
            "X": 0.8389337658882141,
            "Y": 0.5802383422851562
          },
          {
            "X": 0.7992143630981445,
            "Y": 0.5802950859069824
          }
        ]
      },
      "Id": "c9be6cc7-a5e5-4f7b-8f8a-466f491c8974",
      "Relationships": [
        {
          "Type": "CHILD",
          "Ids": [
            "4dce4cf2-5fbd-4f04-a482-00dc393bf1ac"
          ]
        }
      ],
      "Page": 1
    },
    {
      "BlockType": "LINE",
      "Confidence": 99.9593276977539,
      "Text": "440",
      "Geometry": {
        "BoundingBox": {
          "Width": 0.041408970952034,
          "Height": 0.07397904247045517,
          "Left": 0.9272850155830383,
          "Top": 0.5034249424934387
        },
        "Polygon": [
          {
            "X": 0.9272850155830383,
            "Y": 0.5034858584403992
          },
          {
            "X": 0.9686416983604431,
            "Y": 0.5034249424934387
          },
          {
            "X": 0.9686939716339111,
            "Y": 0.5773448348045349
          },
          {
            "X": 0.9273378849029541,
            "Y": 0.5774040222167969
          }
        ]
      },
      "Id": "b91ebfaa-6a02-4885-b4ad-e78f7cf53c73",
      "Relationships": [
        {
          "Type": "CHILD",
          "Ids": [
            "04028bd4-7174-4197-8672-49d7ec22a0be"
          ]
        }
      ],
      "Page": 1
    },
    {
      "BlockType": "LINE",
      "Confidence": 99.7645034790039,
      "Text": "%",
      "Geometry": {
        "BoundingBox": {
          "Width": 0.02349652163684368,
          "Height": 0.07851263880729675,
          "Left": 0.016664404422044754,
          "Top": 0.6406676769256592
        },
        "Polygon": [
          {
            "X": 0.016664404422044754,
            "Y": 0.6407003998756409
          },
          {
            "X": 0.04009007662534714,
            "Y": 0.6406676769256592
          },
          {
            "X": 0.040160924196243286,
            "Y": 0.7191487550735474
          },
          {
            "X": 0.016735641285777092,
            "Y": 0.7191803455352783
          }
        ]
      },
      "Id": "4bfc6b76-4402-4f7b-8503-a4827d81a5e3",
      "Relationships": [
        {
          "Type": "CHILD",
          "Ids": [
            "e5ff10d8-4961-4c61-8d2e-458cb97a6056"
          ]
        }
      ],
      "Page": 1
    },
    {
      "BlockType": "LINE",
      "Confidence": 99.88809204101562,
      "Text": "54",
      "Geometry": {
        "BoundingBox": {
          "Width": 0.02617271989583969,
          "Height": 0.07046662271022797,
          "Left": 0.15327680110931396,
          "Top": 0.6441020369529724
        },
        "Polygon": [
          {
            "X": 0.15327680110931396,
            "Y": 0.6441383957862854
          },
          {
            "X": 0.17938800156116486,
            "Y": 0.6441020369529724
          },
          {
            "X": 0.17944952845573425,
            "Y": 0.7145333886146545
          },
          {
            "X": 0.1533387005329132,
            "Y": 0.7145686745643616
          }
        ]
      },
      "Id": "0d887c86-77ce-4bb8-b8c5-61f6652633bd",
      "Relationships": [
        {
          "Type": "CHILD",
          "Ids": [
            "330ee2f8-ccc5-46b1-b4a9-ce9a9b073f4f"
          ]
        }
      ],
      "Page": 1
    },
    {
      "BlockType": "LINE",
      "Confidence": 99.98653411865234,
      "Text": "46",
      "Geometry": {
        "BoundingBox": {
          "Width": 0.02728058211505413,
          "Height": 0.0737980529665947,
          "Left": 0.31641730666160583,
          "Top": 0.637864351272583
        },
        "Polygon": [
          {
            "X": 0.31641730666160583,
            "Y": 0.6379023194313049
          },
          {
            "X": 0.34363603591918945,
            "Y": 0.637864351272583
          },
          {
            "X": 0.3436979055404663,
            "Y": 0.7116255164146423
          },
          {
            "X": 0.3164796233177185,
            "Y": 0.7116624116897583
          }
        ]
      },
      "Id": "7cb6a0ce-b102-4034-a01b-b8f871677222",
      "Relationships": [
        {
          "Type": "CHILD",
          "Ids": [
            "f6bf34b6-d1e7-41b3-86bc-daaac29a6978"
          ]
        }
      ],
      "Page": 1
    },
    {
      "BlockType": "LINE",
      "Confidence": 99.94974517822266,
      "Text": "100",
      "Geometry": {
        "BoundingBox": {
          "Width": 0.03844339773058891,
          "Height": 0.07296063750982285,
          "Left": 0.4654746651649475,
          "Top": 0.6356098651885986
        },
        "Polygon": [
          {
            "X": 0.4654746651649475,
            "Y": 0.6356635093688965
          },
          {
            "X": 0.5038594007492065,
            "Y": 0.6356098651885986
          },
          {
            "X": 0.5039180517196655,
            "Y": 0.7085184454917908
          },
          {
            "X": 0.46553394198417664,
            "Y": 0.7085704803466797
          }
        ]
      },
      "Id": "2e3fd8ec-115b-4cb4-9ed8-43f89d5268bb",
      "Relationships": [
        {
          "Type": "CHILD",
          "Ids": [
            "5f60bee1-8827-4ea9-8759-1a337970b246"
          ]
        }
      ],
      "Page": 1
    },
    {
      "BlockType": "LINE",
      "Confidence": 99.96800994873047,
      "Text": "52",
      "Geometry": {
        "BoundingBox": {
          "Width": 0.025791451334953308,
          "Height": 0.07267274707555771,
          "Left": 0.6255856156349182,
          "Top": 0.6323318481445312
        },
        "Polygon": [
          {
            "X": 0.6255856156349182,
            "Y": 0.6323679089546204
          },
          {
            "X": 0.6513208150863647,
            "Y": 0.6323318481445312
          },
          {
            "X": 0.6513770222663879,
            "Y": 0.7049697041511536
          },
          {
            "X": 0.6256421804428101,
            "Y": 0.7050046324729919
          }
        ]
      },
      "Id": "7b8eab63-850d-4bcb-a61a-f208c1999e1d",
      "Relationships": [
        {
          "Type": "CHILD",
          "Ids": [
            "ebc5d4f8-0b32-4890-aa22-da21b053bfd7"
          ]
        }
      ],
      "Page": 1
    },
    {
      "BlockType": "LINE",
      "Confidence": 99.937744140625,
      "Text": "48",
      "Geometry": {
        "BoundingBox": {
          "Width": 0.02657119743525982,
          "Height": 0.07169483602046967,
          "Left": 0.8067892789840698,
          "Top": 0.628585159778595
        },
        "Polygon": [
          {
            "X": 0.8067892789840698,
            "Y": 0.62862229347229
          },
          {
            "X": 0.8333077430725098,
            "Y": 0.628585159778595
          },
          {
            "X": 0.8333604335784912,
            "Y": 0.7002439498901367
          },
          {
            "X": 0.8068423867225647,
            "Y": 0.7002800107002258
          }
        ]
      },
      "Id": "86ebab11-aed9-4699-8fb0-f56ac415e04e",
      "Relationships": [
        {
          "Type": "CHILD",
          "Ids": [
            "8c1a29ae-f70a-4296-8327-4e81f05bdcaf"
          ]
        }
      ],
      "Page": 1
    },
    {
      "BlockType": "LINE",
      "Confidence": 99.9384536743164,
      "Text": "100",
      "Geometry": {
        "BoundingBox": {
          "Width": 0.038790784776210785,
          "Height": 0.075687937438488,
          "Left": 0.9298023581504822,
          "Top": 0.6228960156440735
        },
        "Polygon": [
          {
            "X": 0.9298023581504822,
            "Y": 0.6229504346847534
          },
          {
            "X": 0.9685397148132324,
            "Y": 0.6228960156440735
          },
          {
            "X": 0.968593180179596,
            "Y": 0.6985312700271606
          },
          {
            "X": 0.9298564791679382,
            "Y": 0.6985839605331421
          }
        ]
      },
      "Id": "5f5dbb07-bc83-4fdd-a440-29f1dcdfab3e",
      "Relationships": [
        {
          "Type": "CHILD",
          "Ids": [
            "b3526ed8-90a0-4cb8-b57d-d3568ffc74e7"
          ]
        }
      ],
      "Page": 1
    },
    {
      "BlockType": "LINE",
      "Confidence": 99.953369140625,
      "Text": "Note: Seven rooms had identical length and width measurements and could not be measured for",
      "Geometry": {
        "BoundingBox": {
          "Width": 0.9594695568084717,
          "Height": 0.10405325144529343,
          "Left": 0.016931209713220596,
          "Top": 0.7621098756790161
        },
        "Polygon": [
          {
            "X": 0.016931209713220596,
            "Y": 0.7633803486824036
          },
          {
            "X": 0.9763281941413879,
            "Y": 0.7621098756790161
          },
          {
            "X": 0.9764007329940796,
            "Y": 0.8649494051933289
          },
          {
            "X": 0.017024504020810127,
            "Y": 0.8661631345748901
          }
        ]
      },
      "Id": "31da5e98-be8e-4144-952b-f5e9a2ff797e",
      "Relationships": [
        {
          "Type": "CHILD",
          "Ids": [
            "a04234a0-6f16-403c-8b3f-04cfa9632543",
            "d8feacfe-ffcd-4518-a551-4814f0bc366c",
            "54792394-be58-4a98-8cbf-4a5d3ee68dbe",
            "a77e0c6f-970b-4e1c-9803-7e574c7c2c6e",
            "8aa426e0-eefe-4216-9cb2-03c3f04a567d",
            "037c15c5-5ad8-41b3-b124-9d766ffcc2a8",
            "ba14d4e8-e60d-4ffd-b2ff-5696f0127da7",
            "ec2a6f5c-f789-4bb9-9988-2f922d833080",
            "f69b3a47-3a00-46e1-814b-a5e19c8df938",
            "5947ffd1-23e9-4efd-8a9e-25b1717d6edd",
            "b2e7a7db-3839-4211-a887-4debc9ccd1ce",
            "fde29d3b-35e0-409b-8477-06394821bad2",
            "db13311c-2cc5-4a87-a151-db97252119af",
            "3a8b577a-3f18-4b66-85fc-8a46d6ebbdee",
            "0ace76f9-9fa5-4f8e-bbe2-8c9eeec52bad"
          ]
        }
      ],
      "Page": 1
    },
    {
      "BlockType": "LINE",
      "Confidence": 98.24462890625,
      "Text": "orientation.",
      "Geometry": {
        "BoundingBox": {
          "Width": 0.11278589814901352,
          "Height": 0.06778892129659653,
          "Left": 0.01728697493672371,
          "Top": 0.8962405323982239
        },
        "Polygon": [
          {
            "X": 0.01728697493672371,
            "Y": 0.8963811993598938
          },
          {
            "X": 0.13001307845115662,
            "Y": 0.8962405323982239
          },
          {
            "X": 0.13007287681102753,
            "Y": 0.9638931751251221
          },
          {
            "X": 0.01734837517142296,
            "Y": 0.9640294313430786
          }
        ]
      },
      "Id": "8be382f1-7aaf-44d7-bce6-3dc05bbd3a1c",
      "Relationships": [
        {
          "Type": "CHILD",
          "Ids": [
            "c01eeda9-01d0-4b7a-a151-22bd6dc17d7a"
          ]
        }
      ],
      "Page": 1
    },
    {
      "BlockType": "WORD",
      "Confidence": 99.75281524658203,
      "Text": "TABLE",
      "TextType": "PRINTED",
      "Geometry": {
        "BoundingBox": {
          "Width": 0.07958746701478958,
          "Height": 0.0861620083451271,
          "Left": 0.4349242150783539,
          "Top": 0.058794308453798294
        },
        "Polygon": [
          {
            "X": 0.4349242150783539,
            "Y": 0.05893178656697273
          },
          {
            "X": 0.5144426226615906,
            "Y": 0.058794308453798294
          },
          {
            "X": 0.5145117044448853,
            "Y": 0.14482277631759644
          },
          {
            "X": 0.43499472737312317,
            "Y": 0.1449563205242157
          }
        ]
      },
      "Id": "9911a993-dd25-47da-8530-1cc92d587586",
      "Page": 1
    },
    {
      "BlockType": "WORD",
      "Confidence": 98.10809326171875,
      "Text": "3.4.",
      "TextType": "PRINTED",
      "Geometry": {
        "BoundingBox": {
          "Width": 0.042043522000312805,
          "Height": 0.08183848112821579,
          "Left": 0.521216094493866,
          "Top": 0.07690941542387009
        },
        "Polygon": [
          {
            "X": 0.521216094493866,
            "Y": 0.0769815519452095
          },
          {
            "X": 0.5631948709487915,
            "Y": 0.07690941542387009
          },
          {
            "X": 0.5632596611976624,
            "Y": 0.15867774188518524
          },
          {
            "X": 0.5212815999984741,
            "Y": 0.15874789655208588
          }
        ]
      },
      "Id": "e181db66-b82c-4f0c-9f1d-30302bd15569",
      "Page": 1
    },
    {
      "BlockType": "WORD",
      "Confidence": 99.98817443847656,
      "Text": "Number",
      "TextType": "PRINTED",
      "Geometry": {
        "BoundingBox": {
          "Width": 0.10645176470279694,
          "Height": 0.08823497593402863,
          "Left": 0.1297478973865509,
          "Top": 0.2076096087694168
        },
        "Polygon": [
          {
            "X": 0.1297478973865509,
            "Y": 0.20778445899486542
          },
          {
            "X": 0.23612380027770996,
            "Y": 0.2076096087694168
          },
          {
            "X": 0.23619966208934784,
            "Y": 0.295675128698349
          },
          {
            "X": 0.12982572615146637,
            "Y": 0.29584458470344543
          }
        ]
      },
      "Id": "c909d2d3-0e96-4d66-831e-ac946e506338",
      "Page": 1
    },
    {
      "BlockType": "WORD",
      "Confidence": 99.99264526367188,
      "Text": "and",
      "TextType": "PRINTED",
      "Geometry": {
        "BoundingBox": {
          "Width": 0.04697788879275322,
          "Height": 0.08820073306560516,
          "Left": 0.2428549975156784,
          "Top": 0.20605675876140594
        },
        "Polygon": [
          {
            "X": 0.2428549975156784,
            "Y": 0.2061338871717453
          },
          {
            "X": 0.28975796699523926,
            "Y": 0.20605675876140594
          },
          {
            "X": 0.2898328900337219,
            "Y": 0.29418274760246277
          },
          {
            "X": 0.24293076992034912,
            "Y": 0.2942574918270111
          }
        ]
      },
      "Id": "4e231127-3cc0-4379-94f0-09f049fb1374",
      "Page": 1
    },
    {
      "BlockType": "WORD",
      "Confidence": 99.95674133300781,
      "Text": "Percentage",
      "TextType": "PRINTED",
      "Geometry": {
        "BoundingBox": {
          "Width": 0.13296298682689667,
          "Height": 0.10796632617712021,
          "Left": 0.2982293367385864,
          "Top": 0.2095862627029419
        },
        "Polygon": [
          {
            "X": 0.2982293367385864,
            "Y": 0.2098044753074646
          },
          {
            "X": 0.4311039447784424,
            "Y": 0.2095862627029419
          },
          {
            "X": 0.4311923384666443,
            "Y": 0.317342609167099
          },
          {
            "X": 0.2983207404613495,
            "Y": 0.3175525963306427
          }
        ]
      },
      "Id": "8c186435-26be-4030-8ee5-a01a98f68b57",
      "Page": 1
    },
    {
      "BlockType": "WORD",
      "Confidence": 99.99224853515625,
      "Text": "of",
      "TextType": "PRINTED",
      "Geometry": {
        "BoundingBox": {
          "Width": 0.028684303164482117,
          "Height": 0.08790528029203415,
          "Left": 0.43950891494750977,
          "Top": 0.20243093371391296
        },
        "Polygon": [
          {
            "X": 0.43950891494750977,
            "Y": 0.20247803628444672
          },
          {
            "X": 0.46812185645103455,
            "Y": 0.20243093371391296
          },
          {
            "X": 0.4681932330131531,
            "Y": 0.29029056429862976
          },
          {
            "X": 0.4395808279514313,
            "Y": 0.2903362214565277
          }
        ]
      },
      "Id": "a63eda99-0ad7-4cd8-95c5-5f8d5f4effeb",
      "Page": 1
    },
    {
      "BlockType": "WORD",
      "Confidence": 99.89962768554688,
      "Text": "Square",
      "TextType": "PRINTED",
      "Geometry": {
        "BoundingBox": {
          "Width": 0.08587818592786789,
          "Height": 0.11234799772500992,
          "Left": 0.4733094274997711,
          "Top": 0.20412229001522064
        },
        "Polygon": [
          {
            "X": 0.4733094274997711,
            "Y": 0.20426344871520996
          },
          {
            "X": 0.5590986013412476,
            "Y": 0.20412229001522064
          },
          {
            "X": 0.5591875910758972,
            "Y": 0.31633469462394714
          },
          {
            "X": 0.4734004735946655,
            "Y": 0.31647029519081116
          }
        ]
      },
      "Id": "dd73bc3e-9d3f-45c8-bfe3-9743b342e368",
      "Page": 1
    },
    {
      "BlockType": "WORD",
      "Confidence": 99.99458312988281,
      "Text": "and",
      "TextType": "PRINTED",
      "Geometry": {
        "BoundingBox": {
          "Width": 0.047057144343853,
          "Height": 0.0891035869717598,
          "Left": 0.5665823817253113,
          "Top": 0.19912850856781006
        },
        "Polygon": [
          {
            "X": 0.5665823817253113,
            "Y": 0.19920594990253448
          },
          {
            "X": 0.6135699152946472,
            "Y": 0.19912850856781006
          },
          {
            "X": 0.6136395335197449,
            "Y": 0.28815707564353943
          },
          {
            "X": 0.5666528344154358,
            "Y": 0.28823208808898926
          }
        ]
      },
      "Id": "d02ae85b-4eee-41b4-8777-01d01827dabf",
      "Page": 1
    },
    {
      "BlockType": "WORD",
      "Confidence": 99.58906555175781,
      "Text": "Rectangular",
      "TextType": "PRINTED",
      "Geometry": {
        "BoundingBox": {
          "Width": 0.14844398200511932,
          "Height": 0.11645033210515976,
          "Left": 0.6220651865005493,
          "Top": 0.19767284393310547
        },
        "Polygon": [
          {
            "X": 0.6220651865005493,
            "Y": 0.19791746139526367
          },
          {
            "X": 0.7704221606254578,
            "Y": 0.19767284393310547
          },
          {
            "X": 0.7705091834068298,
            "Y": 0.3138884902000427
          },
          {
            "X": 0.6221558451652527,
            "Y": 0.3141231834888458
          }
        ]
      },
      "Id": "5155b97e-6712-4ea1-aa4a-148bb2c43bb1",
      "Page": 1
    },
    {
      "BlockType": "WORD",
      "Confidence": 99.95906829833984,
      "Text": "Rooms",
      "TextType": "PRINTED",
      "Geometry": {
        "BoundingBox": {
          "Width": 0.08802040666341782,
          "Height": 0.08332376182079315,
          "Left": 0.7775772213935852,
          "Top": 0.20076589286327362
        },
        "Polygon": [
          {
            "X": 0.7775772213935852,
            "Y": 0.2009107619524002
          },
          {
            "X": 0.8655369877815247,
            "Y": 0.20076589286327362
          },
          {
            "X": 0.8655976057052612,
            "Y": 0.28394898772239685
          },
          {
            "X": 0.7776393890380859,
            "Y": 0.2840896546840668
          }
        ]
      },
      "Id": "4da861f0-bb53-4a58-9409-aefb3c473ee9",
      "Page": 1
    },
    {
      "BlockType": "WORD",
      "Confidence": 99.84864807128906,
      "Text": "Square",
      "TextType": "PRINTED",
      "Geometry": {
        "BoundingBox": {
          "Width": 0.07760161906480789,
          "Height": 0.10092775523662567,
          "Left": 0.1270233690738678,
          "Top": 0.374416708946228
        },
        "Polygon": [
          {
            "X": 0.1270233690738678,
            "Y": 0.3745366632938385
          },
          {
            "X": 0.20453748106956482,
            "Y": 0.374416708946228
          },
          {
            "X": 0.2046249955892563,
            "Y": 0.4752289652824402
          },
          {
            "X": 0.1271125227212906,
            "Y": 0.4753444492816925
          }
        ]
      },
      "Id": "e773bd96-9e04-4823-9e6f-b25f5849cfcd",
      "Page": 1
    },
    {
      "BlockType": "WORD",
      "Confidence": 99.47750091552734,
      "Text": "Rectangular",
      "TextType": "PRINTED",
      "Geometry": {
        "BoundingBox": {
          "Width": 0.13630811870098114,
          "Height": 0.11288730055093765,
          "Left": 0.2633863091468811,
          "Top": 0.3623945713043213
        },
        "Polygon": [
          {
            "X": 0.2633863091468811,
            "Y": 0.36260631680488586
          },
          {
            "X": 0.3996012210845947,
            "Y": 0.3623945713043213
          },
          {
            "X": 0.39969441294670105,
            "Y": 0.4750789701938629
          },
          {
            "X": 0.2634827196598053,
            "Y": 0.47528189420700073
          }
        ]
      },
      "Id": "cb3bbb79-ddc7-4d12-9b94-5cebaf83b065",
      "Page": 1
    },
    {
      "BlockType": "WORD",
      "Confidence": 99.9406509399414,
      "Text": "Total",
      "TextType": "PRINTED",
      "Geometry": {
        "BoundingBox": {
          "Width": 0.05697282776236534,
          "Height": 0.08128713071346283,
          "Left": 0.4546436667442322,
          "Top": 0.36347678303718567
        },
        "Polygon": [
          {
            "X": 0.4546436667442322,
            "Y": 0.36356520652770996
          },
          {
            "X": 0.5115512609481812,
            "Y": 0.36347678303718567
          },
          {
            "X": 0.5116164684295654,
            "Y": 0.4446781575679779
          },
          {
            "X": 0.45470985770225525,
            "Y": 0.4447638988494873
          }
        ]
      },
      "Id": "17f96e9a-90c8-48c5-b8f3-2d8414cd995c",
      "Page": 1
    },
    {
      "BlockType": "WORD",
      "Confidence": 99.82260131835938,
      "Text": "North-South",
      "TextType": "PRINTED",
      "Geometry": {
        "BoundingBox": {
          "Width": 0.1489429473876953,
          "Height": 0.08199086785316467,
          "Left": 0.5636084079742432,
          "Top": 0.360507607460022
        },
        "Polygon": [
          {
            "X": 0.5636084079742432,
            "Y": 0.36073917150497437
          },
          {
            "X": 0.712489128112793,
            "Y": 0.360507607460022
          },
          {
            "X": 0.7125513553619385,
            "Y": 0.44227391481399536
          },
          {
            "X": 0.563673198223114,
            "Y": 0.44249847531318665
          }
        ]
      },
      "Id": "7d51a757-fbf1-45cf-9530-f6f98cc04ea9",
      "Page": 1
    },
    {
      "BlockType": "WORD",
      "Confidence": 99.18987274169922,
      "Text": "East-West",
      "TextType": "PRINTED",
      "Geometry": {
        "BoundingBox": {
          "Width": 0.11033318936824799,
          "Height": 0.07738178223371506,
          "Left": 0.7659955024719238,
          "Top": 0.35968783497810364
        },
        "Polygon": [
          {
            "X": 0.7659955024719238,
            "Y": 0.3598593771457672
          },
          {
            "X": 0.8762725591659546,
            "Y": 0.35968783497810364
          },
          {
            "X": 0.8763286471366882,
            "Y": 0.4369029700756073
          },
          {
            "X": 0.7660533785820007,
            "Y": 0.4370696246623993
          }
        ]
      },
      "Id": "46d8b2ab-93ca-48a8-baeb-c46abc6ac48e",
      "Page": 1
    },
    {
      "BlockType": "WORD",
      "Confidence": 99.87366485595703,
      "Text": "Total",
      "TextType": "PRINTED",
      "Geometry": {
        "BoundingBox": {
          "Width": 0.05705681070685387,
          "Height": 0.07973722368478775,
          "Left": 0.9191499948501587,
          "Top": 0.3541472852230072
        },
        "Polygon": [
          {
            "X": 0.9191499948501587,
            "Y": 0.3542361557483673
          },
          {
            "X": 0.976150631904602,
            "Y": 0.3541472852230072
          },
          {
            "X": 0.9762067794799805,
            "Y": 0.43379828333854675
          },
          {
            "X": 0.9192071557044983,
            "Y": 0.43388453125953674
          }
        ]
      },
      "Id": "7b085ede-9aac-4c21-aa45-5992462e82b3",
      "Page": 1
    },
    {
      "BlockType": "WORD",
      "Confidence": 99.74179077148438,
      "Text": "N",
      "TextType": "PRINTED",
      "Geometry": {
        "BoundingBox": {
          "Width": 0.023038655519485474,
          "Height": 0.07704591006040573,
          "Left": 0.016070351004600525,
          "Top": 0.5202707648277283
        },
        "Polygon": [
          {
            "X": 0.016070351004600525,
            "Y": 0.5203043818473816
          },
          {
            "X": 0.03903946653008461,
            "Y": 0.5202707648277283
          },
          {
            "X": 0.039109006524086,
            "Y": 0.5972840189933777
          },
          {
            "X": 0.01614026352763176,
            "Y": 0.5973166227340698
          }
        ]
      },
      "Id": "2f3dbbcc-51bd-461b-905d-97cdb03908d4",
      "Page": 1
    },
    {
      "BlockType": "WORD",
      "Confidence": 99.91334533691406,
      "Text": "243",
      "TextType": "PRINTED",
      "Geometry": {
        "BoundingBox": {
          "Width": 0.03914357349276543,
          "Height": 0.07351697236299515,
          "Left": 0.14568303525447845,
          "Top": 0.5211167335510254
        },
        "Polygon": [
          {
            "X": 0.14568303525447845,
            "Y": 0.521173894405365
          },
          {
            "X": 0.18476253747940063,
            "Y": 0.5211167335510254
          },
          {
            "X": 0.18482661247253418,
            "Y": 0.5945781469345093
          },
          {
            "X": 0.14574772119522095,
            "Y": 0.5946336984634399
          }
        ]
      },
      "Id": "f8a461e0-4e22-421f-b979-4ebd2530d4aa",
      "Page": 1
    },
    {
      "BlockType": "WORD",
      "Confidence": 99.91087341308594,
      "Text": "204",
      "TextType": "PRINTED",
      "Geometry": {
        "BoundingBox": {
          "Width": 0.04131767153739929,
          "Height": 0.07430233061313629,
          "Left": 0.30934229493141174,
          "Top": 0.5177584886550903
        },
        "Polygon": [
          {
            "X": 0.30934229493141174,
            "Y": 0.5178189277648926
          },
          {
            "X": 0.3505977988243103,
            "Y": 0.5177584886550903
          },
          {
            "X": 0.35065996646881104,
            "Y": 0.5920020937919617
          },
          {
            "X": 0.3094050884246826,
            "Y": 0.5920608043670654
          }
        ]
      },
      "Id": "9affe852-7ab6-4abd-b6d2-3ba2de73ccd7",
      "Page": 1
    },
    {
      "BlockType": "WORD",
      "Confidence": 99.98650360107422,
      "Text": "447",
      "TextType": "PRINTED",
      "Geometry": {
        "BoundingBox": {
          "Width": 0.04121340438723564,
          "Height": 0.07278316468000412,
          "Left": 0.4623503088951111,
          "Top": 0.5156341791152954
        },
        "Polygon": [
          {
            "X": 0.4623503088951111,
            "Y": 0.5156945586204529
          },
          {
            "X": 0.5035051703453064,
            "Y": 0.5156341791152954
          },
          {
            "X": 0.5035637021064758,
            "Y": 0.5883587598800659
          },
          {
            "X": 0.46240949630737305,
            "Y": 0.5884173512458801
          }
        ]
      },
      "Id": "2c8b8a2f-b33a-4af3-9c15-9cbfc6a73d91",
      "Page": 1
    },
    {
      "BlockType": "WORD",
      "Confidence": 99.85089111328125,
      "Text": "227",
      "TextType": "PRINTED",
      "Geometry": {
        "BoundingBox": {
          "Width": 0.0407649390399456,
          "Height": 0.07343760877847672,
          "Left": 0.6177859306335449,
          "Top": 0.5107846856117249
        },
        "Polygon": [
          {
            "X": 0.6177859306335449,
            "Y": 0.5108444690704346
          },
          {
            "X": 0.6584941744804382,
            "Y": 0.5107846856117249
          },
          {
            "X": 0.6585508584976196,
            "Y": 0.5841642022132874
          },
          {
            "X": 0.6178432106971741,
            "Y": 0.5842222571372986
          }
        ]
      },
      "Id": "08f49ed9-1878-435a-9332-cde963a06650",
      "Page": 1
    },
    {
      "BlockType": "WORD",
      "Confidence": 99.95609283447266,
      "Text": "213",
      "TextType": "PRINTED",
      "Geometry": {
        "BoundingBox": {
          "Width": 0.03977793827652931,
          "Height": 0.07881209254264832,
          "Left": 0.7991558313369751,
          "Top": 0.5014830231666565
        },
        "Polygon": [
          {
            "X": 0.7991558313369751,
            "Y": 0.5015415549278259
          },
          {
            "X": 0.838875949382782,
            "Y": 0.5014830231666565
          },
          {
            "X": 0.8389337658882141,
            "Y": 0.5802383422851562
          },
          {
            "X": 0.7992143630981445,
            "Y": 0.5802950859069824
          }
        ]
      },
      "Id": "4dce4cf2-5fbd-4f04-a482-00dc393bf1ac",
      "Page": 1
    },
    {
      "BlockType": "WORD",
      "Confidence": 99.9593276977539,
      "Text": "440",
      "TextType": "PRINTED",
      "Geometry": {
        "BoundingBox": {
          "Width": 0.041408970952034,
          "Height": 0.07397904247045517,
          "Left": 0.9272850155830383,
          "Top": 0.5034249424934387
        },
        "Polygon": [
          {
            "X": 0.9272850155830383,
            "Y": 0.5034858584403992
          },
          {
            "X": 0.9686416983604431,
            "Y": 0.5034249424934387
          },
          {
            "X": 0.9686939716339111,
            "Y": 0.5773448348045349
          },
          {
            "X": 0.9273378849029541,
            "Y": 0.5774040222167969
          }
        ]
      },
      "Id": "04028bd4-7174-4197-8672-49d7ec22a0be",
      "Page": 1
    },
    {
      "BlockType": "WORD",
      "Confidence": 99.7645034790039,
      "Text": "%",
      "TextType": "PRINTED",
      "Geometry": {
        "BoundingBox": {
          "Width": 0.02349652163684368,
          "Height": 0.07851263880729675,
          "Left": 0.016664404422044754,
          "Top": 0.6406676769256592
        },
        "Polygon": [
          {
            "X": 0.016664404422044754,
            "Y": 0.6407003998756409
          },
          {
            "X": 0.04009007662534714,
            "Y": 0.6406676769256592
          },
          {
            "X": 0.040160924196243286,
            "Y": 0.7191487550735474
          },
          {
            "X": 0.016735641285777092,
            "Y": 0.7191803455352783
          }
        ]
      },
      "Id": "e5ff10d8-4961-4c61-8d2e-458cb97a6056",
      "Page": 1
    },
    {
      "BlockType": "WORD",
      "Confidence": 99.88809204101562,
      "Text": "54",
      "TextType": "PRINTED",
      "Geometry": {
        "BoundingBox": {
          "Width": 0.02617271989583969,
          "Height": 0.07046662271022797,
          "Left": 0.15327680110931396,
          "Top": 0.6441020369529724
        },
        "Polygon": [
          {
            "X": 0.15327680110931396,
            "Y": 0.6441383957862854
          },
          {
            "X": 0.17938800156116486,
            "Y": 0.6441020369529724
          },
          {
            "X": 0.17944952845573425,
            "Y": 0.7145333886146545
          },
          {
            "X": 0.1533387005329132,
            "Y": 0.7145686745643616
          }
        ]
      },
      "Id": "330ee2f8-ccc5-46b1-b4a9-ce9a9b073f4f",
      "Page": 1
    },
    {
      "BlockType": "WORD",
      "Confidence": 99.98653411865234,
      "Text": "46",
      "TextType": "PRINTED",
      "Geometry": {
        "BoundingBox": {
          "Width": 0.02728058211505413,
          "Height": 0.0737980529665947,
          "Left": 0.31641730666160583,
          "Top": 0.637864351272583
        },
        "Polygon": [
          {
            "X": 0.31641730666160583,
            "Y": 0.6379023194313049
          },
          {
            "X": 0.34363603591918945,
            "Y": 0.637864351272583
          },
          {
            "X": 0.3436979055404663,
            "Y": 0.7116255164146423
          },
          {
            "X": 0.3164796233177185,
            "Y": 0.7116624116897583
          }
        ]
      },
      "Id": "f6bf34b6-d1e7-41b3-86bc-daaac29a6978",
      "Page": 1
    },
    {
      "BlockType": "WORD",
      "Confidence": 99.94974517822266,
      "Text": "100",
      "TextType": "PRINTED",
      "Geometry": {
        "BoundingBox": {
          "Width": 0.03844339773058891,
          "Height": 0.07296063750982285,
          "Left": 0.4654746651649475,
          "Top": 0.6356098651885986
        },
        "Polygon": [
          {
            "X": 0.4654746651649475,
            "Y": 0.6356635093688965
          },
          {
            "X": 0.5038594007492065,
            "Y": 0.6356098651885986
          },
          {
            "X": 0.5039180517196655,
            "Y": 0.7085184454917908
          },
          {
            "X": 0.46553394198417664,
            "Y": 0.7085704803466797
          }
        ]
      },
      "Id": "5f60bee1-8827-4ea9-8759-1a337970b246",
      "Page": 1
    },
    {
      "BlockType": "WORD",
      "Confidence": 99.96800994873047,
      "Text": "52",
      "TextType": "PRINTED",
      "Geometry": {
        "BoundingBox": {
          "Width": 0.025791451334953308,
          "Height": 0.07267274707555771,
          "Left": 0.6255856156349182,
          "Top": 0.6323318481445312
        },
        "Polygon": [
          {
            "X": 0.6255856156349182,
            "Y": 0.6323679089546204
          },
          {
            "X": 0.6513208150863647,
            "Y": 0.6323318481445312
          },
          {
            "X": 0.6513770222663879,
            "Y": 0.7049697041511536
          },
          {
            "X": 0.6256421804428101,
            "Y": 0.7050046324729919
          }
        ]
      },
      "Id": "ebc5d4f8-0b32-4890-aa22-da21b053bfd7",
      "Page": 1
    },
    {
      "BlockType": "WORD",
      "Confidence": 99.937744140625,
      "Text": "48",
      "TextType": "PRINTED",
      "Geometry": {
        "BoundingBox": {
          "Width": 0.02657119743525982,
          "Height": 0.07169483602046967,
          "Left": 0.8067892789840698,
          "Top": 0.628585159778595
        },
        "Polygon": [
          {
            "X": 0.8067892789840698,
            "Y": 0.62862229347229
          },
          {
            "X": 0.8333077430725098,
            "Y": 0.628585159778595
          },
          {
            "X": 0.8333604335784912,
            "Y": 0.7002439498901367
          },
          {
            "X": 0.8068423867225647,
            "Y": 0.7002800107002258
          }
        ]
      },
      "Id": "8c1a29ae-f70a-4296-8327-4e81f05bdcaf",
      "Page": 1
    },
    {
      "BlockType": "WORD",
      "Confidence": 99.9384536743164,
      "Text": "100",
      "TextType": "PRINTED",
      "Geometry": {
        "BoundingBox": {
          "Width": 0.038790784776210785,
          "Height": 0.075687937438488,
          "Left": 0.9298023581504822,
          "Top": 0.6228960156440735
        },
        "Polygon": [
          {
            "X": 0.9298023581504822,
            "Y": 0.6229504346847534
          },
          {
            "X": 0.9685397148132324,
            "Y": 0.6228960156440735
          },
          {
            "X": 0.968593180179596,
            "Y": 0.6985312700271606
          },
          {
            "X": 0.9298564791679382,
            "Y": 0.6985839605331421
          }
        ]
      },
      "Id": "b3526ed8-90a0-4cb8-b57d-d3568ffc74e7",
      "Page": 1
    },
    {
      "BlockType": "WORD",
      "Confidence": 99.91751861572266,
      "Text": "Note:",
      "TextType": "PRINTED",
      "Geometry": {
        "BoundingBox": {
          "Width": 0.04894552007317543,
          "Height": 0.06582615524530411,
          "Left": 0.016952212899923325,
          "Top": 0.7864545583724976
        },
        "Polygon": [
          {
            "X": 0.016952212899923325,
            "Y": 0.7865186333656311
          },
          {
            "X": 0.06583871692419052,
            "Y": 0.7864545583724976
          },
          {
            "X": 0.06589773297309875,
            "Y": 0.8522184491157532
          },
          {
            "X": 0.01701190322637558,
            "Y": 0.8522807359695435
          }
        ]
      },
      "Id": "a04234a0-6f16-403c-8b3f-04cfa9632543",
      "Page": 1
    },
    {
      "BlockType": "WORD",
      "Confidence": 99.9666748046875,
      "Text": "Seven",
      "TextType": "PRINTED",
      "Geometry": {
        "BoundingBox": {
          "Width": 0.05522948130965233,
          "Height": 0.0666036382317543,
          "Left": 0.07471732050180435,
          "Top": 0.7852847576141357
        },
        "Polygon": [
          {
            "X": 0.07471732050180435,
            "Y": 0.7853571176528931
          },
          {
            "X": 0.12988799810409546,
            "Y": 0.7852847576141357
          },
          {
            "X": 0.12994679808616638,
            "Y": 0.8518181443214417
          },
          {
            "X": 0.07477690279483795,
            "Y": 0.8518884181976318
          }
        ]
      },
      "Id": "d8feacfe-ffcd-4518-a551-4814f0bc366c",
      "Page": 1
    },
    {
      "BlockType": "WORD",
      "Confidence": 99.979248046875,
      "Text": "rooms",
      "TextType": "PRINTED",
      "Geometry": {
        "BoundingBox": {
          "Width": 0.0613694041967392,
          "Height": 0.047735393047332764,
          "Left": 0.1389806866645813,
          "Top": 0.8030596971511841
        },
        "Polygon": [
          {
            "X": 0.1389806866645813,
            "Y": 0.8031395077705383
          },
          {
            "X": 0.2003086805343628,
            "Y": 0.8030596971511841
          },
          {
            "X": 0.2003500908613205,
            "Y": 0.8507170081138611
          },
          {
            "X": 0.13902270793914795,
            "Y": 0.8507950901985168
          }
        ]
      },
      "Id": "54792394-be58-4a98-8cbf-4a5d3ee68dbe",
      "Page": 1
    },
    {
      "BlockType": "WORD",
      "Confidence": 99.98710632324219,
      "Text": "had",
      "TextType": "PRINTED",
      "Geometry": {
        "BoundingBox": {
          "Width": 0.03567271679639816,
          "Height": 0.06929033249616623,
          "Left": 0.20851761102676392,
          "Top": 0.7800031304359436
        },
        "Polygon": [
          {
            "X": 0.20851761102676392,
            "Y": 0.7800499200820923
          },
          {
            "X": 0.24413079023361206,
            "Y": 0.7800031304359436
          },
          {
            "X": 0.24419032037258148,
            "Y": 0.8492480516433716
          },
          {
            "X": 0.20857766270637512,
            "Y": 0.8492934703826904
          }
        ]
      },
      "Id": "a77e0c6f-970b-4e1c-9803-7e574c7c2c6e",
      "Page": 1
    },
    {
      "BlockType": "WORD",
      "Confidence": 99.90531158447266,
      "Text": "identical",
      "TextType": "PRINTED",
      "Geometry": {
        "BoundingBox": {
          "Width": 0.08290105313062668,
          "Height": 0.06814403831958771,
          "Left": 0.25239598751068115,
          "Top": 0.7795347571372986
        },
        "Polygon": [
          {
            "X": 0.25239598751068115,
            "Y": 0.7796436548233032
          },
          {
            "X": 0.33523985743522644,
            "Y": 0.7795347571372986
          },
          {
            "X": 0.3352970480918884,
            "Y": 0.8475731015205383
          },
          {
            "X": 0.25245437026023865,
            "Y": 0.8476787805557251
          }
        ]
      },
      "Id": "8aa426e0-eefe-4216-9cb2-03c3f04a567d",
      "Page": 1
    },
    {
      "BlockType": "WORD",
      "Confidence": 99.97407531738281,
      "Text": "length",
      "TextType": "PRINTED",
      "Geometry": {
        "BoundingBox": {
          "Width": 0.06030186638236046,
          "Height": 0.08952157944440842,
          "Left": 0.34335359930992126,
          "Top": 0.7762286067008972
        },
        "Polygon": [
          {
            "X": 0.34335359930992126,
            "Y": 0.7763078808784485
          },
          {
            "X": 0.40358155965805054,
            "Y": 0.7762286067008972
          },
          {
            "X": 0.403655469417572,
            "Y": 0.8656740188598633
          },
          {
            "X": 0.3434286117553711,
            "Y": 0.8657501935958862
          }
        ]
      },
      "Id": "037c15c5-5ad8-41b3-b124-9d766ffcc2a8",
      "Page": 1
    },
    {
      "BlockType": "WORD",
      "Confidence": 99.99553680419922,
      "Text": "and",
      "TextType": "PRINTED",
      "Geometry": {
        "BoundingBox": {
          "Width": 0.03664899244904518,
          "Height": 0.07007594406604767,
          "Left": 0.4117007851600647,
          "Top": 0.7756660580635071
        },
        "Polygon": [
          {
            "X": 0.4117007851600647,
            "Y": 0.7757142782211304
          },
          {
            "X": 0.4482925832271576,
            "Y": 0.7756660580635071
          },
          {
            "X": 0.4483497738838196,
            "Y": 0.8456953167915344
          },
          {
            "X": 0.41175851225852966,
            "Y": 0.8457420468330383
          }
        ]
      },
      "Id": "ba14d4e8-e60d-4ffd-b2ff-5696f0127da7",
      "Page": 1
    },
    {
      "BlockType": "WORD",
      "Confidence": 99.98776245117188,
      "Text": "width",
      "TextType": "PRINTED",
      "Geometry": {
        "BoundingBox": {
          "Width": 0.056255992501974106,
          "Height": 0.06961743533611298,
          "Left": 0.4565516412258148,
          "Top": 0.7750107049942017
        },
        "Polygon": [
          {
            "X": 0.4565516412258148,
            "Y": 0.7750846743583679
          },
          {
            "X": 0.5127517580986023,
            "Y": 0.7750107049942017
          },
          {
            "X": 0.5128076076507568,
            "Y": 0.8445563316345215
          },
          {
            "X": 0.45660829544067383,
            "Y": 0.844628095626831
          }
        ]
      },
      "Id": "ec2a6f5c-f789-4bb9-9988-2f922d833080",
      "Page": 1
    },
    {
      "BlockType": "WORD",
      "Confidence": 99.7208023071289,
      "Text": "measurements",
      "TextType": "PRINTED",
      "Geometry": {
        "BoundingBox": {
          "Width": 0.13947336375713348,
          "Height": 0.058911990374326706,
          "Left": 0.5214808583259583,
          "Top": 0.7840197682380676
        },
        "Polygon": [
          {
            "X": 0.5214808583259583,
            "Y": 0.7842026352882385
          },
          {
            "X": 0.6609088778495789,
            "Y": 0.7840197682380676
          },
          {
            "X": 0.6609541773796082,
            "Y": 0.842753529548645
          },
          {
            "X": 0.521527886390686,
            "Y": 0.8429317474365234
          }
        ]
      },
      "Id": "f69b3a47-3a00-46e1-814b-a5e19c8df938",
      "Page": 1
    },
    {
      "BlockType": "WORD",
      "Confidence": 99.9922103881836,
      "Text": "and",
      "TextType": "PRINTED",
      "Geometry": {
        "BoundingBox": {
          "Width": 0.036876048892736435,
          "Height": 0.070219486951828,
          "Left": 0.6686370372772217,
          "Top": 0.7695199847221375
        },
        "Polygon": [
          {
            "X": 0.6686370372772217,
            "Y": 0.7695685625076294
          },
          {
            "X": 0.7054595947265625,
            "Y": 0.7695199847221375
          },
          {
            "X": 0.7055131196975708,
            "Y": 0.8396923542022705
          },
          {
            "X": 0.668691098690033,
            "Y": 0.8397394418716431
          }
        ]
      },
      "Id": "5947ffd1-23e9-4efd-8a9e-25b1717d6edd",
      "Page": 1
    },
    {
      "BlockType": "WORD",
      "Confidence": 99.9707260131836,
      "Text": "could",
      "TextType": "PRINTED",
      "Geometry": {
        "BoundingBox": {
          "Width": 0.05418440327048302,
          "Height": 0.07091151922941208,
          "Left": 0.7133367657661438,
          "Top": 0.7673211097717285
        },
        "Polygon": [
          {
            "X": 0.7133367657661438,
            "Y": 0.767392635345459
          },
          {
            "X": 0.7674680948257446,
            "Y": 0.7673211097717285
          },
          {
            "X": 0.7675211429595947,
            "Y": 0.8381633162498474
          },
          {
            "X": 0.7133906483650208,
            "Y": 0.8382326364517212
          }
        ]
      },
      "Id": "b2e7a7db-3839-4211-a887-4debc9ccd1ce",
      "Page": 1
    },
    {
      "BlockType": "WORD",
      "Confidence": 99.98291015625,
      "Text": "not",
      "TextType": "PRINTED",
      "Geometry": {
        "BoundingBox": {
          "Width": 0.033594440668821335,
          "Height": 0.05735824257135391,
          "Left": 0.7748405933380127,
          "Top": 0.7805835604667664
        },
        "Polygon": [
          {
            "X": 0.7748405933380127,
            "Y": 0.7806276679039001
          },
          {
            "X": 0.8083925843238831,
            "Y": 0.7805835604667664
          },
          {
            "X": 0.8084350228309631,
            "Y": 0.837898850440979
          },
          {
            "X": 0.7748834490776062,
            "Y": 0.8379418253898621
          }
        ]
      },
      "Id": "fde29d3b-35e0-409b-8477-06394821bad2",
      "Page": 1
    },
    {
      "BlockType": "WORD",
      "Confidence": 99.94589233398438,
      "Text": "be",
      "TextType": "PRINTED",
      "Geometry": {
        "BoundingBox": {
          "Width": 0.023265600204467773,
          "Height": 0.07011334598064423,
          "Left": 0.8150705099105835,
          "Top": 0.7670082449913025
        },
        "Polygon": [
          {
            "X": 0.8150705099105835,
            "Y": 0.767038881778717
          },
          {
            "X": 0.8382846117019653,
            "Y": 0.7670082449913025
          },
          {
            "X": 0.8383361101150513,
            "Y": 0.8370918035507202
          },
          {
            "X": 0.8151223063468933,
            "Y": 0.8371215462684631
          }
        ]
      },
      "Id": "db13311c-2cc5-4a87-a151-db97252119af",
      "Page": 1
    },
    {
      "BlockType": "WORD",
      "Confidence": 99.98617553710938,
      "Text": "measured",
      "TextType": "PRINTED",
      "Geometry": {
        "BoundingBox": {
          "Width": 0.09313137829303741,
          "Height": 0.07328227162361145,
          "Left": 0.8463366627693176,
          "Top": 0.7621587514877319
        },
        "Polygon": [
          {
            "X": 0.8463366627693176,
            "Y": 0.7622820138931274
          },
          {
            "X": 0.9394158720970154,
            "Y": 0.7621587514877319
          },
          {
            "X": 0.9394680261611938,
            "Y": 0.8353216648101807
          },
          {
            "X": 0.8463903069496155,
            "Y": 0.835440993309021
          }
        ]
      },
      "Id": "3a8b577a-3f18-4b66-85fc-8a46d6ebbdee",
      "Page": 1
    },
    {
      "BlockType": "WORD",
      "Confidence": 99.98853302001953,
      "Text": "for",
      "TextType": "PRINTED",
      "Geometry": {
        "BoundingBox": {
          "Width": 0.029351402074098587,
          "Height": 0.06940110772848129,
          "Left": 0.9470270872116089,
          "Top": 0.7640392780303955
        },
        "Polygon": [
          {
            "X": 0.9470270872116089,
            "Y": 0.7640780210494995
          },
          {
            "X": 0.9763295650482178,
            "Y": 0.7640392780303955
          },
          {
            "X": 0.9763785004615784,
            "Y": 0.8334028124809265
          },
          {
            "X": 0.9470764398574829,
            "Y": 0.833440363407135
          }
        ]
      },
      "Id": "0ace76f9-9fa5-4f8e-bbe2-8c9eeec52bad",
      "Page": 1
    },
    {
      "BlockType": "WORD",
      "Confidence": 98.24462890625,
      "Text": "orientation.",
      "TextType": "PRINTED",
      "Geometry": {
        "BoundingBox": {
          "Width": 0.11278589814901352,
          "Height": 0.06778892129659653,
          "Left": 0.01728697493672371,
          "Top": 0.8962405323982239
        },
        "Polygon": [
          {
            "X": 0.01728697493672371,
            "Y": 0.8963811993598938
          },
          {
            "X": 0.13001307845115662,
            "Y": 0.8962405323982239
          },
          {
            "X": 0.13007287681102753,
            "Y": 0.9638931751251221
          },
          {
            "X": 0.01734837517142296,
            "Y": 0.9640294313430786
          }
        ]
      },
      "Id": "c01eeda9-01d0-4b7a-a151-22bd6dc17d7a",
      "Page": 1
    },
    {
      "BlockType": "TABLE",
      "Confidence": 99.658203125,
      "Geometry": {
        "BoundingBox": {
          "Width": 0.9627402424812317,
          "Height": 0.4156177341938019,
          "Left": 0.015546664595603943,
          "Top": 0.33549079298973083
        },
        "Polygon": [
          {
            "X": 0.015546664595603943,
            "Y": 0.3370012640953064
          },
          {
            "X": 0.9779948592185974,
            "Y": 0.33549079298973083
          },
          {
            "X": 0.9782869219779968,
            "Y": 0.7498273253440857
          },
          {
            "X": 0.015922632068395615,
            "Y": 0.7511085271835327
          }
        ]
      },
      "Id": "1e5ec36a-5068-4920-947d-06aba946211d",
      "Relationships": [
        {
          "Type": "CHILD",
          "Ids": [
            "4c471ee4-4ee0-4d87-b35b-d4761c3a16cc",
            "328d7e21-60bf-43c5-bb82-2445790b6674",
            "a4a1ba0a-6fab-4f1c-8055-7d88d343c08d",
            "db043c66-1acf-4cfc-86fb-afa354e4d694",
            "ba143186-6740-48a6-b986-cd21fc77d40f",
            "664ca85d-a50f-4f08-a8e7-af5d7b2e5ab5",
            "3e558c4f-15ae-4635-b2b0-4de97242c509",
            "06d7baac-f7cc-4bab-9b98-6c6c0e8d1d78",
            "7c9ed602-7494-4ccc-9082-3bf4f49af76e",
            "e45b3bfd-472b-4c4e-95aa-cfd933736c80",
            "31b31d18-4562-4397-a49e-bdf4e11c7939",
            "0db087e6-d6ae-4331-8325-a0b9a9a48511",
            "121e8b9b-c304-420b-bbc2-38e0d49d2ddf",
            "e39acd30-d59e-4d5a-a4fc-8a7e9ac4f925",
            "5f58f1c4-fae3-4521-b61f-09e6669ec446",
            "9389e48c-5e50-4a7c-a96d-9264f2686fd1",
            "e1272ee9-0523-4ccc-a995-fd32e6d2dfdd",
            "92b8c50c-1a24-4d52-97f5-f43dbb959e5c",
            "b4dcdfa1-b232-4f58-b224-43c048da3332",
            "d5f3edac-6b1c-43c1-881f-2f668c0a178f",
            "ac299049-d2cd-4b1e-8791-9a83bbe66909"
          ]
        },
        {
          "Type": "TABLE_TITLE",
          "Ids": [
            "93168f3d-f4f0-449e-b341-8716c1d2c395"
          ]
        },
        {
          "Type": "TABLE_FOOTER",
          "Ids": [
            "7d7c1d78-debb-4697-802f-2661effb0db8"
          ]
        }
      ],
      "EntityTypes": [
        "STRUCTURED_TABLE"
      ],
      "Page": 1
    },
    {
      "BlockType": "CELL",
      "Confidence": 64.013671875,
      "RowIndex": 1,
      "ColumnIndex": 1,
      "RowSpan": 1,
      "ColumnSpan": 1,
      "Geometry": {
        "BoundingBox": {
          "Width": 0.08154501765966415,
          "Height": 0.14580026268959045,
          "Left": 0.015546664595603943,
          "Top": 0.33687350153923035
        },
        "Polygon": [
          {
            "X": 0.015546664595603943,
            "Y": 0.3370012640953064
          },
          {
            "X": 0.09696192294359207,
            "Y": 0.33687350153923035
          },
          {
            "X": 0.0970916822552681,
            "Y": 0.48255279660224915
          },
          {
            "X": 0.015678919851779938,
            "Y": 0.4826737642288208
          }
        ]
      },
      "Id": "4c471ee4-4ee0-4d87-b35b-d4761c3a16cc",
      "Page": 1
    },
    {
      "BlockType": "CELL",
      "Confidence": 86.03515625,
      "RowIndex": 1,
      "ColumnIndex": 2,
      "RowSpan": 1,
      "ColumnSpan": 1,
      "Geometry": {
        "BoundingBox": {
          "Width": 0.1373797506093979,
          "Height": 0.14589472115039825,
          "Left": 0.09696192294359207,
          "Top": 0.3366580903530121
        },
        "Polygon": [
          {
            "X": 0.09696192294359207,
            "Y": 0.33687350153923035
          },
          {
            "X": 0.2342161238193512,
            "Y": 0.3366580903530121
          },
          {
            "X": 0.23434168100357056,
            "Y": 0.48234888911247253
          },
          {
            "X": 0.0970916822552681,
            "Y": 0.48255279660224915
          }
        ]
      },
      "Id": "328d7e21-60bf-43c5-bb82-2445790b6674",
      "Relationships": [
        {
          "Type": "CHILD",
          "Ids": [
            "e773bd96-9e04-4823-9e6f-b25f5849cfcd"
          ]
        }
      ],
      "EntityTypes": [
        "COLUMN_HEADER"
      ],
      "Page": 1
    },
    {
      "BlockType": "CELL",
      "Confidence": 91.943359375,
      "RowIndex": 1,
      "ColumnIndex": 3,
      "RowSpan": 1,
      "ColumnSpan": 1,
      "Geometry": {
        "BoundingBox": {
          "Width": 0.19102483987808228,
          "Height": 0.14599043130874634,
          "Left": 0.2342161238193512,
          "Top": 0.3363584876060486
        },
        "Polygon": [
          {
            "X": 0.2342161238193512,
            "Y": 0.3366580903530121
          },
          {
            "X": 0.4251212477684021,
            "Y": 0.3363584876060486
          },
          {
            "X": 0.42524096369743347,
            "Y": 0.4820652902126312
          },
          {
            "X": 0.23434168100357056,
            "Y": 0.48234888911247253
          }
        ]
      },
      "Id": "a4a1ba0a-6fab-4f1c-8055-7d88d343c08d",
      "Relationships": [
        {
          "Type": "CHILD",
          "Ids": [
            "cb3bbb79-ddc7-4d12-9b94-5cebaf83b065"
          ]
        }
      ],
      "EntityTypes": [
        "COLUMN_HEADER"
      ],
      "Page": 1
    },
    {
      "BlockType": "CELL",
      "Confidence": 83.349609375,
      "RowIndex": 1,
      "ColumnIndex": 4,
      "RowSpan": 1,
      "ColumnSpan": 1,
      "Geometry": {
        "BoundingBox": {
          "Width": 0.11596666276454926,
          "Height": 0.14588864147663116,
          "Left": 0.4251212477684021,
          "Top": 0.33617666363716125
        },
        "Polygon": [
          {
            "X": 0.4251212477684021,
            "Y": 0.3363584876060486
          },
          {
            "X": 0.5409717559814453,
            "Y": 0.33617666363716125
          },
          {
            "X": 0.5410879254341125,
            "Y": 0.4818931818008423
          },
          {
            "X": 0.42524096369743347,
            "Y": 0.4820652902126312
          }
        ]
      },
      "Id": "db043c66-1acf-4cfc-86fb-afa354e4d694",
      "Relationships": [
        {
          "Type": "CHILD",
          "Ids": [
            "17f96e9a-90c8-48c5-b8f3-2d8414cd995c"
          ]
        }
      ],
      "EntityTypes": [
        "COLUMN_HEADER"
      ],
      "Page": 1
    },
    {
      "BlockType": "CELL",
      "Confidence": 91.50390625,
      "RowIndex": 1,
      "ColumnIndex": 5,
      "RowSpan": 1,
      "ColumnSpan": 1,
      "Geometry": {
        "BoundingBox": {
          "Width": 0.19752059876918793,
          "Height": 0.1460263431072235,
          "Left": 0.5409717559814453,
          "Top": 0.3358668386936188
        },
        "Polygon": [
          {
            "X": 0.5409717559814453,
            "Y": 0.33617666363716125
          },
          {
            "X": 0.7383822798728943,
            "Y": 0.3358668386936188
          },
          {
            "X": 0.7384923696517944,
            "Y": 0.48159992694854736
          },
          {
            "X": 0.5410879254341125,
            "Y": 0.4818931818008423
          }
        ]
      },
      "Id": "ba143186-6740-48a6-b986-cd21fc77d40f",
      "Relationships": [
        {
          "Type": "CHILD",
          "Ids": [
            "7d51a757-fbf1-45cf-9530-f6f98cc04ea9"
          ]
        }
      ],
      "EntityTypes": [
        "COLUMN_HEADER"
      ],
      "Page": 1
    },
    {
      "BlockType": "CELL",
      "Confidence": 88.916015625,
      "RowIndex": 1,
      "ColumnIndex": 6,
      "RowSpan": 1,
      "ColumnSpan": 1,
      "Geometry": {
        "BoundingBox": {
          "Width": 0.15892444550991058,
          "Height": 0.14598232507705688,
          "Left": 0.7383822798728943,
          "Top": 0.3356175720691681
        },
        "Polygon": [
          {
            "X": 0.7383822798728943,
            "Y": 0.3358668386936188
          },
          {
            "X": 0.8972014784812927,
            "Y": 0.3356175720691681
          },
          {
            "X": 0.8973066806793213,
            "Y": 0.481363981962204
          },
          {
            "X": 0.7384923696517944,
            "Y": 0.48159992694854736
          }
        ]
      },
      "Id": "664ca85d-a50f-4f08-a8e7-af5d7b2e5ab5",
      "Relationships": [
        {
          "Type": "CHILD",
          "Ids": [
            "46d8b2ab-93ca-48a8-baeb-c46abc6ac48e"
          ]
        }
      ],
      "EntityTypes": [
        "COLUMN_HEADER"
      ],
      "Page": 1
    },
    {
      "BlockType": "CELL",
      "Confidence": 79.345703125,
      "RowIndex": 1,
      "ColumnIndex": 7,
      "RowSpan": 1,
      "ColumnSpan": 1,
      "Geometry": {
        "BoundingBox": {
          "Width": 0.08089610934257507,
          "Height": 0.14587318897247314,
          "Left": 0.8972014784812927,
          "Top": 0.33549079298973083
        },
        "Polygon": [
          {
            "X": 0.8972014784812927,
            "Y": 0.3356175720691681
          },
          {
            "X": 0.9779948592185974,
            "Y": 0.33549079298973083
          },
          {
            "X": 0.9780976176261902,
            "Y": 0.48124393820762634
          },
          {
            "X": 0.8973066806793213,
            "Y": 0.481363981962204
          }
        ]
      },
      "Id": "3e558c4f-15ae-4635-b2b0-4de97242c509",
      "Relationships": [
        {
          "Type": "CHILD",
          "Ids": [
            "7b085ede-9aac-4c21-aa45-5992462e82b3"
          ]
        }
      ],
      "EntityTypes": [
        "COLUMN_HEADER"
      ],
      "Page": 1
    },
    {
      "BlockType": "CELL",
      "Confidence": 60.05859375,
      "RowIndex": 2,
      "ColumnIndex": 1,
      "RowSpan": 1,
      "ColumnSpan": 1,
      "Geometry": {
        "BoundingBox": {
          "Width": 0.08153001964092255,
          "Height": 0.13174951076507568,
          "Left": 0.015678919851779938,
          "Top": 0.48255279660224915
        },
        "Polygon": [
          {
            "X": 0.015678919851779938,
            "Y": 0.4826737642288208
          },
          {
            "X": 0.0970916822552681,
            "Y": 0.48255279660224915
          },
          {
            "X": 0.09720893949270248,
            "Y": 0.6141875386238098
          },
          {
            "X": 0.015798425301909447,
            "Y": 0.6143023371696472
          }
        ]
      },
      "Id": "06d7baac-f7cc-4bab-9b98-6c6c0e8d1d78",
      "Relationships": [
        {
          "Type": "CHILD",
          "Ids": [
            "2f3dbbcc-51bd-461b-905d-97cdb03908d4"
          ]
        }
      ],
      "Page": 1
    },
    {
      "BlockType": "CELL",
      "Confidence": 80.6640625,
      "RowIndex": 2,
      "ColumnIndex": 2,
      "RowSpan": 1,
      "ColumnSpan": 1,
      "Geometry": {
        "BoundingBox": {
          "Width": 0.13736344873905182,
          "Height": 0.1318386346101761,
          "Left": 0.0970916822552681,
          "Top": 0.48234888911247253
        },
        "Polygon": [
          {
            "X": 0.0970916822552681,
            "Y": 0.48255279660224915
          },
          {
            "X": 0.23434168100357056,
            "Y": 0.48234888911247253
          },
          {
            "X": 0.23445512354373932,
            "Y": 0.6139940023422241
          },
          {
            "X": 0.09720893949270248,
            "Y": 0.6141875386238098
          }
        ]
      },
      "Id": "7c9ed602-7494-4ccc-9082-3bf4f49af76e",
      "Relationships": [
        {
          "Type": "CHILD",
          "Ids": [
            "f8a461e0-4e22-421f-b979-4ebd2530d4aa"
          ]
        }
      ],
      "Page": 1
    },
    {
      "BlockType": "CELL",
      "Confidence": 86.23046875,
      "RowIndex": 2,
      "ColumnIndex": 3,
      "RowSpan": 1,
      "ColumnSpan": 1,
      "Geometry": {
        "BoundingBox": {
          "Width": 0.19100745022296906,
          "Height": 0.1319287270307541,
          "Left": 0.23434168100357056,
          "Top": 0.4820652902126312
        },
        "Polygon": [
          {
            "X": 0.23434168100357056,
            "Y": 0.48234888911247253
          },
          {
            "X": 0.42524096369743347,
            "Y": 0.4820652902126312
          },
          {
            "X": 0.4253491163253784,
            "Y": 0.6137248873710632
          },
          {
            "X": 0.23445512354373932,
            "Y": 0.6139940023422241
          }
        ]
      },
      "Id": "e45b3bfd-472b-4c4e-95aa-cfd933736c80",
      "Relationships": [
        {
          "Type": "CHILD",
          "Ids": [
            "9affe852-7ab6-4abd-b6d2-3ba2de73ccd7"
          ]
        }
      ],
      "Page": 1
    },
    {
      "BlockType": "CELL",
      "Confidence": 78.173828125,
      "RowIndex": 2,
      "ColumnIndex": 4,
      "RowSpan": 1,
      "ColumnSpan": 1,
      "Geometry": {
        "BoundingBox": {
          "Width": 0.11595191806554794,
          "Height": 0.13183169066905975,
          "Left": 0.42524096369743347,
          "Top": 0.4818931818008423
        },
        "Polygon": [
          {
            "X": 0.42524096369743347,
            "Y": 0.4820652902126312
          },
          {
            "X": 0.5410879254341125,
            "Y": 0.4818931818008423
          },
          {
            "X": 0.541192889213562,
            "Y": 0.6135615706443787
          },
          {
            "X": 0.4253491163253784,
            "Y": 0.6137248873710632
          }
        ]
      },
      "Id": "31b31d18-4562-4397-a49e-bdf4e11c7939",
      "Relationships": [
        {
          "Type": "CHILD",
          "Ids": [
            "2c8b8a2f-b33a-4af3-9c15-9cbfc6a73d91"
          ]
        }
      ],
      "Page": 1
    },
    {
      "BlockType": "CELL",
      "Confidence": 85.791015625,
      "RowIndex": 2,
      "ColumnIndex": 5,
      "RowSpan": 1,
      "ColumnSpan": 1,
      "Geometry": {
        "BoundingBox": {
          "Width": 0.197503924369812,
          "Height": 0.1319616287946701,
          "Left": 0.5410879254341125,
          "Top": 0.48159992694854736
        },
        "Polygon": [
          {
            "X": 0.5410879254341125,
            "Y": 0.4818931818008423
          },
          {
            "X": 0.7384923696517944,
            "Y": 0.48159992694854736
          },
          {
            "X": 0.7385918498039246,
            "Y": 0.6132832169532776
          },
          {
            "X": 0.541192889213562,
            "Y": 0.6135615706443787
          }
        ]
      },
      "Id": "0db087e6-d6ae-4331-8325-a0b9a9a48511",
      "Relationships": [
        {
          "Type": "CHILD",
          "Ids": [
            "08f49ed9-1878-435a-9332-cde963a06650"
          ]
        }
      ],
      "Page": 1
    },
    {
      "BlockType": "CELL",
      "Confidence": 83.3984375,
      "RowIndex": 2,
      "ColumnIndex": 6,
      "RowSpan": 1,
      "ColumnSpan": 1,
      "Geometry": {
        "BoundingBox": {
          "Width": 0.15890944004058838,
          "Height": 0.1319192498922348,
          "Left": 0.7384923696517944,
          "Top": 0.481363981962204
        },
        "Polygon": [
          {
            "X": 0.7384923696517944,
            "Y": 0.48159992694854736
          },
          {
            "X": 0.8973066806793213,
            "Y": 0.481363981962204
          },
          {
            "X": 0.8974018096923828,
            "Y": 0.6130592823028564
          },
          {
            "X": 0.7385918498039246,
            "Y": 0.6132832169532776
          }
        ]
      },
      "Id": "121e8b9b-c304-420b-bbc2-38e0d49d2ddf",
      "Relationships": [
        {
          "Type": "CHILD",
          "Ids": [
            "4dce4cf2-5fbd-4f04-a482-00dc393bf1ac"
          ]
        }
      ],
      "Page": 1
    },
    {
      "BlockType": "CELL",
      "Confidence": 74.4140625,
      "RowIndex": 2,
      "ColumnIndex": 7,
      "RowSpan": 1,
      "ColumnSpan": 1,
      "Geometry": {
        "BoundingBox": {
          "Width": 0.08088372647762299,
          "Height": 0.1318153589963913,
          "Left": 0.8973066806793213,
          "Top": 0.48124393820762634
        },
        "Polygon": [
          {
            "X": 0.8973066806793213,
            "Y": 0.481363981962204
          },
          {
            "X": 0.9780976176261902,
            "Y": 0.48124393820762634
          },
          {
            "X": 0.9781904220581055,
            "Y": 0.6129453778266907
          },
          {
            "X": 0.8974018096923828,
            "Y": 0.6130592823028564
          }
        ]
      },
      "Id": "e39acd30-d59e-4d5a-a4fc-8a7e9ac4f925",
      "Relationships": [
        {
          "Type": "CHILD",
          "Ids": [
            "04028bd4-7174-4197-8672-49d7ec22a0be"
          ]
        }
      ],
      "Page": 1
    },
    {
      "BlockType": "CELL",
      "Confidence": 62.109375,
      "RowIndex": 3,
      "ColumnIndex": 1,
      "RowSpan": 1,
      "ColumnSpan": 1,
      "Geometry": {
        "BoundingBox": {
          "Width": 0.08153237402439117,
          "Height": 0.1369209885597229,
          "Left": 0.015798425301909447,
          "Top": 0.6141875386238098
        },
        "Polygon": [
          {
            "X": 0.015798425301909447,
            "Y": 0.6143023371696472
          },
          {
            "X": 0.09720893949270248,
            "Y": 0.6141875386238098
          },
          {
            "X": 0.09733080118894577,
            "Y": 0.751000165939331
          },
          {
            "X": 0.015922632068395615,
            "Y": 0.7511085271835327
          }
        ]
      },
      "Id": "5f58f1c4-fae3-4521-b61f-09e6669ec446",
      "Relationships": [
        {
          "Type": "CHILD",
          "Ids": [
            "e5ff10d8-4961-4c61-8d2e-458cb97a6056"
          ]
        }
      ],
      "Page": 1
    },
    {
      "BlockType": "CELL",
      "Confidence": 83.49609375,
      "RowIndex": 3,
      "ColumnIndex": 2,
      "RowSpan": 1,
      "ColumnSpan": 1,
      "Geometry": {
        "BoundingBox": {
          "Width": 0.13736410439014435,
          "Height": 0.13700611889362335,
          "Left": 0.09720893949270248,
          "Top": 0.6139940023422241
        },
        "Polygon": [
          {
            "X": 0.09720893949270248,
            "Y": 0.6141875386238098
          },
          {
            "X": 0.23445512354373932,
            "Y": 0.6139940023422241
          },
          {
            "X": 0.23457303643226624,
            "Y": 0.7508174180984497
          },
          {
            "X": 0.09733080118894577,
            "Y": 0.751000165939331
          }
        ]
      },
      "Id": "9389e48c-5e50-4a7c-a96d-9264f2686fd1",
      "Relationships": [
        {
          "Type": "CHILD",
          "Ids": [
            "330ee2f8-ccc5-46b1-b4a9-ce9a9b073f4f"
          ]
        }
      ],
      "Page": 1
    },
    {
      "BlockType": "CELL",
      "Confidence": 89.2578125,
      "RowIndex": 3,
      "ColumnIndex": 3,
      "RowSpan": 1,
      "ColumnSpan": 1,
      "Geometry": {
        "BoundingBox": {
          "Width": 0.19100642204284668,
          "Height": 0.13709256052970886,
          "Left": 0.23445512354373932,
          "Top": 0.6137248873710632
        },
        "Polygon": [
          {
            "X": 0.23445512354373932,
            "Y": 0.6139940023422241
          },
          {
            "X": 0.4253491163253784,
            "Y": 0.6137248873710632
          },
          {
            "X": 0.4254615306854248,
            "Y": 0.7505633234977722
          },
          {
            "X": 0.23457303643226624,
            "Y": 0.7508174180984497
          }
        ]
      },
      "Id": "e1272ee9-0523-4ccc-a995-fd32e6d2dfdd",
      "Relationships": [
        {
          "Type": "CHILD",
          "Ids": [
            "f6bf34b6-d1e7-41b3-86bc-daaac29a6978"
          ]
        }
      ],
      "Page": 1
    },
    {
      "BlockType": "CELL",
      "Confidence": 80.908203125,
      "RowIndex": 3,
      "ColumnIndex": 4,
      "RowSpan": 1,
      "ColumnSpan": 1,
      "Geometry": {
        "BoundingBox": {
          "Width": 0.11595283448696136,
          "Height": 0.13700176775455475,
          "Left": 0.4253491163253784,
          "Top": 0.6135615706443787
        },
        "Polygon": [
          {
            "X": 0.4253491163253784,
            "Y": 0.6137248873710632
          },
          {
            "X": 0.541192889213562,
            "Y": 0.6135615706443787
          },
          {
            "X": 0.541301965713501,
            "Y": 0.7504091262817383
          },
          {
            "X": 0.4254615306854248,
            "Y": 0.7505633234977722
          }
        ]
      },
      "Id": "92b8c50c-1a24-4d52-97f5-f43dbb959e5c",
      "Relationships": [
        {
          "Type": "CHILD",
          "Ids": [
            "5f60bee1-8827-4ea9-8759-1a337970b246"
          ]
        }
      ],
      "Page": 1
    },
    {
      "BlockType": "CELL",
      "Confidence": 88.76953125,
      "RowIndex": 3,
      "ColumnIndex": 5,
      "RowSpan": 1,
      "ColumnSpan": 1,
      "Geometry": {
        "BoundingBox": {
          "Width": 0.19750237464904785,
          "Height": 0.1371258795261383,
          "Left": 0.541192889213562,
          "Top": 0.6132832169532776
        },
        "Polygon": [
          {
            "X": 0.541192889213562,
            "Y": 0.6135615706443787
          },
          {
            "X": 0.7385918498039246,
            "Y": 0.6132832169532776
          },
          {
            "X": 0.7386952638626099,
            "Y": 0.7501463294029236
          },
          {
            "X": 0.541301965713501,
            "Y": 0.7504091262817383
          }
        ]
      },
      "Id": "b4dcdfa1-b232-4f58-b224-43c048da3332",
      "Relationships": [
        {
          "Type": "CHILD",
          "Ids": [
            "ebc5d4f8-0b32-4890-aa22-da21b053bfd7"
          ]
        }
      ],
      "Page": 1
    },
    {
      "BlockType": "CELL",
      "Confidence": 86.279296875,
      "RowIndex": 3,
      "ColumnIndex": 6,
      "RowSpan": 1,
      "ColumnSpan": 1,
      "Geometry": {
        "BoundingBox": {
          "Width": 0.15890876948833466,
          "Height": 0.13708700239658356,
          "Left": 0.7385918498039246,
          "Top": 0.6130592823028564
        },
        "Polygon": [
          {
            "X": 0.7385918498039246,
            "Y": 0.6132832169532776
          },
          {
            "X": 0.8974018096923828,
            "Y": 0.6130592823028564
          },
          {
            "X": 0.8975006341934204,
            "Y": 0.7499349117279053
          },
          {
            "X": 0.7386952638626099,
            "Y": 0.7501463294029236
          }
        ]
      },
      "Id": "d5f3edac-6b1c-43c1-881f-2f668c0a178f",
      "Relationships": [
        {
          "Type": "CHILD",
          "Ids": [
            "8c1a29ae-f70a-4296-8327-4e81f05bdcaf"
          ]
        }
      ],
      "Page": 1
    },
    {
      "BlockType": "CELL",
      "Confidence": 77.001953125,
      "RowIndex": 3,
      "ColumnIndex": 7,
      "RowSpan": 1,
      "ColumnSpan": 1,
      "Geometry": {
        "BoundingBox": {
          "Width": 0.0808851420879364,
          "Height": 0.1369895040988922,
          "Left": 0.8974018096923828,
          "Top": 0.6129453778266907
        },
        "Polygon": [
          {
            "X": 0.8974018096923828,
            "Y": 0.6130592823028564
          },
          {
            "X": 0.9781904220581055,
            "Y": 0.6129453778266907
          },
          {
            "X": 0.9782869219779968,
            "Y": 0.7498273253440857
          },
          {
            "X": 0.8975006341934204,
            "Y": 0.7499349117279053
          }
        ]
      },
      "Id": "ac299049-d2cd-4b1e-8791-9a83bbe66909",
      "Relationships": [
        {
          "Type": "CHILD",
          "Ids": [
            "b3526ed8-90a0-4cb8-b57d-d3568ffc74e7"
          ]
        }
      ],
      "Page": 1
    },
    {
      "BlockType": "TABLE_TITLE",
      "Confidence": 91.748046875,
      "Geometry": {
        "BoundingBox": {
          "Width": 0.9800449013710022,
          "Height": 0.3299398124217987,
          "Left": 0.015995342284440994,
          "Top": 0.001999103231355548
        },
        "Polygon": [
          {
            "X": 0.015995342284440994,
            "Y": 0.0037246232386678457
          },
          {
            "X": 0.9958099722862244,
            "Y": 0.001999103231355548
          },
          {
            "X": 0.9960402846336365,
            "Y": 0.33039844036102295
          },
          {
            "X": 0.016293274238705635,
            "Y": 0.3319389224052429
          }
        ]
      },
      "Id": "93168f3d-f4f0-449e-b341-8716c1d2c395",
      "Relationships": [
        {
          "Type": "CHILD",
          "Ids": [
            "9911a993-dd25-47da-8530-1cc92d587586",
            "e181db66-b82c-4f0c-9f1d-30302bd15569",
            "c909d2d3-0e96-4d66-831e-ac946e506338",
            "4e231127-3cc0-4379-94f0-09f049fb1374",
            "8c186435-26be-4030-8ee5-a01a98f68b57",
            "a63eda99-0ad7-4cd8-95c5-5f8d5f4effeb",
            "dd73bc3e-9d3f-45c8-bfe3-9743b342e368",
            "d02ae85b-4eee-41b4-8777-01d01827dabf",
            "5155b97e-6712-4ea1-aa4a-148bb2c43bb1",
            "4da861f0-bb53-4a58-9409-aefb3c473ee9"
          ]
        }
      ],
      "Page": 1
    },
    {
      "BlockType": "TABLE_FOOTER",
      "Confidence": 97.802734375,
      "Geometry": {
        "BoundingBox": {
          "Width": 0.9620568156242371,
          "Height": 0.10456887632608414,
          "Left": 0.014809869229793549,
          "Top": 0.7651931047439575
        },
        "Polygon": [
          {
            "X": 0.014809869229793549,
            "Y": 0.7664653062820435
          },
          {
            "X": 0.9767938256263733,
            "Y": 0.7651931047439575
          },
          {
            "X": 0.9768667221069336,
            "Y": 0.8685469627380371
          },
          {
            "X": 0.014903676696121693,
            "Y": 0.8697620034217834
          }
        ]
      },
      "Id": "7d7c1d78-debb-4697-802f-2661effb0db8",
      "Relationships": [
        {
          "Type": "CHILD",
          "Ids": [
            "a04234a0-6f16-403c-8b3f-04cfa9632543",
            "d8feacfe-ffcd-4518-a551-4814f0bc366c",
            "54792394-be58-4a98-8cbf-4a5d3ee68dbe",
            "a77e0c6f-970b-4e1c-9803-7e574c7c2c6e",
            "8aa426e0-eefe-4216-9cb2-03c3f04a567d",
            "037c15c5-5ad8-41b3-b124-9d766ffcc2a8",
            "ba14d4e8-e60d-4ffd-b2ff-5696f0127da7",
            "ec2a6f5c-f789-4bb9-9988-2f922d833080",
            "f69b3a47-3a00-46e1-814b-a5e19c8df938",
            "5947ffd1-23e9-4efd-8a9e-25b1717d6edd",
            "b2e7a7db-3839-4211-a887-4debc9ccd1ce",
            "fde29d3b-35e0-409b-8477-06394821bad2",
            "db13311c-2cc5-4a87-a151-db97252119af",
            "3a8b577a-3f18-4b66-85fc-8a46d6ebbdee",
            "0ace76f9-9fa5-4f8e-bbe2-8c9eeec52bad"
          ]
        }
      ],
      "Page": 1
    }
  ],
  "AnalyzeDocumentModelVersion": "1.0"
}